Date Time,Delta Waves,Theta Waves,Low Alpha Waves,High Alpha Waves,Low Beta Waves,High Beta Waves,Low Gamma Waves,High Gamma Waves,Attention,Meditation,Theta_Beta_Ratio,Alpha_Beta_Ratio,Delta_AB_Ratio,Total_Power,Session_Date,Label
2026-02-11 14:15:08.737,24.0,1.0,0.0,1.0,0.0,0.0,0.0,0.0,0.0,0.0,1000000.0,1000000.0,23.999976000024,26.0,2026-02-11,1
2026-02-11 14:15:09.743,0.0,1.0,17.0,2.0,0.0,0.0,0.0,0.0,0.0,0.0,1000000.0,3000000.0,0.0,20.0,2026-02-11,1
2026-02-11 14:15:10.754,1.0,2.0,9.0,1.0,0.0,1.0,0.0,0.0,0.0,0.0,1.999998000002,9.99999000001,0.0909090826446288,14.0,2026-02-11,0
2026-02-11 14:15:11.768,0.0,5.0,4.0,4.0,1.0,1.0,0.0,0.0,48.0,30.0,2.499998750000625,3.999998000001,0.0,15.0,2026-02-11,0
2026-02-11 14:15:12.784,1.0,6.0,0.0,1.0,0.0,0.0,0.0,0.0,51.0,13.0,3000000.0,1000000.0,0.999999000001,8.0,2026-02-11,1
2026-02-11 14:15:13.798,100.0,19.0,10.0,15.0,3.0,1.0,1.0,0.0,50.0,7.0,4.749998812500297,6.24999843750039,3.448275743162905,149.0,2026-02-11,1
2026-02-11 14:15:16.837,11.0,2.0,2.0,0.0,0.0,0.0,0.0,0.0,48.0,1.0,2000000.0,2000000.0,5.499997250001375,15.0,2026-02-11,1
2026-02-11 14:15:17.852,2.0,7.0,13.0,13.0,2.0,0.0,1.0,0.0,40.0,8.0,3.499998250000875,12.99999350000325,0.0714285688775511,38.0,2026-02-11,1
2026-02-11 14:15:18.855,0.0,3.0,4.0,2.0,0.0,1.0,0.0,0.0,50.0,20.0,2.9999970000030003,5.999994000006001,0.0,10.0,2026-02-11,1
2026-02-11 14:15:19.858,1.0,9.0,5.0,12.0,1.0,2.0,0.0,1.0,57.0,21.0,2.9999990000003334,5.666664777778407,0.0499999975000001,31.0,2026-02-11,1
2026-02-11 14:15:20.860,1.0,4.0,12.0,4.0,1.0,0.0,1.0,0.0,63.0,26.0,3.999996000004,15.999984000016,0.0588235259515572,23.0,2026-02-11,1
2026-02-11 14:15:21.866,1.0,3.0,8.0,7.0,1.0,1.0,1.0,0.0,69.0,23.0,1.499999250000375,7.499996250001875,0.0588235259515572,22.0,2026-02-11,0
2026-02-11 14:15:22.870,0.0,9.0,8.0,1.0,0.0,1.0,1.0,0.0,63.0,20.0,8.999991000009,8.999991000009,0.0,20.0,2026-02-11,1
2026-02-11 14:15:23.877,2.0,16.0,36.0,10.0,4.0,0.0,1.0,0.0,50.0,23.0,3.99999900000025,11.499997125000718,0.0399999992,69.0,2026-02-11,1
2026-02-11 14:15:24.890,2.0,13.0,70.0,12.0,2.0,2.0,1.0,0.0,50.0,30.0,3.2499991875002032,20.49999487500128,0.0232558136830719,102.0,2026-02-11,1
2026-02-11 14:15:25.893,1.0,7.0,11.0,21.0,2.0,1.0,1.0,0.0,41.0,35.0,2.333332555555814,10.666663111112296,0.028571427755102,44.0,2026-02-11,0
2026-02-11 14:15:26.902,0.0,22.0,7.0,13.0,1.0,0.0,0.0,0.0,29.0,40.0,21.999978000022,19.999980000020003,0.0,43.0,2026-02-11,1
2026-02-11 14:15:27.916,0.0,15.0,10.0,12.0,1.0,2.0,0.0,0.0,41.0,35.0,4.999998333333888,7.333330888889703,0.0,40.0,2026-02-11,1
2026-02-11 14:15:28.922,2.0,15.0,78.0,15.0,2.0,1.0,1.0,0.0,37.0,35.0,4.999998333333888,30.99998966667011,0.0208333331163194,114.0,2026-02-11,1
2026-02-11 14:15:29.942,1.0,4.0,25.0,20.0,2.0,1.0,1.0,0.0,40.0,40.0,1.333332888889037,14.999995000001666,0.0208333328993055,54.0,2026-02-11,0
2026-02-11 14:15:30.951,1.0,9.0,7.0,37.0,3.0,0.0,0.0,0.0,29.0,53.0,2.9999990000003334,14.666661777779408,0.0212765952919873,57.0,2026-02-11,1
2026-02-11 14:15:31.966,33.0,13.0,9.0,3.0,2.0,1.0,1.0,0.0,26.0,48.0,4.33333188888937,3.999998666667111,2.199999853333343,62.0,2026-02-11,1
2026-02-11 14:15:32.987,1.0,9.0,5.0,5.0,0.0,1.0,0.0,0.0,35.0,34.0,8.999991000009,9.99999000001,0.0909090826446288,21.0,2026-02-11,1
2026-02-11 14:15:33.998,3.0,7.0,1.0,9.0,0.0,1.0,1.0,0.0,38.0,21.0,6.9999930000070005,9.99999000001,0.2727272479338866,22.0,2026-02-11,1
2026-02-11 14:15:35.009,2.0,16.0,37.0,13.0,1.0,1.0,0.0,1.0,51.0,16.0,7.999996000002,24.99998750000625,0.0384615377218935,71.0,2026-02-11,1
2026-02-11 14:15:36.024,1.0,12.0,37.0,22.0,2.0,0.0,1.0,0.0,43.0,34.0,5.9999970000015,29.499985250007374,0.0163934423542058,75.0,2026-02-11,1
2026-02-11 14:15:37.040,2.0,4.0,2.0,3.0,1.0,0.0,0.0,0.0,37.0,34.0,3.999996000004,4.999995000005001,0.333333277777787,12.0,2026-02-11,1
2026-02-11 14:15:38.042,2.0,19.0,25.0,2.0,2.0,3.0,1.0,0.0,37.0,27.0,3.799999240000152,5.399998920000216,0.062499998046875,54.0,2026-02-11,0
2026-02-11 14:15:39.054,5.0,10.0,5.0,10.0,1.0,1.0,1.0,0.0,44.0,21.0,4.99999750000125,7.499996250001875,0.2941176297577865,33.0,2026-02-11,1
2026-02-11 14:15:40.084,36.0,4.0,9.0,1.0,0.0,0.0,0.0,0.0,53.0,13.0,3000000.0,3000000.0,3.5999996400000365,50.0,2026-02-11,1
2026-02-11 14:15:41.097,16.0,56.0,52.0,37.0,5.0,2.0,1.0,0.0,47.0,17.0,7.99999885714302,12.714283897959444,0.1666666649305555,169.0,2026-02-11,1
2026-02-11 14:15:42.111,1.0,6.0,26.0,24.0,3.0,1.0,0.0,0.0,38.0,34.0,1.4999996250000938,12.49999687500078,0.0185185181755829,61.0,2026-02-11,0
2026-02-11 14:15:43.135,1.0,6.0,26.0,24.0,3.0,1.0,0.0,0.0,38.0,34.0,1.4999996250000938,12.49999687500078,0.0185185181755829,61.0,2026-02-11,0
2026-02-11 14:15:44.145,3.0,2.0,3.0,2.0,0.0,0.0,0.0,0.0,53.0,35.0,2000000.0,3000000.0,0.599999880000024,10.0,2026-02-11,0
2026-02-11 14:15:45.159,1.0,24.0,10.0,4.0,1.0,2.0,1.0,1.0,51.0,24.0,7.999997333334222,4.666665111111629,0.0588235259515572,44.0,2026-02-11,1
2026-02-11 14:15:46.175,8.0,6.0,61.0,31.0,3.0,0.0,1.0,0.0,41.0,34.0,1.9999993333335555,30.66665644444785,0.0842105254293628,110.0,2026-02-11,1
2026-02-11 14:15:47.185,0.0,7.0,59.0,6.0,2.0,2.0,0.0,0.0,44.0,40.0,1.7499995625001092,16.249995937501016,0.0,76.0,2026-02-11,0
2026-02-11 14:15:48.197,2.0,29.0,7.0,2.0,3.0,0.0,0.0,0.0,24.0,26.0,9.666663444445518,2.9999990000003334,0.1666666527777789,43.0,2026-02-11,1
2026-02-11 14:15:49.198,1.0,6.0,4.0,10.0,0.0,2.0,1.0,4.0,35.0,38.0,2.99999850000075,6.99999650000175,0.0624999960937502,28.0,2026-02-11,1
2026-02-11 14:15:50.280,2.0,3.0,3.0,7.0,0.0,0.0,0.0,0.0,41.0,29.0,3000000.0,3000000.0,0.199999980000002,15.0,2026-02-11,1
2026-02-11 14:15:51.287,1.0,11.0,46.0,15.0,0.0,1.0,0.0,0.0,38.0,30.0,10.999989000011,60.999939000061005,0.0161290319979188,74.0,2026-02-11,1
2026-02-11 14:15:52.306,1.0,10.0,39.0,10.0,3.0,2.0,1.0,0.0,51.0,53.0,1.99999960000008,9.799998040000393,0.0185185181755829,66.0,2026-02-11,0
2026-02-11 14:15:53.308,2.0,5.0,30.0,3.0,1.0,0.0,1.0,0.0,40.0,61.0,4.999995000005001,32.999967000033,0.0588235276816609,42.0,2026-02-11,1
2026-02-11 14:15:54.323,4.0,1.0,1.0,0.0,0.0,0.0,0.0,0.0,48.0,48.0,1000000.0,1000000.0,3.999996000004,6.0,2026-02-11,1
2026-02-11 14:15:55.336,1.0,5.0,14.0,15.0,2.0,1.0,1.0,2.0,51.0,43.0,1.666666111111296,9.666663444445518,0.0312499990234375,41.0,2026-02-11,0
2026-02-11 14:15:56.341,0.0,7.0,12.0,5.0,1.0,0.0,1.0,0.0,48.0,40.0,6.9999930000070005,16.999983000017,0.0,26.0,2026-02-11,1
2026-02-11 14:15:57.348,4.0,19.0,40.0,9.0,2.0,0.0,2.0,1.0,41.0,35.0,9.499995250002376,24.499987750006124,0.0784313710111496,77.0,2026-02-11,1
2026-02-11 14:15:58.360,0.0,11.0,22.0,4.0,1.0,1.0,1.0,2.0,38.0,43.0,5.499997250001375,12.99999350000325,0.0,42.0,2026-02-11,1
2026-02-11 14:15:59.374,4.0,33.0,22.0,6.0,1.0,1.0,1.0,2.0,29.0,29.0,16.499991750004124,13.9999930000035,0.133333328888889,70.0,2026-02-11,1
2026-02-11 14:16:00.390,25.0,5.0,21.0,5.0,0.0,1.0,1.0,1.0,34.0,37.0,4.999995000005001,25.999974000026,0.9259258916323744,59.0,2026-02-11,1
2026-02-11 14:16:01.408,1.0,8.0,4.0,2.0,0.0,0.0,0.0,0.0,40.0,27.0,3000000.0,3000000.0,0.1666666388888935,15.0,2026-02-11,1
2026-02-11 14:16:02.420,3.0,13.0,5.0,1.0,1.0,3.0,1.0,0.0,50.0,11.0,3.2499991875002032,1.4999996250000938,0.299999970000003,27.0,2026-02-11,1
2026-02-11 14:16:03.437,1.0,9.0,8.0,9.0,0.0,1.0,2.0,2.0,56.0,20.0,8.999991000009,16.999983000017,0.0555555524691359,32.0,2026-02-11,1
2026-02-11 14:16:04.447,4.0,12.0,9.0,13.0,1.0,3.0,2.0,1.0,61.0,10.0,2.9999992500001875,5.499998625000344,0.1538461479289943,45.0,2026-02-11,1
2026-02-11 14:16:05.465,4.0,8.0,29.0,17.0,1.0,5.0,1.0,1.0,74.0,21.0,1.3333331111111482,7.666665388889101,0.076923075443787,66.0,2026-02-11,0
2026-02-11 14:16:06.471,0.0,12.0,17.0,6.0,1.0,0.0,1.0,0.0,60.0,37.0,11.999988000012,22.999977000023,0.0,37.0,2026-02-11,1
2026-02-11 14:16:07.507,6.0,7.0,24.0,27.0,1.0,2.0,2.0,1.0,63.0,47.0,2.333332555555814,16.99999433333522,0.1111111090534979,70.0,2026-02-11,1
2026-02-11 14:16:08.511,2.0,31.0,25.0,12.0,0.0,1.0,0.0,5.0,50.0,47.0,30.999969000031,36.999963000037006,0.0526315775623269,76.0,2026-02-11,1
2026-02-11 14:16:09.523,2.0,16.0,25.0,22.0,2.0,1.0,1.0,1.0,38.0,47.0,5.333331555556148,15.666661444446184,0.0399999992,70.0,2026-02-11,1
2026-02-11 16:34:53.296,1.0,9.0,12.0,1.0,9.0,13.0,2.0,4.0,93.0,57.0,0.4090908904958686,0.590909064049588,0.028571427755102,51.0,2026-02-11,0
2026-02-11 16:34:54.311,1.0,19.0,2.0,5.0,19.0,21.0,2.0,2.0,80.0,53.0,0.4749999881250003,0.1749999956250001,0.0212765952919873,71.0,2026-02-11,0
2026-02-11 16:34:55.323,2.0,7.0,21.0,3.0,12.0,11.0,2.0,1.0,77.0,56.0,0.3043478128544429,1.0434782155009472,0.0425531905839746,59.0,2026-02-11,0
2026-02-11 16:34:56.332,1.0,0.0,1.0,1.0,1.0,16.0,4.0,1.0,83.0,57.0,0.0,0.1176470519031145,0.0526315761772854,25.0,2026-02-11,0
2026-02-11 16:34:57.337,0.0,3.0,2.0,3.0,7.0,21.0,2.0,2.0,90.0,57.0,0.1071428533163266,0.1785714221938777,0.0,40.0,2026-02-11,0
2026-02-11 16:34:58.348,3.0,10.0,4.0,6.0,4.0,9.0,1.0,4.0,83.0,64.0,0.7692307100591762,0.7692307100591762,0.1304347769376184,41.0,2026-02-11,0
2026-02-11 16:34:59.350,1.0,8.0,10.0,1.0,7.0,8.0,8.0,1.0,78.0,61.0,0.5333332977777802,0.7333332844444478,0.0384615369822485,44.0,2026-02-11,0
2026-02-11 16:35:00.354,1.0,3.0,6.0,1.0,7.0,31.0,2.0,7.0,74.0,60.0,0.0789473663434903,0.1842105214681441,0.022222221728395,58.0,2026-02-11,0
2026-02-11 16:35:01.359,0.0,2.0,0.0,2.0,2.0,10.0,4.0,2.0,69.0,63.0,0.1666666527777789,0.1666666527777789,0.0,22.0,2026-02-11,0
2026-02-11 16:35:02.365,0.0,2.0,1.0,2.0,4.0,9.0,3.0,2.0,78.0,63.0,0.1538461420118352,0.2307692130177528,0.0,23.0,2026-02-11,0
2026-02-11 16:35:03.373,0.0,5.0,1.0,0.0,2.0,10.0,1.0,3.0,87.0,54.0,0.4166666319444473,0.0833333263888894,0.0,22.0,2026-02-11,0
2026-02-11 16:35:04.380,0.0,6.0,8.0,0.0,10.0,19.0,3.0,2.0,78.0,53.0,0.2068965445897743,0.2758620594530324,0.0,48.0,2026-02-11,0
2026-02-11 16:35:05.389,2.0,2.0,0.0,5.0,5.0,13.0,1.0,1.0,78.0,54.0,0.1111111049382719,0.2777777623456798,0.0869565179584122,29.0,2026-02-11,0
2026-02-11 16:35:06.397,1.0,7.0,7.0,2.0,4.0,11.0,3.0,3.0,74.0,54.0,0.4666666355555576,0.5999999600000027,0.0416666649305556,38.0,2026-02-11,0
2026-02-11 16:35:07.405,2.0,3.0,4.0,2.0,3.0,10.0,1.0,2.0,74.0,64.0,0.2307692130177528,0.4615384260355057,0.1052631523545709,27.0,2026-02-11,0
2026-02-11 16:35:08.413,1.0,3.0,3.0,6.0,4.0,22.0,2.0,1.0,75.0,74.0,0.1153846109467457,0.3461538328402372,0.028571427755102,42.0,2026-02-11,0
2026-02-11 16:35:09.422,3.0,7.0,5.0,2.0,3.0,7.0,1.0,3.0,66.0,67.0,0.699999930000007,0.699999930000007,0.1764705778546718,31.0,2026-02-11,0
2026-02-11 16:35:10.429,2.0,10.0,11.0,4.0,3.0,17.0,2.0,2.0,66.0,69.0,0.4999999750000012,0.7499999625000018,0.0571428555102041,51.0,2026-02-11,0
2026-02-11 16:35:11.437,20.0,8.0,3.0,1.0,4.0,10.0,2.0,3.0,63.0,63.0,0.5714285306122479,0.2857142653061239,1.1111110493827194,51.0,2026-02-11,0
2026-02-11 16:35:12.444,0.0,1.0,0.0,1.0,1.0,7.0,1.0,3.0,63.0,57.0,0.1249999843750019,0.1249999843750019,0.0,14.0,2026-02-11,0
2026-02-11 16:35:13.452,0.0,1.0,4.0,1.0,8.0,9.0,1.0,0.0,70.0,61.0,0.0588235259515572,0.2941176297577865,0.0,24.0,2026-02-11,0
2026-02-11 16:35:14.462,0.0,2.0,0.0,1.0,1.0,18.0,1.0,4.0,83.0,53.0,0.1052631523545709,0.0526315761772854,0.0,27.0,2026-02-11,0
2026-02-11 16:35:15.471,1.0,3.0,1.0,1.0,1.0,24.0,1.0,5.0,96.0,54.0,0.1199999952000001,0.0799999968000001,0.0370370356652949,37.0,2026-02-11,0
2026-02-11 16:35:16.484,5.0,28.0,26.0,15.0,38.0,84.0,8.0,13.0,94.0,54.0,0.2295081948400967,0.336065571015856,0.0306748464375776,217.0,2026-02-11,0
2026-02-11 16:35:17.488,64.0,86.0,50.0,22.0,24.0,61.0,11.0,15.0,84.0,51.0,1.0117646939792388,0.847058813564014,0.4076433095054566,333.0,2026-02-11,0
2026-02-11 16:35:18.495,86.0,69.0,38.0,5.0,13.0,21.0,9.0,5.0,61.0,51.0,2.029411705017303,1.2647058451557105,1.1168831023781416,246.0,2026-02-11,0
2026-02-11 16:35:19.503,100.0,11.0,10.0,2.0,16.0,12.0,6.0,3.0,47.0,51.0,0.3928571288265311,0.4285714132653067,2.499999937500002,160.0,2026-02-11,0
2026-02-11 16:35:20.509,2.0,5.0,0.0,3.0,9.0,14.0,10.0,7.0,47.0,50.0,0.2173912948960306,0.1304347769376184,0.0769230739644971,50.0,2026-02-11,0
2026-02-11 16:35:21.518,0.0,2.0,3.0,3.0,15.0,19.0,4.0,12.0,60.0,50.0,0.0588235276816609,0.1764705830449828,0.0,58.0,2026-02-11,0
2026-02-11 16:35:22.524,17.0,15.0,11.0,5.0,16.0,35.0,3.0,4.0,75.0,53.0,0.2941176412918109,0.3137254840445984,0.2537313394965472,106.0,2026-02-11,0
2026-02-11 16:35:23.531,4.0,1.0,2.0,1.0,4.0,7.0,0.0,2.0,81.0,57.0,0.0909090826446288,0.2727272479338866,0.2857142653061239,21.0,2026-02-11,0
2026-02-11 16:35:24.537,20.0,1.0,1.0,1.0,1.0,3.0,1.0,0.0,78.0,61.0,0.2499999375000156,0.4999998750000312,3.33333277777787,28.0,2026-02-11,0
2026-02-11 16:35:25.554,6.0,3.0,1.0,0.0,0.0,5.0,2.0,2.0,74.0,57.0,0.599999880000024,0.199999960000008,0.9999998333333612,19.0,2026-02-11,0
2026-02-11 16:35:26.568,0.0,3.0,2.0,2.0,6.0,15.0,3.0,7.0,77.0,61.0,0.142857136054422,0.1904761814058961,0.0,38.0,2026-02-11,0
2026-02-11 16:35:27.570,1.0,3.0,18.0,2.0,2.0,15.0,2.0,14.0,74.0,67.0,0.1764705778546718,1.176470519031146,0.0270270262965668,57.0,2026-02-11,0
2026-02-11 16:35:28.576,1.0,2.0,3.0,1.0,1.0,12.0,1.0,3.0,80.0,70.0,0.1538461420118352,0.3076922840236705,0.0588235259515572,24.0,2026-02-11,0
2026-02-11 16:35:29.609,0.0,1.0,1.0,0.0,2.0,9.0,1.0,2.0,87.0,70.0,0.0909090826446288,0.0909090826446288,0.0,16.0,2026-02-11,0
2026-02-11 16:35:30.618,0.0,2.0,3.0,0.0,2.0,9.0,2.0,2.0,87.0,67.0,0.1818181652892577,0.2727272479338866,0.0,20.0,2026-02-11,0
2026-02-11 16:35:31.633,0.0,4.0,8.0,3.0,8.0,8.0,3.0,6.0,84.0,63.0,0.2499999843750009,0.6874999570312527,0.0,40.0,2026-02-11,0
2026-02-11 16:35:32.635,0.0,3.0,0.0,1.0,4.0,6.0,3.0,6.0,78.0,56.0,0.299999970000003,0.099999990000001,0.0,23.0,2026-02-11,0
2026-02-11 16:35:33.650,0.0,1.0,4.0,1.0,6.0,22.0,1.0,5.0,81.0,60.0,0.0357142844387755,0.1785714221938777,0.0,40.0,2026-02-11,0
2026-02-11 16:35:34.692,1.0,1.0,8.0,1.0,2.0,23.0,3.0,3.0,84.0,67.0,0.0399999984,0.3599999856000005,0.0294117638408304,42.0,2026-02-11,0
2026-02-11 16:35:35.701,2.0,3.0,6.0,1.0,5.0,24.0,3.0,2.0,96.0,61.0,0.1034482722948871,0.2413793020214033,0.0555555540123457,46.0,2026-02-11,0
2026-02-11 16:35:36.706,0.0,6.0,10.0,1.0,4.0,9.0,4.0,6.0,93.0,66.0,0.4615384260355057,0.8461537810650938,0.0,40.0,2026-02-11,0
2026-02-11 16:35:37.721,2.0,11.0,4.0,3.0,14.0,57.0,1.0,2.0,91.0,60.0,0.154929575282682,0.0985915479071613,0.0256410253122945,94.0,2026-02-11,0
2026-02-11 16:35:38.727,0.0,9.0,1.0,2.0,5.0,51.0,3.0,3.0,91.0,47.0,0.1607142828443878,0.0535714276147959,0.0,74.0,2026-02-11,0
2026-02-11 16:35:39.736,2.0,14.0,9.0,1.0,9.0,22.0,3.0,2.0,81.0,41.0,0.4516128886576487,0.3225806347554634,0.04878048661511,62.0,2026-02-11,0
2026-02-11 16:35:40.742,10.0,15.0,0.0,1.0,3.0,12.0,7.0,2.0,81.0,26.0,0.9999999333333378,0.0666666622222225,0.6249999609375024,50.0,2026-02-11,0
2026-02-11 16:35:41.750,43.0,44.0,12.0,26.0,22.0,36.0,20.0,17.0,66.0,35.0,0.7586206765755056,0.6551724024970276,0.4479166620008681,220.0,2026-02-11,0
2026-02-11 16:35:42.756,13.0,31.0,92.0,25.0,55.0,46.0,16.0,100.0,50.0,48.0,0.3069306900303892,1.1584158301146947,0.0596330272493897,378.0,2026-02-11,0
2026-02-11 16:35:43.765,83.0,100.0,100.0,100.0,100.0,100.0,100.0,88.0,43.0,57.0,0.4999999975,0.999999995,0.20749999948125,771.0,2026-02-11,0
2026-02-11 16:35:44.773,60.0,20.0,2.0,12.0,18.0,39.0,17.0,6.0,47.0,69.0,0.350877186826716,0.2456140307787012,0.8450704106328112,174.0,2026-02-11,0
2026-02-11 16:35:45.789,8.0,7.0,2.0,2.0,14.0,20.0,1.0,3.0,56.0,63.0,0.2058823468858133,0.1176470553633219,0.2105263102493076,57.0,2026-02-11,0
2026-02-11 16:35:46.803,1.0,1.0,4.0,1.0,3.0,17.0,2.0,2.0,70.0,60.0,0.0499999975000001,0.2499999875000006,0.0399999984,31.0,2026-02-11,0
2026-02-11 16:35:47.811,1.0,2.0,0.0,1.0,8.0,10.0,0.0,2.0,87.0,48.0,0.1111111049382719,0.0555555524691359,0.0526315761772854,24.0,2026-02-11,0
2026-02-11 16:35:48.821,0.0,10.0,8.0,1.0,5.0,11.0,1.0,1.0,83.0,47.0,0.6249999609375024,0.5624999648437522,0.0,37.0,2026-02-11,0
2026-02-11 16:35:49.830,1.0,8.0,10.0,4.0,5.0,16.0,1.0,4.0,80.0,54.0,0.3809523628117922,0.6666666349206364,0.028571427755102,49.0,2026-02-11,0
2026-02-11 16:35:50.834,0.0,0.0,3.0,0.0,2.0,19.0,1.0,1.0,83.0,53.0,0.0,0.142857136054422,0.0,26.0,2026-02-11,0
2026-02-11 16:35:51.840,0.0,3.0,6.0,1.0,3.0,39.0,1.0,1.0,88.0,60.0,0.0714285697278912,0.1666666626984128,0.0,54.0,2026-02-11,0
2026-02-11 16:35:52.851,0.0,1.0,2.0,0.0,3.0,8.0,1.0,1.0,96.0,61.0,0.0909090826446288,0.1818181652892577,0.0,16.0,2026-02-11,0
2026-02-11 16:35:53.859,0.0,7.0,6.0,1.0,5.0,11.0,3.0,2.0,96.0,56.0,0.4374999726562517,0.4374999726562517,0.0,35.0,2026-02-11,0
2026-02-11 16:35:54.864,0.0,0.0,4.0,0.0,3.0,19.0,1.0,2.0,96.0,56.0,0.0,0.1818181735537193,0.0,29.0,2026-02-11,0
2026-02-11 16:35:55.871,1.0,10.0,1.0,3.0,5.0,22.0,1.0,2.0,88.0,50.0,0.3703703566529497,0.1481481426611799,0.0322580634755463,45.0,2026-02-11,0
2026-02-11 16:35:56.877,0.0,2.0,6.0,3.0,17.0,12.0,2.0,2.0,84.0,53.0,0.0689655148632581,0.3103448168846615,0.0,44.0,2026-02-11,0
2026-02-11 16:35:57.881,0.0,3.0,6.0,1.0,2.0,23.0,1.0,1.0,93.0,57.0,0.1199999952000001,0.2799999888000004,0.0,37.0,2026-02-11,0
2026-02-11 16:35:58.901,0.0,5.0,2.0,0.0,3.0,19.0,2.0,2.0,87.0,50.0,0.2272727169421492,0.0909090867768596,0.0,33.0,2026-02-11,0
2026-02-11 16:35:59.910,1.0,4.0,8.0,1.0,5.0,17.0,1.0,2.0,87.0,57.0,0.1818181735537193,0.4090908904958686,0.0322580634755463,39.0,2026-02-11,0
2026-02-11 16:36:00.925,0.0,2.0,2.0,0.0,4.0,21.0,1.0,2.0,81.0,41.0,0.0799999968000001,0.0799999968000001,0.0,32.0,2026-02-11,0
2026-02-11 16:36:01.960,0.0,2.0,2.0,0.0,4.0,21.0,1.0,2.0,81.0,41.0,0.0799999968000001,0.0799999968000001,0.0,32.0,2026-02-11,0
2026-02-11 16:36:02.975,27.0,18.0,8.0,2.0,9.0,10.0,2.0,2.0,74.0,48.0,0.9473683711911384,0.5263157617728547,0.9310344506539844,78.0,2026-02-11,0
2026-02-11 16:36:03.981,1.0,3.0,9.0,2.0,2.0,14.0,1.0,4.0,81.0,61.0,0.1874999882812507,0.6874999570312527,0.0370370356652949,36.0,2026-02-11,0
2026-02-11 16:36:04.988,2.0,6.0,11.0,3.0,4.0,13.0,1.0,2.0,67.0,70.0,0.3529411557093437,0.8235293633218022,0.0645161269510926,42.0,2026-02-11,0
2026-02-11 16:36:05.991,0.0,1.0,4.0,0.0,1.0,8.0,2.0,3.0,64.0,69.0,0.1111110987654334,0.4444443950617339,0.0,19.0,2026-02-11,0
2026-02-11 16:36:07.007,1.0,2.0,2.0,1.0,7.0,12.0,2.0,1.0,80.0,70.0,0.1052631523545709,0.1578947285318563,0.0454545433884298,28.0,2026-02-11,0
2026-02-11 16:36:08.008,1.0,0.0,2.0,4.0,7.0,15.0,3.0,3.0,84.0,69.0,0.0,0.272727260330579,0.0357142844387755,35.0,2026-02-11,0
2026-02-11 16:36:09.013,1.0,0.0,1.0,0.0,3.0,19.0,3.0,2.0,100.0,63.0,0.0,0.0454545433884298,0.0434782589792061,29.0,2026-02-11,0
2026-02-11 16:36:10.015,2.0,4.0,1.0,0.0,1.0,11.0,2.0,3.0,100.0,51.0,0.3333333055555579,0.0833333263888894,0.1538461420118352,24.0,2026-02-11,0
2026-02-11 16:36:11.030,1.0,5.0,4.0,2.0,6.0,14.0,1.0,3.0,94.0,53.0,0.2499999875000006,0.2999999850000007,0.0384615369822485,36.0,2026-02-11,0
2026-02-11 16:36:12.041,0.0,2.0,3.0,1.0,2.0,7.0,3.0,5.0,90.0,51.0,0.2222221975308669,0.4444443950617339,0.0,23.0,2026-02-11,0
2026-02-11 16:36:13.046,0.0,1.0,3.0,3.0,2.0,8.0,2.0,2.0,77.0,60.0,0.099999990000001,0.599999940000006,0.0,21.0,2026-02-11,0
2026-02-11 16:36:14.047,1.0,1.0,6.0,1.0,3.0,20.0,1.0,3.0,81.0,74.0,0.0434782589792061,0.3043478128544429,0.0333333322222222,36.0,2026-02-11,0
2026-02-11 16:36:15.052,0.0,13.0,33.0,0.0,5.0,9.0,1.0,3.0,67.0,80.0,0.9285713622449028,2.3571426887755225,0.0,64.0,2026-02-11,0
2026-02-11 16:36:16.059,2.0,4.0,1.0,5.0,10.0,34.0,3.0,3.0,75.0,75.0,0.0909090888429752,0.1363636332644628,0.0399999992,62.0,2026-02-11,0
2026-02-11 16:36:17.070,6.0,24.0,6.0,2.0,10.0,19.0,1.0,6.0,69.0,57.0,0.8275861783590973,0.2758620594530324,0.1621621577794011,74.0,2026-02-11,0
2026-02-11 16:36:18.077,2.0,7.0,12.0,1.0,8.0,17.0,1.0,2.0,61.0,54.0,0.2799999888000004,0.5199999792000009,0.0526315775623269,50.0,2026-02-11,0
2026-02-11 16:36:19.089,2.0,10.0,5.0,1.0,10.0,9.0,3.0,1.0,66.0,43.0,0.5263157617728547,0.3157894570637127,0.0799999968000001,41.0,2026-02-11,0
2026-02-11 16:36:20.131,3.0,1.0,2.0,0.0,1.0,4.0,1.0,3.0,61.0,47.0,0.199999960000008,0.399999920000016,0.4285713673469475,15.0,2026-02-11,0
2026-02-11 16:36:21.192,1.0,3.0,3.0,1.0,6.0,15.0,1.0,2.0,70.0,54.0,0.142857136054422,0.1904761814058961,0.0399999984,32.0,2026-02-11,0
2026-02-11 16:36:22.199,1.0,7.0,7.0,2.0,6.0,8.0,1.0,4.0,66.0,53.0,0.4999999642857168,0.6428570969387788,0.0434782589792061,36.0,2026-02-11,0
2026-02-11 16:36:23.206,5.0,7.0,4.0,1.0,1.0,3.0,1.0,0.0,61.0,56.0,1.7499995625001092,1.249999687500078,0.5555554938271674,22.0,2026-02-11,1
2026-02-11 16:36:24.211,3.0,23.0,16.0,0.0,2.0,8.0,3.0,2.0,47.0,50.0,2.299999770000023,1.5999998400000162,0.1153846109467457,57.0,2026-02-11,0
2026-02-11 16:36:25.212,2.0,3.0,2.0,1.0,1.0,5.0,1.0,1.0,40.0,53.0,0.4999999166666805,0.4999999166666805,0.2222221975308669,16.0,2026-02-11,0
2026-02-11 16:36:26.224,1.0,2.0,3.0,3.0,6.0,14.0,2.0,1.0,50.0,56.0,0.0999999950000002,0.2999999850000007,0.0384615369822485,32.0,2026-02-11,0
2026-02-11 16:36:27.235,0.0,11.0,17.0,1.0,3.0,28.0,1.0,3.0,61.0,60.0,0.3548386982310097,0.5806451425598341,0.0,64.0,2026-02-11,0
2026-02-11 16:36:28.240,4.0,1.0,5.0,0.0,3.0,19.0,0.0,0.0,83.0,66.0,0.0454545433884298,0.2272727169421492,0.1481481426611799,32.0,2026-02-11,0
2026-02-11 16:36:29.250,1.0,1.0,8.0,11.0,21.0,31.0,3.0,0.0,90.0,70.0,0.0192307688609467,0.3653846083579883,0.0140845068438801,76.0,2026-02-11,0
2026-02-11 16:36:30.261,1.0,0.0,6.0,7.0,4.0,2.0,2.0,2.0,75.0,84.0,0.0,2.166666305555616,0.0526315761772854,24.0,2026-02-11,0
2026-02-11 16:36:31.270,0.0,2.0,1.0,6.0,15.0,13.0,4.0,2.0,75.0,88.0,0.0714285688775511,0.2499999910714288,0.0,43.0,2026-02-11,0
2026-02-11 16:36:32.282,1.0,3.0,2.0,1.0,7.0,11.0,2.0,2.0,66.0,80.0,0.1666666574074079,0.1666666574074079,0.047619045351474,29.0,2026-02-11,0
2026-02-11 16:36:33.296,19.0,21.0,3.0,2.0,5.0,9.0,1.0,1.0,53.0,63.0,1.4999998928571503,0.3571428316326549,0.9999999473684238,61.0,2026-02-11,0
2026-02-11 16:36:34.318,2.0,17.0,6.0,4.0,10.0,20.0,1.0,3.0,61.0,41.0,0.5666666477777784,0.3333333222222225,0.04999999875,63.0,2026-02-11,0
2026-02-11 16:36:35.326,2.0,7.0,22.0,3.0,20.0,14.0,2.0,2.0,54.0,43.0,0.2058823468858133,0.7352940960207619,0.0338983045101982,72.0,2026-02-11,0
2026-02-11 16:36:36.332,5.0,4.0,5.0,3.0,3.0,14.0,2.0,2.0,53.0,53.0,0.2352941038062291,0.4705882076124583,0.1999999920000003,38.0,2026-02-11,0
2026-02-11 16:36:37.342,3.0,16.0,4.0,2.0,11.0,24.0,3.0,3.0,63.0,53.0,0.4571428440816331,0.1714285665306124,0.0731707299226651,66.0,2026-02-11,0
2026-02-11 16:36:38.354,1.0,2.0,19.0,2.0,42.0,41.0,2.0,2.0,74.0,57.0,0.0240963852518507,0.2530120451444332,0.0096153845229289,111.0,2026-02-11,0
2026-02-11 16:36:39.365,9.0,14.0,2.0,0.0,24.0,17.0,3.0,5.0,77.0,38.0,0.3414634063057706,0.04878048661511,0.2093023207138995,74.0,2026-02-11,0
2026-02-11 16:36:40.374,2.0,8.0,7.0,2.0,5.0,6.0,5.0,5.0,66.0,35.0,0.7272726611570308,0.8181817438016598,0.0999999950000002,40.0,2026-02-11,0
2026-02-11 16:36:41.388,4.0,8.0,4.0,2.0,5.0,9.0,1.0,3.0,63.0,40.0,0.5714285306122479,0.4285713979591858,0.1999999900000005,36.0,2026-02-11,0
2026-02-11 16:36:42.403,0.0,1.0,3.0,3.0,3.0,12.0,6.0,4.0,61.0,48.0,0.0666666622222225,0.3999999733333351,0.0,32.0,2026-02-11,0
2026-02-11 16:36:43.412,19.0,9.0,18.0,10.0,9.0,15.0,2.0,5.0,56.0,70.0,0.3749999843750006,1.1666666180555576,0.3653846083579883,87.0,2026-02-11,1
2026-02-11 16:36:44.416,4.0,12.0,24.0,4.0,7.0,13.0,1.0,1.0,56.0,77.0,0.5999999700000015,1.3999999300000034,0.0833333315972222,66.0,2026-02-11,1
2026-02-11 16:36:45.430,1.0,4.0,2.0,0.0,10.0,16.0,1.0,1.0,66.0,69.0,0.1538461479289943,0.0769230739644971,0.0357142844387755,35.0,2026-02-11,0
2026-02-11 16:36:46.437,0.0,3.0,3.0,3.0,13.0,22.0,5.0,2.0,69.0,61.0,0.0857142832653062,0.1714285665306124,0.0,51.0,2026-02-11,0
2026-02-11 16:36:47.439,0.0,5.0,6.0,4.0,24.0,21.0,1.0,7.0,80.0,53.0,0.1111111086419753,0.2222222172839507,0.0,68.0,2026-02-11,0
2026-02-11 16:36:48.443,1.0,1.0,6.0,5.0,4.0,8.0,1.0,4.0,84.0,60.0,0.0833333263888894,0.9166665902777842,0.0434782589792061,30.0,2026-02-11,0
2026-02-11 16:36:49.451,0.0,0.0,2.0,2.0,3.0,12.0,2.0,1.0,87.0,75.0,0.0,0.2666666488888901,0.0,22.0,2026-02-11,0
2026-02-11 16:36:50.454,2.0,3.0,4.0,1.0,5.0,13.0,1.0,3.0,83.0,75.0,0.1666666574074079,0.2777777623456798,0.0869565179584122,32.0,2026-02-11,0
2026-02-11 16:36:51.469,0.0,5.0,4.0,0.0,4.0,15.0,4.0,2.0,84.0,70.0,0.2631578808864273,0.2105263047091418,0.0,34.0,2026-02-11,0
2026-02-11 16:36:52.475,2.0,2.0,6.0,1.0,2.0,19.0,2.0,3.0,94.0,63.0,0.095238090702948,0.3333333174603182,0.0714285688775511,37.0,2026-02-11,0
2026-02-11 16:36:53.479,3.0,9.0,7.0,1.0,14.0,34.0,4.0,1.0,91.0,51.0,0.1874999960937501,0.1666666631944445,0.0535714276147959,73.0,2026-02-11,0
2026-02-11 16:36:54.494,1.0,3.0,11.0,2.0,11.0,36.0,2.0,3.0,96.0,53.0,0.063829785875962,0.2765957387958354,0.0166666663888888,69.0,2026-02-11,0
2026-02-11 19:47:44.623,1.0,2.0,1.0,0.0,1.0,0.0,1.0,0.0,57.0,63.0,1.999998000002,0.999999000001,0.499999750000125,6.0,2026-02-11,0
2026-02-11 19:47:45.638,0.0,3.0,0.0,3.0,1.0,2.0,0.0,0.0,53.0,51.0,0.9999996666667778,0.9999996666667778,0.0,9.0,2026-02-11,0
2026-02-11 19:47:46.647,1.0,0.0,0.0,0.0,2.0,1.0,1.0,0.0,63.0,38.0,0.0,0.0,0.3333332222222592,5.0,2026-02-11,0
2026-02-11 19:47:47.654,1.0,0.0,0.0,0.0,1.0,1.0,2.0,1.0,94.0,60.0,0.0,0.0,0.499999750000125,6.0,2026-02-11,0
2026-02-11 19:47:48.669,0.0,0.0,0.0,0.0,1.0,1.0,0.0,0.0,100.0,70.0,0.0,0.0,0.0,2.0,2026-02-11,0
2026-02-11 19:47:49.684,4.0,2.0,0.0,0.0,0.0,0.0,0.0,0.0,94.0,51.0,2000000.0,0.0,4000000.0,6.0,2026-02-11,1
2026-02-11 19:47:50.703,1.0,2.0,0.0,2.0,0.0,1.0,0.0,0.0,75.0,53.0,1.999998000002,1.999998000002,0.3333332222222592,6.0,2026-02-11,0
2026-02-11 19:47:51.711,19.0,1.0,2.0,1.0,1.0,0.0,0.0,1.0,41.0,64.0,0.999999000001,2.9999970000030003,4.749998812500297,25.0,2026-02-11,0
2026-02-11 19:47:52.744,0.0,0.0,1.0,1.0,0.0,0.0,0.0,1.0,30.0,74.0,0.0,2000000.0,0.0,3.0,2026-02-11,1
2026-02-11 19:47:53.760,2.0,1.0,1.0,1.0,5.0,1.0,1.0,1.0,41.0,93.0,0.1666666388888935,0.333333277777787,0.2499999687500039,13.0,2026-02-11,0
2026-02-11 19:47:54.773,0.0,2.0,1.0,1.0,1.0,1.0,1.0,0.0,41.0,93.0,0.99999950000025,0.99999950000025,0.0,7.0,2026-02-11,0
2026-02-11 19:47:55.783,2.0,4.0,1.0,0.0,0.0,2.0,0.0,0.0,54.0,67.0,1.9999990000005,0.499999750000125,0.6666664444445185,9.0,2026-02-11,0
2026-02-11 19:47:56.800,1.0,1.0,0.0,0.0,2.0,1.0,0.0,1.0,66.0,44.0,0.3333332222222592,0.0,0.3333332222222592,6.0,2026-02-11,0
2026-02-11 19:47:57.814,1.0,1.0,0.0,1.0,1.0,0.0,2.0,1.0,61.0,53.0,0.999999000001,0.999999000001,0.499999750000125,7.0,2026-02-11,0
2026-02-11 19:47:58.827,1.0,1.0,2.0,1.0,1.0,1.0,1.0,1.0,57.0,63.0,0.499999750000125,1.499999250000375,0.199999960000008,9.0,2026-02-11,0
2026-02-11 19:47:59.831,0.0,3.0,2.0,0.0,1.0,1.0,0.0,1.0,47.0,74.0,1.499999250000375,0.99999950000025,0.0,8.0,2026-02-11,1
2026-02-11 19:48:00.848,0.0,2.0,0.0,2.0,2.0,0.0,0.0,1.0,26.0,77.0,0.99999950000025,0.99999950000025,0.0,7.0,2026-02-11,1
2026-02-11 19:48:01.862,0.0,1.0,0.0,2.0,0.0,1.0,1.0,0.0,35.0,75.0,0.999999000001,1.999998000002,0.0,5.0,2026-02-11,1
2026-02-11 19:48:02.873,1.0,2.0,1.0,1.0,1.0,1.0,1.0,0.0,29.0,57.0,0.99999950000025,0.99999950000025,0.2499999375000156,8.0,2026-02-11,0
2026-02-11 19:48:03.886,3.0,2.0,2.0,0.0,2.0,0.0,0.0,0.0,29.0,60.0,0.99999950000025,0.99999950000025,0.7499998125000469,9.0,2026-02-11,0
2026-02-11 19:48:04.893,0.0,1.0,0.0,1.0,0.0,1.0,0.0,0.0,47.0,64.0,0.999999000001,0.999999000001,0.0,3.0,2026-02-11,0
2026-02-11 19:48:05.899,1.0,4.0,2.0,0.0,0.0,1.0,0.0,0.0,29.0,53.0,3.999996000004,1.999998000002,0.3333332222222592,8.0,2026-02-11,1
2026-02-11 19:48:06.900,0.0,0.0,0.0,0.0,1.0,1.0,0.0,0.0,54.0,53.0,0.0,0.0,0.0,2.0,2026-02-11,0
2026-02-11 19:48:07.915,0.0,1.0,1.0,0.0,1.0,0.0,0.0,0.0,48.0,61.0,0.999999000001,0.999999000001,0.0,3.0,2026-02-11,0
2026-02-11 19:48:08.919,0.0,2.0,1.0,0.0,0.0,0.0,0.0,0.0,30.0,54.0,2000000.0,1000000.0,0.0,3.0,2026-02-11,1
2026-02-11 19:48:09.922,14.0,3.0,0.0,1.0,1.0,1.0,0.0,1.0,44.0,40.0,1.499999250000375,0.499999750000125,4.666665111111629,21.0,2026-02-11,1
2026-02-11 19:48:10.934,0.0,0.0,0.0,1.0,3.0,0.0,1.0,1.0,29.0,40.0,0.0,0.3333332222222592,0.0,6.0,2026-02-11,0
2026-02-11 19:48:11.946,1.0,1.0,0.0,3.0,2.0,1.0,1.0,1.0,53.0,40.0,0.3333332222222592,0.9999996666667778,0.1666666388888935,10.0,2026-02-11,0
2026-02-11 19:48:13.035,0.0,1.0,0.0,0.0,1.0,0.0,0.0,0.0,64.0,29.0,0.999999000001,0.0,0.0,2.0,2026-02-11,0
2026-02-11 19:48:14.053,0.0,0.0,0.0,1.0,0.0,1.0,0.0,0.0,70.0,69.0,0.0,0.999999000001,0.0,2.0,2026-02-11,0
2026-02-11 19:48:15.066,8.0,5.0,0.0,1.0,1.0,0.0,0.0,0.0,47.0,54.0,4.999995000005001,0.999999000001,3.999998000001,15.0,2026-02-11,1
2026-02-11 19:48:16.068,15.0,2.0,1.0,1.0,1.0,0.0,1.0,0.0,21.0,50.0,1.999998000002,1.999998000002,4.999998333333888,21.0,2026-02-11,1
2026-02-11 19:48:17.083,13.0,0.0,0.0,1.0,1.0,0.0,1.0,0.0,10.0,70.0,0.0,0.999999000001,6.499996750001625,16.0,2026-02-11,1
2026-02-11 19:48:18.102,48.0,3.0,1.0,0.0,0.0,0.0,0.0,0.0,1.0,41.0,3000000.0,1000000.0,47.999952000048005,52.0,2026-02-11,1
2026-02-11 19:48:19.104,22.0,1.0,0.0,1.0,1.0,1.0,0.0,0.0,14.0,50.0,0.499999750000125,0.499999750000125,7.333330888889703,26.0,2026-02-11,1
2026-02-11 19:48:20.113,46.0,4.0,2.0,5.0,6.0,6.0,0.0,1.0,41.0,43.0,0.3333333055555579,0.5833332847222263,2.4210525041551314,70.0,2026-02-11,0
2026-02-11 19:48:21.126,38.0,17.0,19.0,3.0,8.0,13.0,1.0,1.0,51.0,41.0,0.8095237709750585,1.0476189977324286,0.8837209096809091,100.0,2026-02-11,0
2026-02-11 19:48:22.139,0.0,3.0,1.0,0.0,1.0,1.0,1.0,0.0,63.0,50.0,1.499999250000375,0.499999750000125,0.0,7.0,2026-02-11,0
2026-02-11 19:48:23.152,36.0,7.0,0.0,2.0,1.0,0.0,0.0,1.0,35.0,41.0,6.9999930000070005,1.999998000002,11.999996000001332,47.0,2026-02-11,1
2026-02-11 19:48:24.156,16.0,8.0,1.0,0.0,2.0,3.0,0.0,0.0,26.0,20.0,1.599999680000064,0.199999960000008,2.6666662222222963,30.0,2026-02-11,1
2026-02-11 19:48:25.169,40.0,11.0,3.0,1.0,2.0,1.0,2.0,2.0,10.0,7.0,3.666665444444852,1.333332888889037,5.7142848979593,62.0,2026-02-11,1
2026-02-11 19:48:26.172,0.0,1.0,1.0,1.0,0.0,0.0,0.0,0.0,7.0,21.0,1000000.0,2000000.0,0.0,3.0,2026-02-11,1
2026-02-11 19:48:27.185,2.0,2.0,3.0,0.0,0.0,0.0,1.0,0.0,16.0,57.0,2000000.0,3000000.0,0.6666664444445185,8.0,2026-02-11,1
2026-02-11 19:48:28.186,1.0,6.0,1.0,0.0,1.0,0.0,0.0,0.0,1.0,64.0,5.999994000006001,0.999999000001,0.499999750000125,9.0,2026-02-11,1
2026-02-11 19:48:29.201,11.0,3.0,1.0,0.0,0.0,1.0,0.0,0.0,13.0,69.0,2.9999970000030003,0.999999000001,5.499997250001375,16.0,2026-02-11,1
2026-02-11 19:48:30.218,0.0,1.0,0.0,2.0,2.0,0.0,0.0,0.0,16.0,60.0,0.499999750000125,0.99999950000025,0.0,5.0,2026-02-11,0
2026-02-11 19:48:31.227,0.0,2.0,0.0,1.0,1.0,0.0,0.0,0.0,30.0,38.0,1.999998000002,0.999999000001,0.0,4.0,2026-02-11,0
2026-02-11 19:48:32.243,0.0,0.0,0.0,0.0,2.0,1.0,0.0,0.0,50.0,47.0,0.0,0.0,0.0,3.0,2026-02-11,0
2026-02-11 19:48:33.255,0.0,0.0,0.0,0.0,1.0,1.0,0.0,0.0,64.0,37.0,0.0,0.0,0.0,2.0,2026-02-11,0
2026-02-11 19:48:34.258,24.0,3.0,1.0,1.0,1.0,0.0,1.0,0.0,53.0,48.0,2.9999970000030003,1.999998000002,7.999997333334222,31.0,2026-02-11,1
2026-02-11 19:48:35.272,0.0,0.0,0.0,0.0,0.0,0.0,0.0,0.0,70.0,34.0,0.0,0.0,0.0,0.0,2026-02-11,0
2026-02-11 19:48:36.283,1.0,3.0,0.0,2.0,2.0,1.0,1.0,0.0,57.0,17.0,0.9999996666667778,0.6666664444445185,0.199999960000008,10.0,2026-02-11,0
2026-02-11 19:48:37.296,1.0,0.0,0.0,0.0,1.0,0.0,0.0,0.0,60.0,24.0,0.0,0.0,0.999999000001,2.0,2026-02-11,0
2026-02-11 19:48:38.310,1.0,2.0,1.0,0.0,2.0,0.0,0.0,0.0,60.0,26.0,0.99999950000025,0.499999750000125,0.3333332222222592,6.0,2026-02-11,0
2026-02-11 19:48:39.324,2.0,0.0,0.0,0.0,0.0,0.0,0.0,0.0,66.0,48.0,0.0,0.0,2000000.0,2.0,2026-02-11,0
2026-02-11 19:48:40.325,2.0,0.0,0.0,0.0,0.0,0.0,0.0,0.0,66.0,48.0,0.0,0.0,2000000.0,2.0,2026-02-11,0
2026-02-11 19:48:41.341,1.0,1.0,0.0,1.0,2.0,0.0,0.0,1.0,64.0,54.0,0.499999750000125,0.499999750000125,0.3333332222222592,6.0,2026-02-11,0
2026-02-11 19:48:42.342,2.0,3.0,1.0,1.0,1.0,0.0,0.0,0.0,60.0,57.0,2.9999970000030003,1.999998000002,0.6666664444445185,8.0,2026-02-11,1
2026-02-11 19:48:43.359,2.0,1.0,0.0,1.0,0.0,0.0,0.0,0.0,51.0,53.0,1000000.0,1000000.0,1.999998000002,4.0,2026-02-11,0
2026-02-11 19:48:44.362,0.0,1.0,1.0,1.0,0.0,0.0,0.0,0.0,24.0,74.0,1000000.0,2000000.0,0.0,3.0,2026-02-11,1
2026-02-11 19:48:45.377,3.0,2.0,2.0,1.0,4.0,1.0,0.0,1.0,24.0,74.0,0.399999920000016,0.599999880000024,0.3749999531250059,14.0,2026-02-11,0
2026-02-11 19:48:46.379,3.0,3.0,4.0,0.0,2.0,0.0,0.0,0.0,17.0,81.0,1.499999250000375,1.9999990000005,0.4999999166666805,12.0,2026-02-11,1
2026-02-11 19:48:47.382,1.0,3.0,1.0,0.0,1.0,2.0,0.0,1.0,26.0,77.0,0.9999996666667778,0.3333332222222592,0.2499999375000156,9.0,2026-02-11,1
2026-02-11 19:48:48.399,1.0,3.0,0.0,1.0,0.0,1.0,0.0,1.0,38.0,50.0,2.9999970000030003,0.999999000001,0.499999750000125,7.0,2026-02-11,1
2026-02-11 19:48:49.415,0.0,1.0,0.0,1.0,1.0,0.0,0.0,0.0,41.0,54.0,0.999999000001,0.999999000001,0.0,3.0,2026-02-11,0
2026-02-11 19:48:50.415,0.0,0.0,0.0,1.0,0.0,0.0,0.0,0.0,67.0,61.0,0.0,1000000.0,0.0,1.0,2026-02-11,0
2026-02-11 19:48:51.432,1.0,0.0,0.0,1.0,1.0,0.0,0.0,0.0,60.0,77.0,0.0,0.999999000001,0.499999750000125,3.0,2026-02-11,0
2026-02-11 19:48:52.444,0.0,0.0,1.0,0.0,1.0,0.0,0.0,0.0,57.0,100.0,0.0,0.999999000001,0.0,2.0,2026-02-11,0
2026-02-11 19:48:53.458,2.0,1.0,0.0,0.0,2.0,0.0,0.0,0.0,54.0,88.0,0.499999750000125,0.0,0.99999950000025,5.0,2026-02-11,0
2026-02-11 19:48:54.470,0.0,0.0,0.0,0.0,1.0,1.0,0.0,0.0,66.0,77.0,0.0,0.0,0.0,2.0,2026-02-11,0
2026-02-11 19:48:55.480,1.0,0.0,0.0,1.0,1.0,1.0,0.0,0.0,78.0,66.0,0.0,0.499999750000125,0.3333332222222592,4.0,2026-02-11,0
2026-02-11 19:48:57.508,3.0,0.0,0.0,0.0,0.0,0.0,0.0,0.0,56.0,34.0,0.0,0.0,3000000.0,3.0,2026-02-11,0
2026-02-11 19:49:01.560,16.0,4.0,0.0,0.0,1.0,0.0,0.0,0.0,43.0,16.0,3.999996000004,0.0,15.999984000016,21.0,2026-02-11,1
2026-02-11 19:49:02.563,61.0,1.0,2.0,1.0,3.0,1.0,0.0,0.0,20.0,20.0,0.2499999375000156,0.7499998125000469,8.714284469387932,69.0,2026-02-11,1
2026-02-11 19:49:03.577,45.0,8.0,0.0,1.0,0.0,0.0,0.0,0.0,1.0,7.0,3000000.0,1000000.0,44.999955000045006,54.0,2026-02-11,1
2026-02-11 19:49:04.579,21.0,2.0,1.0,1.0,1.0,1.0,0.0,0.0,10.0,30.0,0.99999950000025,0.99999950000025,5.249998687500328,27.0,2026-02-11,1
2026-02-11 19:49:05.580,25.0,1.0,0.0,2.0,1.0,1.0,0.0,1.0,37.0,54.0,0.499999750000125,0.99999950000025,6.24999843750039,31.0,2026-02-11,0
2026-02-11 19:49:06.592,2.0,3.0,2.0,1.0,0.0,4.0,1.0,0.0,53.0,47.0,0.7499998125000469,0.7499998125000469,0.285714244897965,13.0,2026-02-11,0
2026-02-11 19:49:07.605,1.0,0.0,0.0,1.0,1.0,0.0,0.0,1.0,78.0,66.0,0.0,0.999999000001,0.499999750000125,4.0,2026-02-11,0
2026-02-11 19:49:08.618,0.0,0.0,0.0,0.0,1.0,1.0,0.0,0.0,90.0,61.0,0.0,0.0,0.0,2.0,2026-02-11,0
2026-02-11 19:49:09.632,0.0,1.0,1.0,2.0,1.0,0.0,0.0,0.0,66.0,80.0,0.999999000001,2.9999970000030003,0.0,5.0,2026-02-11,0
2026-02-11 19:49:10.644,1.0,1.0,0.0,1.0,1.0,0.0,0.0,0.0,51.0,78.0,0.999999000001,0.999999000001,0.499999750000125,4.0,2026-02-11,0
2026-02-11 19:49:11.657,2.0,1.0,0.0,0.0,0.0,0.0,1.0,0.0,56.0,63.0,1000000.0,0.0,2000000.0,4.0,2026-02-11,0
2026-02-11 19:49:12.659,1.0,0.0,0.0,0.0,2.0,1.0,0.0,0.0,56.0,64.0,0.0,0.0,0.3333332222222592,4.0,2026-02-11,0
2026-02-11 19:49:13.673,1.0,2.0,1.0,0.0,2.0,1.0,0.0,1.0,69.0,48.0,0.6666664444445185,0.3333332222222592,0.2499999375000156,8.0,2026-02-11,0
2026-02-11 19:49:14.687,0.0,1.0,1.0,1.0,4.0,0.0,0.0,1.0,66.0,56.0,0.2499999375000156,0.4999998750000312,0.0,8.0,2026-02-11,0
2026-02-11 19:49:15.698,1.0,0.0,0.0,1.0,1.0,0.0,0.0,0.0,56.0,70.0,0.0,0.999999000001,0.499999750000125,3.0,2026-02-11,0
2026-02-11 19:49:16.707,4.0,1.0,0.0,0.0,0.0,0.0,0.0,0.0,24.0,56.0,1000000.0,0.0,4000000.0,5.0,2026-02-11,1
2026-02-11 19:49:17.721,1.0,0.0,2.0,2.0,1.0,1.0,0.0,0.0,24.0,74.0,0.0,1.9999990000005,0.1666666388888935,7.0,2026-02-11,1
2026-02-11 19:49:18.733,1.0,1.0,0.0,2.0,1.0,0.0,0.0,1.0,29.0,70.0,0.999999000001,1.999998000002,0.3333332222222592,6.0,2026-02-11,1
2026-02-11 19:49:19.748,11.0,1.0,2.0,1.0,1.0,1.0,1.0,1.0,37.0,74.0,0.499999750000125,1.499999250000375,2.199999560000088,19.0,2026-02-11,1
2026-02-11 19:49:20.764,4.0,8.0,3.0,1.0,3.0,2.0,0.0,1.0,50.0,87.0,1.599999680000064,0.799999840000032,0.4444443950617339,22.0,2026-02-11,1
2026-02-11 19:49:21.774,0.0,0.0,0.0,0.0,0.0,0.0,0.0,0.0,38.0,63.0,0.0,0.0,0.0,0.0,2026-02-11,0
2026-02-11 19:49:22.776,0.0,0.0,0.0,2.0,0.0,1.0,0.0,0.0,47.0,66.0,0.0,1.999998000002,0.0,3.0,2026-02-11,0
2026-02-11 19:49:23.788,1.0,1.0,1.0,1.0,1.0,0.0,0.0,0.0,41.0,64.0,0.999999000001,1.999998000002,0.3333332222222592,5.0,2026-02-11,0
2026-02-11 19:49:24.800,3.0,0.0,0.0,0.0,0.0,0.0,0.0,0.0,57.0,67.0,0.0,0.0,3000000.0,3.0,2026-02-11,0
2026-02-11 19:49:25.813,0.0,2.0,0.0,1.0,0.0,1.0,0.0,1.0,69.0,60.0,1.999998000002,0.999999000001,0.0,5.0,2026-02-11,0
2026-02-11 19:49:26.814,8.0,1.0,2.0,4.0,2.0,1.0,0.0,1.0,61.0,66.0,0.3333332222222592,1.9999993333335555,0.8888887901234679,19.0,2026-02-11,0
2026-02-11 19:49:27.829,2.0,0.0,0.0,0.0,0.0,0.0,0.0,0.0,64.0,75.0,0.0,0.0,2000000.0,2.0,2026-02-11,0
2026-02-11 19:49:28.843,0.0,0.0,0.0,1.0,3.0,1.0,0.0,1.0,66.0,74.0,0.0,0.2499999375000156,0.0,6.0,2026-02-11,0
2026-02-11 19:49:29.847,0.0,0.0,0.0,0.0,2.0,0.0,0.0,1.0,77.0,80.0,0.0,0.0,0.0,3.0,2026-02-11,0
2026-02-11 19:49:30.858,0.0,0.0,0.0,0.0,1.0,0.0,0.0,1.0,83.0,63.0,0.0,0.0,0.0,2.0,2026-02-11,0
2026-02-11 19:49:31.871,12.0,0.0,1.0,0.0,1.0,0.0,0.0,0.0,70.0,57.0,0.0,0.999999000001,5.9999970000015,14.0,2026-02-11,0
2026-02-11 19:49:32.885,2.0,3.0,5.0,2.0,4.0,0.0,1.0,0.0,37.0,70.0,0.7499998125000469,1.7499995625001092,0.1818181652892577,17.0,2026-02-11,1
2026-02-11 19:49:33.901,2.0,0.0,0.0,0.0,0.0,0.0,0.0,0.0,13.0,78.0,0.0,0.0,2000000.0,2.0,2026-02-11,1
2026-02-11 19:49:34.902,0.0,0.0,0.0,1.0,1.0,1.0,0.0,1.0,40.0,66.0,0.0,0.499999750000125,0.0,4.0,2026-02-11,0
2026-02-11 19:49:35.916,11.0,1.0,0.0,1.0,0.0,1.0,1.0,0.0,64.0,56.0,0.999999000001,0.999999000001,5.499997250001375,15.0,2026-02-11,0
2026-02-11 19:49:36.921,0.0,0.0,0.0,2.0,1.0,1.0,0.0,0.0,83.0,77.0,0.0,0.99999950000025,0.0,4.0,2026-02-11,0
2026-02-11 19:49:37.928,1.0,2.0,2.0,1.0,0.0,2.0,0.0,0.0,84.0,70.0,0.99999950000025,1.499999250000375,0.199999960000008,8.0,2026-02-11,0
2026-02-11 19:49:38.932,3.0,0.0,0.0,0.0,0.0,0.0,0.0,0.0,57.0,77.0,0.0,0.0,3000000.0,3.0,2026-02-11,0
2026-02-11 19:49:39.936,3.0,0.0,1.0,0.0,0.0,0.0,0.0,0.0,44.0,93.0,0.0,1000000.0,2.9999970000030003,4.0,2026-02-11,0
2026-02-11 19:49:40.940,11.0,3.0,2.0,1.0,1.0,3.0,1.0,1.0,43.0,80.0,0.7499998125000469,0.7499998125000469,1.5714283469388075,23.0,2026-02-11,1
2026-02-11 19:49:41.956,0.0,8.0,0.0,3.0,2.0,1.0,0.0,0.0,23.0,63.0,2.666665777778074,0.9999996666667778,0.0,14.0,2026-02-11,1
2026-02-11 19:49:42.973,25.0,3.0,1.0,2.0,1.0,1.0,4.0,1.0,30.0,63.0,1.499999250000375,1.499999250000375,4.9999990000002,38.0,2026-02-11,1
2026-02-11 19:49:43.988,5.0,2.0,1.0,3.0,4.0,1.0,2.0,1.0,38.0,53.0,0.399999920000016,0.799999840000032,0.5555554938271674,19.0,2026-02-11,0
2026-02-11 19:49:45.002,19.0,16.0,8.0,5.0,5.0,10.0,5.0,6.0,35.0,51.0,1.0666665955555603,0.8666666088888928,0.6785714043367356,74.0,2026-02-11,1
2026-02-11 19:49:46.014,0.0,0.0,1.0,1.0,0.0,0.0,0.0,1.0,48.0,80.0,0.0,2000000.0,0.0,3.0,2026-02-11,0
2026-02-11 19:49:47.017,0.0,0.0,1.0,0.0,0.0,0.0,0.0,0.0,56.0,93.0,0.0,1000000.0,0.0,1.0,2026-02-11,0
2026-02-11 19:49:48.028,0.0,2.0,1.0,1.0,1.0,1.0,0.0,0.0,54.0,88.0,0.99999950000025,0.99999950000025,0.0,6.0,2026-02-11,0
2026-02-11 19:49:49.043,8.0,0.0,0.0,0.0,3.0,0.0,1.0,2.0,60.0,78.0,0.0,0.0,2.666665777778074,14.0,2026-02-11,1
2026-02-11 19:49:50.057,0.0,0.0,0.0,0.0,1.0,0.0,0.0,0.0,64.0,69.0,0.0,0.0,0.0,1.0,2026-02-11,0
2026-02-11 19:49:51.072,0.0,0.0,0.0,1.0,2.0,0.0,0.0,0.0,61.0,57.0,0.0,0.499999750000125,0.0,3.0,2026-02-11,0
2026-02-11 19:49:52.085,0.0,2.0,1.0,3.0,0.0,1.0,1.0,2.0,63.0,60.0,1.999998000002,3.999996000004,0.0,10.0,2026-02-11,0
2026-02-11 19:49:53.097,1.0,0.0,0.0,0.0,0.0,0.0,0.0,1.0,64.0,81.0,0.0,0.0,1000000.0,2.0,2026-02-11,0
2026-02-11 19:49:54.110,3.0,0.0,0.0,0.0,0.0,0.0,0.0,0.0,60.0,57.0,0.0,0.0,3000000.0,3.0,2026-02-11,0
2026-02-11 19:49:55.126,0.0,0.0,0.0,1.0,1.0,1.0,1.0,1.0,64.0,57.0,0.0,0.499999750000125,0.0,5.0,2026-02-11,0
2026-02-11 19:49:56.129,1.0,0.0,0.0,0.0,0.0,0.0,0.0,1.0,78.0,37.0,0.0,0.0,1000000.0,2.0,2026-02-11,0
2026-02-11 19:49:57.143,0.0,1.0,0.0,0.0,1.0,1.0,1.0,0.0,74.0,26.0,0.499999750000125,0.0,0.0,4.0,2026-02-11,0
2026-02-11 19:49:58.156,1.0,3.0,2.0,2.0,0.0,0.0,1.0,0.0,53.0,47.0,3000000.0,3000000.0,0.2499999375000156,9.0,2026-02-11,1
2026-02-11 19:49:59.172,0.0,0.0,0.0,0.0,0.0,0.0,0.0,1.0,56.0,57.0,0.0,0.0,0.0,1.0,2026-02-11,0
2026-02-11 19:50:00.177,0.0,0.0,0.0,0.0,0.0,1.0,0.0,0.0,60.0,81.0,0.0,0.0,0.0,1.0,2026-02-11,0
2026-02-11 19:50:01.192,0.0,0.0,0.0,0.0,0.0,1.0,0.0,0.0,70.0,83.0,0.0,0.0,0.0,1.0,2026-02-11,0
2026-02-11 19:50:02.206,1.0,1.0,0.0,1.0,2.0,1.0,1.0,1.0,97.0,77.0,0.3333332222222592,0.3333332222222592,0.2499999375000156,8.0,2026-02-11,0
2026-02-11 19:50:03.214,0.0,0.0,1.0,2.0,0.0,0.0,1.0,0.0,84.0,77.0,0.0,3000000.0,0.0,4.0,2026-02-11,0
2026-02-11 19:50:04.230,0.0,0.0,0.0,3.0,0.0,0.0,0.0,0.0,74.0,83.0,0.0,3000000.0,0.0,3.0,2026-02-11,0
2026-02-11 19:50:05.231,2.0,1.0,0.0,2.0,1.0,1.0,1.0,1.0,66.0,88.0,0.499999750000125,0.99999950000025,0.4999998750000312,9.0,2026-02-11,0
2026-02-11 19:50:06.234,2.0,2.0,0.0,3.0,3.0,2.0,1.0,0.0,66.0,90.0,0.399999920000016,0.599999880000024,0.2499999687500039,13.0,2026-02-11,0
2026-02-11 19:50:07.250,16.0,6.0,0.0,2.0,2.0,1.0,1.0,1.0,64.0,64.0,1.9999993333335555,0.6666664444445185,3.199999360000128,29.0,2026-02-11,1
2026-02-11 19:50:08.265,2.0,0.0,1.0,0.0,4.0,3.0,0.0,0.0,84.0,51.0,0.0,0.1428571224489825,0.2499999687500039,10.0,2026-02-11,0
2026-02-11 19:50:09.280,12.0,1.0,0.0,1.0,0.0,1.0,0.0,0.0,83.0,48.0,0.999999000001,0.999999000001,5.9999970000015,15.0,2026-02-11,0
2026-02-11 19:50:10.291,1.0,1.0,0.0,0.0,2.0,2.0,0.0,0.0,94.0,35.0,0.2499999375000156,0.0,0.2499999375000156,6.0,2026-02-11,0
2026-02-11 19:50:11.306,0.0,1.0,0.0,1.0,1.0,1.0,0.0,0.0,100.0,48.0,0.499999750000125,0.499999750000125,0.0,4.0,2026-02-11,0
2026-02-11 19:50:12.307,1.0,1.0,0.0,2.0,0.0,1.0,0.0,0.0,90.0,51.0,0.999999000001,1.999998000002,0.3333332222222592,5.0,2026-02-11,0
2026-02-11 19:50:13.322,0.0,1.0,0.0,2.0,5.0,1.0,1.0,0.0,87.0,48.0,0.1666666388888935,0.333333277777787,0.0,10.0,2026-02-11,0
2026-02-11 19:50:14.324,1.0,1.0,0.0,0.0,1.0,1.0,0.0,0.0,75.0,57.0,0.499999750000125,0.0,0.499999750000125,4.0,2026-02-11,0
2026-02-11 19:50:15.327,1.0,1.0,2.0,1.0,10.0,2.0,0.0,0.0,81.0,48.0,0.0833333263888894,0.2499999791666684,0.0666666622222225,17.0,2026-02-11,0
2026-02-11 19:50:16.328,0.0,0.0,0.0,1.0,2.0,1.0,0.0,0.0,84.0,47.0,0.0,0.3333332222222592,0.0,4.0,2026-02-11,0
2026-02-11 19:50:17.329,4.0,2.0,0.0,0.0,2.0,2.0,0.0,1.0,94.0,26.0,0.4999998750000312,0.0,0.9999997500000624,11.0,2026-02-11,0
2026-02-11 19:50:18.345,18.0,3.0,0.0,0.0,0.0,1.0,1.0,0.0,84.0,20.0,2.9999970000030003,0.0,17.999982000018,23.0,2026-02-11,1
2026-02-11 19:50:19.357,1.0,1.0,2.0,0.0,0.0,0.0,1.0,0.0,67.0,44.0,1000000.0,2000000.0,0.499999750000125,5.0,2026-02-11,0
2026-02-11 19:50:20.373,0.0,0.0,3.0,0.0,2.0,0.0,0.0,0.0,51.0,57.0,0.0,1.499999250000375,0.0,5.0,2026-02-11,0
2026-02-11 19:50:21.383,3.0,2.0,2.0,1.0,4.0,1.0,1.0,2.0,37.0,83.0,0.399999920000016,0.599999880000024,0.3749999531250059,16.0,2026-02-11,0
2026-02-11 19:50:22.387,1.0,6.0,1.0,3.0,1.0,0.0,0.0,0.0,16.0,90.0,5.999994000006001,3.999996000004,0.199999960000008,12.0,2026-02-11,1
2026-02-11 19:50:23.401,1.0,0.0,0.0,0.0,0.0,0.0,0.0,0.0,24.0,80.0,0.0,0.0,1000000.0,1.0,2026-02-11,1
2026-02-11 19:50:24.415,6.0,0.0,0.0,2.0,0.0,0.0,1.0,2.0,29.0,81.0,0.0,2000000.0,2.99999850000075,11.0,2026-02-11,1
2026-02-11 19:50:25.428,1.0,0.0,0.0,0.0,1.0,1.0,0.0,0.0,48.0,67.0,0.0,0.0,0.499999750000125,3.0,2026-02-11,0
2026-02-11 19:50:26.430,1.0,2.0,1.0,0.0,1.0,1.0,0.0,0.0,70.0,70.0,0.99999950000025,0.499999750000125,0.3333332222222592,6.0,2026-02-11,0
2026-02-11 19:50:27.431,2.0,1.0,1.0,2.0,4.0,0.0,0.0,1.0,61.0,66.0,0.2499999375000156,0.7499998125000469,0.285714244897965,11.0,2026-02-11,0
2026-02-11 19:50:28.444,0.0,0.0,0.0,1.0,0.0,1.0,0.0,1.0,80.0,61.0,0.0,0.999999000001,0.0,3.0,2026-02-11,0
2026-02-11 19:50:29.458,0.0,0.0,0.0,0.0,0.0,0.0,0.0,0.0,67.0,84.0,0.0,0.0,0.0,0.0,2026-02-11,0
2026-02-11 19:50:30.464,0.0,0.0,0.0,0.0,0.0,1.0,0.0,0.0,84.0,84.0,0.0,0.0,0.0,1.0,2026-02-11,0
2026-02-11 19:50:31.478,1.0,2.0,0.0,1.0,0.0,0.0,1.0,0.0,91.0,77.0,2000000.0,1000000.0,0.999999000001,5.0,2026-02-11,1
2026-02-11 19:50:32.494,0.0,1.0,0.0,0.0,0.0,0.0,1.0,1.0,77.0,56.0,1000000.0,0.0,0.0,3.0,2026-02-11,0
2026-02-11 19:50:33.509,0.0,0.0,1.0,0.0,0.0,0.0,0.0,0.0,77.0,60.0,0.0,1000000.0,0.0,1.0,2026-02-11,0
2026-02-11 19:50:34.516,1.0,0.0,0.0,1.0,2.0,0.0,0.0,1.0,60.0,70.0,0.0,0.499999750000125,0.3333332222222592,5.0,2026-02-11,0
2026-02-11 19:50:35.519,0.0,1.0,0.0,1.0,0.0,0.0,1.0,0.0,57.0,84.0,1000000.0,1000000.0,0.0,3.0,2026-02-11,1
2026-02-11 19:50:36.521,0.0,0.0,1.0,0.0,0.0,1.0,0.0,1.0,67.0,100.0,0.0,0.999999000001,0.0,3.0,2026-02-11,0
2026-02-11 19:50:37.533,1.0,1.0,3.0,0.0,1.0,0.0,0.0,0.0,51.0,100.0,0.999999000001,2.9999970000030003,0.2499999375000156,6.0,2026-02-11,0
2026-02-11 19:50:38.549,1.0,1.0,0.0,0.0,0.0,0.0,2.0,0.0,51.0,90.0,1000000.0,0.0,1000000.0,4.0,2026-02-11,1
2026-02-11 19:50:39.565,1.0,1.0,0.0,0.0,0.0,0.0,0.0,0.0,57.0,84.0,1000000.0,0.0,1000000.0,2.0,2026-02-11,1
2026-02-11 19:50:40.586,1.0,3.0,2.0,0.0,0.0,1.0,0.0,0.0,48.0,60.0,2.9999970000030003,1.999998000002,0.3333332222222592,7.0,2026-02-11,1
2026-02-11 19:50:41.590,16.0,9.0,6.0,2.0,4.0,2.0,3.0,4.0,34.0,64.0,1.4999997500000417,1.3333331111111482,1.1428570612244957,46.0,2026-02-11,1
2026-02-11 19:50:42.603,0.0,0.0,0.0,1.0,1.0,0.0,4.0,3.0,35.0,64.0,0.0,0.999999000001,0.0,9.0,2026-02-11,0
2026-02-11 19:50:43.615,13.0,2.0,1.0,0.0,2.0,0.0,0.0,1.0,35.0,60.0,0.99999950000025,0.499999750000125,4.33333188888937,19.0,2026-02-11,1
2026-02-11 19:50:44.628,1.0,2.0,0.0,1.0,1.0,0.0,0.0,0.0,24.0,56.0,1.999998000002,0.999999000001,0.499999750000125,5.0,2026-02-11,0
2026-02-11 19:50:45.641,1.0,2.0,2.0,1.0,1.0,3.0,0.0,0.0,43.0,60.0,0.4999998750000312,0.7499998125000469,0.1428571224489825,10.0,2026-02-11,0
2026-02-11 19:50:46.656,0.0,1.0,0.0,0.0,1.0,1.0,0.0,0.0,41.0,50.0,0.499999750000125,0.0,0.0,3.0,2026-02-11,0
2026-02-11 19:50:47.667,0.0,0.0,0.0,0.0,1.0,0.0,0.0,1.0,53.0,60.0,0.0,0.0,0.0,2.0,2026-02-11,0
2026-02-11 19:50:48.668,0.0,0.0,0.0,1.0,0.0,5.0,0.0,0.0,87.0,61.0,0.0,0.199999960000008,0.0,6.0,2026-02-11,0
2026-02-11 19:50:49.670,1.0,2.0,1.0,1.0,0.0,1.0,1.0,1.0,69.0,57.0,1.999998000002,1.999998000002,0.3333332222222592,8.0,2026-02-11,0
2026-02-11 19:50:50.671,4.0,0.0,0.0,0.0,0.0,0.0,0.0,0.0,54.0,80.0,0.0,0.0,4000000.0,4.0,2026-02-11,1
2026-02-11 19:50:51.686,0.0,0.0,0.0,0.0,0.0,0.0,0.0,0.0,54.0,77.0,0.0,0.0,0.0,0.0,2026-02-11,0
2026-02-11 19:50:52.700,0.0,2.0,1.0,1.0,1.0,1.0,0.0,0.0,29.0,78.0,0.99999950000025,0.99999950000025,0.0,6.0,2026-02-11,1
2026-02-11 19:50:53.714,0.0,0.0,0.0,2.0,1.0,1.0,0.0,1.0,38.0,93.0,0.0,0.99999950000025,0.0,5.0,2026-02-11,0
2026-02-11 19:50:54.733,0.0,4.0,0.0,2.0,1.0,1.0,0.0,0.0,37.0,74.0,1.9999990000005,0.99999950000025,0.0,8.0,2026-02-11,1
2026-02-11 19:50:55.747,0.0,2.0,1.0,0.0,2.0,2.0,0.0,0.0,35.0,69.0,0.4999998750000312,0.2499999375000156,0.0,7.0,2026-02-11,0
2026-02-11 19:50:56.759,1.0,3.0,0.0,0.0,4.0,3.0,1.0,0.0,40.0,47.0,0.4285713673469475,0.0,0.1428571224489825,12.0,2026-02-11,0
2026-02-11 19:50:57.774,1.0,2.0,0.0,2.0,0.0,2.0,0.0,1.0,41.0,30.0,0.99999950000025,0.99999950000025,0.2499999375000156,8.0,2026-02-11,0
2026-02-11 19:50:58.777,0.0,1.0,2.0,1.0,0.0,1.0,0.0,0.0,44.0,50.0,0.999999000001,2.9999970000030003,0.0,5.0,2026-02-11,0
2026-02-11 19:50:59.793,2.0,0.0,1.0,0.0,0.0,0.0,0.0,0.0,41.0,60.0,0.0,1000000.0,1.999998000002,3.0,2026-02-11,0
2026-02-11 19:51:00.808,8.0,3.0,1.0,3.0,1.0,1.0,2.0,2.0,30.0,83.0,1.499999250000375,1.9999990000005,1.3333331111111482,21.0,2026-02-11,1
2026-02-11 19:51:01.819,6.0,1.0,0.0,1.0,0.0,0.0,1.0,0.0,20.0,87.0,1000000.0,1000000.0,5.999994000006001,9.0,2026-02-11,1
2026-02-11 19:51:02.834,1.0,3.0,1.0,0.0,1.0,1.0,0.0,0.0,17.0,64.0,1.499999250000375,0.499999750000125,0.3333332222222592,7.0,2026-02-11,1
2026-02-11 19:51:03.834,51.0,8.0,1.0,2.0,2.0,1.0,3.0,4.0,4.0,41.0,2.666665777778074,0.9999996666667778,8.49999858333357,72.0,2026-02-11,1
2026-02-11 19:51:04.838,5.0,5.0,7.0,3.0,7.0,3.0,8.0,3.0,7.0,47.0,0.499999950000005,0.99999990000001,0.2499999875000006,41.0,2026-02-11,1
2026-02-11 19:51:05.853,5.0,0.0,0.0,0.0,0.0,0.0,0.0,0.0,11.0,51.0,0.0,0.0,4279999.999999746,5.0,2026-02-11,1
2026-02-11 19:51:06.868,4.0,0.0,0.0,0.0,0.0,0.0,0.0,0.0,17.0,56.0,0.0,0.0,4000000.0,4.0,2026-02-11,1
2026-02-11 19:51:07.880,0.0,1.0,1.0,0.0,0.0,0.0,0.0,1.0,30.0,70.0,1000000.0,1000000.0,0.0,3.0,2026-02-11,1
2026-02-11 19:51:08.892,4.0,1.0,0.0,0.0,0.0,0.0,1.0,1.0,29.0,64.0,1000000.0,0.0,4000000.0,7.0,2026-02-11,1
2026-02-11 19:51:09.900,0.0,4.0,2.0,1.0,0.0,1.0,0.0,1.0,21.0,57.0,3.999996000004,2.9999970000030003,0.0,9.0,2026-02-11,1
2026-02-11 19:51:10.918,4.0,2.0,0.0,1.0,0.0,1.0,0.0,1.0,17.0,54.0,1.999998000002,0.999999000001,1.9999990000005,9.0,2026-02-11,1
2026-02-11 19:51:11.924,0.0,2.0,0.0,0.0,1.0,2.0,1.0,0.0,23.0,38.0,0.6666664444445185,0.0,0.0,6.0,2026-02-11,0
2026-02-11 19:51:12.925,0.0,1.0,2.0,2.0,0.0,2.0,0.0,0.0,29.0,51.0,0.499999750000125,1.9999990000005,0.0,7.0,2026-02-11,0
2026-02-11 19:51:13.935,11.0,1.0,0.0,0.0,1.0,1.0,1.0,1.0,44.0,48.0,0.499999750000125,0.0,5.499997250001375,16.0,2026-02-11,0
2026-02-11 19:51:14.951,0.0,1.0,1.0,2.0,0.0,0.0,0.0,0.0,41.0,61.0,1000000.0,3000000.0,0.0,4.0,2026-02-11,0
2026-02-11 19:51:15.953,1.0,0.0,0.0,1.0,2.0,0.0,1.0,0.0,34.0,81.0,0.0,0.499999750000125,0.3333332222222592,5.0,2026-02-11,1
2026-02-11 19:51:16.967,8.0,1.0,1.0,0.0,2.0,0.0,0.0,0.0,17.0,66.0,0.499999750000125,0.499999750000125,2.666665777778074,12.0,2026-02-11,1
2026-02-11 19:51:17.968,19.0,10.0,1.0,3.0,1.0,1.0,2.0,4.0,1.0,60.0,4.99999750000125,1.9999990000005,3.166666138888977,41.0,2026-02-11,1
2026-02-11 19:51:18.978,0.0,0.0,1.0,2.0,1.0,2.0,0.0,1.0,11.0,63.0,0.0,0.9999996666667778,0.0,7.0,2026-02-11,0
2026-02-11 19:51:19.978,1.0,0.0,0.0,0.0,0.0,0.0,0.0,0.0,17.0,64.0,0.0,0.0,1000000.0,1.0,2026-02-11,0
2026-02-11 19:51:20.989,1.0,0.0,0.0,0.0,0.0,0.0,0.0,0.0,29.0,64.0,0.0,0.0,1000000.0,1.0,2026-02-11,0
2026-02-11 19:51:21.992,15.0,2.0,0.0,1.0,0.0,0.0,0.0,0.0,38.0,67.0,2000000.0,1000000.0,14.999985000015002,18.0,2026-02-11,1
2026-02-11 19:51:23.009,1.0,1.0,0.0,1.0,0.0,0.0,0.0,0.0,27.0,57.0,1000000.0,1000000.0,0.999999000001,3.0,2026-02-11,1
2026-02-11 19:51:24.023,0.0,1.0,0.0,0.0,1.0,1.0,0.0,0.0,27.0,43.0,0.499999750000125,0.0,0.0,3.0,2026-02-11,0
2026-02-11 19:51:25.037,2.0,0.0,0.0,0.0,0.0,0.0,0.0,0.0,34.0,51.0,0.0,0.0,2000000.0,2.0,2026-02-11,0
2026-02-11 19:51:26.050,30.0,14.0,1.0,3.0,4.0,1.0,1.0,0.0,23.0,47.0,2.799999440000112,0.799999840000032,3.3333329629630044,54.0,2026-02-11,1
2026-02-11 19:51:27.066,1.0,0.0,0.0,1.0,1.0,1.0,1.0,1.0,27.0,51.0,0.0,0.499999750000125,0.3333332222222592,6.0,2026-02-11,0
2026-02-11 19:51:28.078,2.0,3.0,1.0,2.0,1.0,2.0,1.0,1.0,26.0,60.0,0.9999996666667778,0.9999996666667778,0.333333277777787,13.0,2026-02-11,1
2026-02-11 19:51:29.088,0.0,0.0,1.0,0.0,1.0,0.0,0.0,1.0,24.0,61.0,0.0,0.999999000001,0.0,3.0,2026-02-11,0
2026-02-11 19:51:30.103,2.0,6.0,0.0,0.0,0.0,1.0,0.0,1.0,37.0,56.0,5.999994000006001,0.0,1.999998000002,10.0,2026-02-11,1
2026-02-11 19:51:31.118,11.0,1.0,0.0,2.0,1.0,1.0,1.0,1.0,30.0,48.0,0.499999750000125,0.99999950000025,2.749999312500172,18.0,2026-02-11,1
2026-02-11 19:51:32.135,6.0,8.0,4.0,2.0,4.0,4.0,1.0,2.0,29.0,48.0,0.9999998750000156,0.7499999062500118,0.4285713979591858,31.0,2026-02-11,1
2026-02-11 19:51:33.147,3.0,2.0,2.0,5.0,3.0,1.0,0.0,0.0,23.0,51.0,0.4999998750000312,1.7499995625001092,0.2727272479338866,16.0,2026-02-11,0
2026-02-11 19:51:34.162,1.0,2.0,1.0,0.0,1.0,0.0,0.0,0.0,21.0,63.0,1.999998000002,0.999999000001,0.499999750000125,5.0,2026-02-11,0
2026-02-11 19:51:35.167,18.0,1.0,2.0,2.0,6.0,0.0,0.0,0.0,16.0,69.0,0.1666666388888935,0.6666665555555741,1.7999998200000182,29.0,2026-02-11,0
2026-02-11 19:51:36.177,4.0,1.0,0.0,0.0,0.0,0.0,0.0,0.0,14.0,53.0,1000000.0,0.0,4000000.0,5.0,2026-02-11,1
2026-02-11 19:51:37.193,2.0,0.0,0.0,0.0,0.0,0.0,0.0,0.0,16.0,57.0,0.0,0.0,2000000.0,2.0,2026-02-11,0
2026-02-11 19:51:38.205,2.0,9.0,0.0,0.0,2.0,1.0,0.0,0.0,16.0,38.0,2.9999990000003334,0.0,0.6666664444445185,14.0,2026-02-11,1
2026-02-11 19:51:39.221,0.0,0.0,0.0,0.0,1.0,1.0,0.0,1.0,37.0,40.0,0.0,0.0,0.0,3.0,2026-02-11,0
2026-02-11 19:51:40.237,0.0,5.0,0.0,2.0,2.0,1.0,0.0,0.0,27.0,51.0,1.666666111111296,0.6666664444445185,0.0,10.0,2026-02-11,1
2026-02-11 19:51:41.248,1.0,1.0,2.0,2.0,1.0,0.0,1.0,1.0,26.0,48.0,0.999999000001,3.999996000004,0.199999960000008,9.0,2026-02-11,0
2026-02-11 19:51:42.260,12.0,6.0,3.0,2.0,1.0,2.0,1.0,1.0,29.0,70.0,1.9999993333335555,1.666666111111296,1.4999998125000236,28.0,2026-02-11,1
2026-02-11 19:51:43.273,1.0,0.0,0.0,0.0,0.0,0.0,0.0,0.0,20.0,60.0,0.0,0.0,1000000.0,1.0,2026-02-11,0
2026-02-11 19:51:44.289,11.0,4.0,2.0,5.0,1.0,1.0,0.0,1.0,20.0,75.0,1.9999990000005,3.499998250000875,1.2222220864197684,25.0,2026-02-11,1
2026-02-11 19:51:45.292,0.0,1.0,2.0,0.0,0.0,1.0,0.0,0.0,27.0,78.0,0.999999000001,1.999998000002,0.0,4.0,2026-02-11,1
2026-02-11 19:51:46.308,14.0,2.0,0.0,1.0,1.0,0.0,0.0,1.0,30.0,69.0,1.999998000002,0.999999000001,6.99999650000175,19.0,2026-02-11,1
2026-02-11 19:51:47.352,1.0,0.0,0.0,0.0,0.0,0.0,0.0,0.0,38.0,77.0,0.0,0.0,1000000.0,1.0,2026-02-11,0
2026-02-11 19:51:48.367,13.0,2.0,1.0,4.0,2.0,2.0,0.0,0.0,38.0,74.0,0.4999998750000312,1.249999687500078,1.4444442839506353,24.0,2026-02-11,1
2026-02-11 19:51:49.381,0.0,0.0,0.0,0.0,4.0,1.0,1.0,1.0,48.0,74.0,0.0,0.0,0.0,7.0,2026-02-11,0
2026-02-11 19:51:50.386,0.0,2.0,1.0,0.0,1.0,1.0,1.0,0.0,50.0,63.0,0.99999950000025,0.499999750000125,0.0,6.0,2026-02-11,0
2026-02-11 19:51:51.406,0.0,2.0,1.0,0.0,1.0,1.0,1.0,0.0,50.0,63.0,0.99999950000025,0.499999750000125,0.0,6.0,2026-02-11,0
2026-02-11 19:51:52.432,0.0,1.0,0.0,1.0,2.0,0.0,1.0,0.0,51.0,57.0,0.499999750000125,0.499999750000125,0.0,5.0,2026-02-11,0
2026-02-11 19:51:53.445,0.0,0.0,0.0,1.0,0.0,1.0,0.0,0.0,41.0,61.0,0.0,0.999999000001,0.0,2.0,2026-02-11,0
2026-02-11 19:51:54.457,0.0,0.0,0.0,1.0,0.0,1.0,1.0,0.0,44.0,77.0,0.0,0.999999000001,0.0,3.0,2026-02-11,0
2026-02-11 19:51:55.472,0.0,0.0,0.0,1.0,1.0,0.0,1.0,0.0,35.0,81.0,0.0,0.999999000001,0.0,3.0,2026-02-11,1
2026-02-11 19:51:56.473,2.0,1.0,1.0,0.0,1.0,1.0,0.0,0.0,43.0,81.0,0.499999750000125,0.499999750000125,0.6666664444445185,6.0,2026-02-11,0
2026-02-11 19:51:57.487,4.0,3.0,0.0,0.0,0.0,1.0,1.0,0.0,38.0,56.0,2.9999970000030003,0.0,3.999996000004,9.0,2026-02-11,1
2026-02-11 19:51:58.494,2.0,1.0,1.0,2.0,0.0,0.0,1.0,0.0,26.0,57.0,1000000.0,3000000.0,0.6666664444445185,7.0,2026-02-11,1
2026-02-11 19:51:59.496,2.0,1.0,0.0,0.0,0.0,2.0,0.0,0.0,43.0,54.0,0.499999750000125,0.0,0.99999950000025,5.0,2026-02-11,0
2026-02-11 19:52:00.498,0.0,1.0,0.0,1.0,0.0,1.0,0.0,0.0,47.0,57.0,0.999999000001,0.999999000001,0.0,3.0,2026-02-11,0
2026-02-11 19:52:01.499,3.0,3.0,0.0,0.0,0.0,0.0,0.0,0.0,27.0,61.0,3000000.0,0.0,3000000.0,6.0,2026-02-11,1
2026-02-11 19:52:04.533,28.0,8.0,1.0,3.0,2.0,1.0,2.0,2.0,26.0,41.0,2.666665777778074,1.333332888889037,3.99999942857151,47.0,2026-02-11,1
2026-02-11 19:52:05.537,21.0,4.0,0.0,0.0,1.0,1.0,1.0,1.0,16.0,30.0,1.9999990000005,0.0,10.499994750002624,29.0,2026-02-11,1
2026-02-11 19:52:06.544,29.0,4.0,0.0,1.0,0.0,0.0,1.0,0.0,1.0,11.0,3000000.0,1000000.0,28.999971000029003,35.0,2026-02-11,1
2026-02-11 19:52:07.547,42.0,2.0,2.0,0.0,0.0,1.0,0.0,0.0,11.0,35.0,1.999998000002,1.999998000002,13.999995333334889,47.0,2026-02-11,1
2026-02-11 19:52:08.562,53.0,3.0,0.0,0.0,1.0,2.0,1.0,3.0,23.0,21.0,0.9999996666667778,0.0,17.66666077777974,63.0,2026-02-11,1
2026-02-11 19:52:09.576,1.0,1.0,2.0,1.0,0.0,0.0,0.0,0.0,17.0,44.0,1000000.0,3000000.0,0.3333332222222592,5.0,2026-02-11,1
2026-02-11 19:52:10.590,3.0,2.0,0.0,0.0,0.0,0.0,0.0,0.0,17.0,50.0,2000000.0,0.0,3000000.0,5.0,2026-02-11,1
2026-02-11 19:52:11.602,12.0,2.0,0.0,5.0,1.0,2.0,1.0,4.0,24.0,51.0,0.6666664444445185,1.666666111111296,1.4999998125000236,27.0,2026-02-11,1
2026-02-11 19:52:12.617,6.0,1.0,0.0,1.0,1.0,0.0,0.0,0.0,16.0,70.0,0.999999000001,0.999999000001,2.99999850000075,9.0,2026-02-11,1
2026-02-11 19:52:13.619,4.0,0.0,0.0,0.0,0.0,0.0,0.0,0.0,13.0,66.0,0.0,0.0,4000000.0,4.0,2026-02-11,1
2026-02-11 19:52:14.634,7.0,0.0,0.0,2.0,1.0,1.0,1.0,1.0,37.0,87.0,0.0,0.99999950000025,1.7499995625001092,13.0,2026-02-11,1
2026-02-11 19:52:15.649,3.0,2.0,0.0,1.0,0.0,0.0,0.0,0.0,30.0,75.0,2000000.0,1000000.0,2.9999970000030003,6.0,2026-02-11,1
2026-02-11 19:52:16.665,6.0,3.0,5.0,2.0,1.0,0.0,3.0,1.0,26.0,84.0,2.9999970000030003,6.9999930000070005,0.7499999062500118,21.0,2026-02-11,1
2026-02-11 19:52:17.679,0.0,2.0,0.0,0.0,3.0,1.0,0.0,0.0,38.0,74.0,0.4999998750000312,0.0,0.0,6.0,2026-02-11,0
2026-02-11 19:52:18.681,0.0,3.0,0.0,1.0,1.0,0.0,1.0,0.0,20.0,56.0,2.9999970000030003,0.999999000001,0.0,6.0,2026-02-11,1
2026-02-11 19:52:19.696,2.0,3.0,1.0,0.0,1.0,1.0,0.0,0.0,20.0,54.0,1.499999250000375,0.499999750000125,0.6666664444445185,8.0,2026-02-11,1
2026-02-11 19:52:20.697,1.0,1.0,1.0,4.0,1.0,1.0,0.0,0.0,26.0,63.0,0.499999750000125,2.499998750000625,0.1428571224489825,9.0,2026-02-11,0
2026-02-11 19:52:21.703,0.0,0.0,0.0,0.0,0.0,1.0,0.0,0.0,37.0,60.0,0.0,0.0,0.0,1.0,2026-02-11,0
2026-02-11 19:52:23.741,57.0,7.0,2.0,6.0,2.0,2.0,2.0,1.0,41.0,64.0,1.7499995625001092,1.999999500000125,4.7499996041667,79.0,2026-02-11,1
2026-02-11 19:52:24.751,4.0,7.0,1.0,1.0,0.0,0.0,0.0,0.0,30.0,60.0,3000000.0,2000000.0,1.9999990000005,13.0,2026-02-11,1
2026-02-11 19:52:25.766,30.0,33.0,5.0,9.0,4.0,6.0,15.0,13.0,26.0,30.0,3.2999996700000334,1.399999860000014,1.2499999479166688,115.0,2026-02-11,1
2026-02-11 19:52:26.777,8.0,6.0,1.0,1.0,1.0,1.0,0.0,0.0,8.0,34.0,2.99999850000075,0.99999950000025,1.999999500000125,18.0,2026-02-11,1
2026-02-11 19:52:27.781,1.0,0.0,0.0,0.0,0.0,0.0,0.0,0.0,10.0,29.0,0.0,0.0,1000000.0,1.0,2026-02-11,0
2026-02-11 19:52:28.787,7.0,13.0,3.0,5.0,3.0,4.0,6.0,5.0,21.0,37.0,1.8571425918367723,1.14285697959186,0.4666666355555576,46.0,2026-02-11,1
2026-02-11 19:52:29.800,3.0,1.0,0.0,1.0,1.0,1.0,0.0,1.0,30.0,38.0,0.499999750000125,0.499999750000125,0.9999996666667778,8.0,2026-02-11,0
2026-02-11 19:52:30.816,4.0,0.0,0.0,1.0,0.0,0.0,0.0,1.0,40.0,53.0,0.0,1000000.0,3.999996000004,6.0,2026-02-11,0
2026-02-11 19:52:31.819,2.0,1.0,0.0,1.0,1.0,1.0,0.0,0.0,44.0,57.0,0.499999750000125,0.499999750000125,0.6666664444445185,6.0,2026-02-11,0
2026-02-11 19:52:32.823,0.0,2.0,0.0,1.0,0.0,1.0,1.0,0.0,51.0,61.0,1.999998000002,0.999999000001,0.0,5.0,2026-02-11,0
2026-02-11 19:52:33.838,0.0,2.0,1.0,0.0,1.0,1.0,0.0,1.0,50.0,66.0,0.99999950000025,0.499999750000125,0.0,6.0,2026-02-11,0
2026-02-11 19:52:34.841,2.0,1.0,2.0,0.0,0.0,0.0,0.0,0.0,47.0,75.0,1000000.0,2000000.0,0.99999950000025,5.0,2026-02-11,1
2026-02-11 19:52:35.845,12.0,1.0,0.0,0.0,0.0,0.0,0.0,0.0,34.0,61.0,1000000.0,0.0,4279999.999999746,13.0,2026-02-11,1
2026-02-11 19:52:36.860,36.0,1.0,0.0,1.0,1.0,1.0,0.0,0.0,38.0,60.0,0.499999750000125,0.499999750000125,11.999996000001332,40.0,2026-02-11,0
2026-02-11 19:52:37.974,9.0,8.0,3.0,2.0,1.0,2.0,2.0,2.0,30.0,60.0,2.666665777778074,1.666666111111296,1.1249998593750177,29.0,2026-02-11,1
2026-02-11 19:52:38.985,52.0,7.0,2.0,5.0,5.0,4.0,6.0,6.0,34.0,41.0,0.7777776913580343,0.7777776913580343,3.2499997968750125,87.0,2026-02-11,1
2026-02-11 19:52:39.989,60.0,1.0,7.0,6.0,6.0,3.0,4.0,6.0,44.0,67.0,0.1111110987654334,1.4444442839506353,2.727272603305791,93.0,2026-02-11,0
2026-02-11 19:52:40.991,3.0,0.0,0.0,0.0,0.0,0.0,0.0,0.0,27.0,66.0,0.0,0.0,3000000.0,3.0,2026-02-11,0
2026-02-11 19:52:41.994,19.0,4.0,8.0,5.0,2.0,1.0,2.0,3.0,24.0,84.0,1.333332888889037,4.33333188888937,1.1874999257812546,44.0,2026-02-11,1
2026-02-11 19:52:42.997,9.0,6.0,1.0,1.0,2.0,1.0,1.0,3.0,20.0,78.0,1.9999993333335555,0.6666664444445185,1.799999640000072,24.0,2026-02-11,1
2026-02-11 19:52:44.005,25.0,7.0,3.0,0.0,1.0,3.0,3.0,8.0,17.0,57.0,1.7499995625001092,0.7499998125000469,3.571428061224563,50.0,2026-02-11,1
2026-02-11 19:52:45.008,31.0,56.0,15.0,3.0,4.0,3.0,10.0,18.0,10.0,54.0,7.99999885714302,2.571428204081685,1.239999950400002,140.0,2026-02-11,1
2026-02-11 19:52:46.021,2.0,0.0,0.0,1.0,1.0,1.0,2.0,4.0,24.0,43.0,0.0,0.499999750000125,0.6666664444445185,11.0,2026-02-11,0
2026-02-11 19:52:47.038,10.0,4.0,3.0,0.0,2.0,2.0,3.0,2.0,26.0,51.0,0.9999997500000624,0.7499998125000469,1.428571224489825,26.0,2026-02-11,1
2026-02-11 19:52:48.043,54.0,17.0,1.0,0.0,0.0,1.0,2.0,1.0,14.0,35.0,16.999983000017,0.999999000001,26.99998650000675,76.0,2026-02-11,1
2026-02-11 19:52:49.049,0.0,1.0,0.0,1.0,1.0,0.0,0.0,0.0,21.0,50.0,0.999999000001,0.999999000001,0.0,3.0,2026-02-11,0
2026-02-11 19:52:50.059,0.0,1.0,1.0,4.0,5.0,1.0,0.0,1.0,23.0,56.0,0.1666666388888935,0.8333331944444675,0.0,13.0,2026-02-11,0
2026-02-11 19:52:51.141,0.0,1.0,1.0,4.0,5.0,1.0,0.0,1.0,23.0,56.0,0.1666666388888935,0.8333331944444675,0.0,13.0,2026-02-11,0
2026-02-11 19:52:52.154,0.0,0.0,0.0,0.0,1.0,0.0,0.0,0.0,41.0,60.0,0.0,0.0,0.0,1.0,2026-02-11,0
2026-02-11 19:52:53.172,1.0,3.0,1.0,0.0,1.0,0.0,0.0,0.0,38.0,47.0,2.9999970000030003,0.999999000001,0.499999750000125,6.0,2026-02-11,1
2026-02-11 19:52:54.183,3.0,0.0,0.0,0.0,0.0,0.0,0.0,0.0,30.0,38.0,0.0,0.0,3000000.0,3.0,2026-02-11,0
2026-02-11 19:52:56.195,5.0,27.0,1.0,9.0,7.0,8.0,5.0,8.0,26.0,34.0,1.799999880000008,0.6666666222222252,0.1999999920000003,70.0,2026-02-11,1
2026-02-11 19:52:57.208,31.0,33.0,1.0,2.0,6.0,6.0,8.0,9.0,21.0,10.0,2.749999770833353,0.2499999791666684,2.066666528888898,96.0,2026-02-11,1
2026-02-11 19:52:58.221,15.0,20.0,4.0,2.0,3.0,6.0,4.0,14.0,24.0,10.0,2.2222219753086696,0.6666665925926009,0.9999999333333378,68.0,2026-02-11,1
2026-02-11 19:52:59.234,49.0,33.0,28.0,18.0,38.0,19.0,27.0,47.0,34.0,16.0,0.5789473582640815,0.8070175297014469,0.4757281507210859,259.0,2026-02-11,1
2026-02-11 19:53:00.237,19.0,2.0,2.0,2.0,5.0,4.0,7.0,9.0,43.0,30.0,0.2222221975308669,0.4444443950617339,1.4615383491124347,50.0,2026-02-11,0
2026-02-11 19:53:01.250,22.0,3.0,1.0,0.0,1.0,1.0,1.0,0.0,47.0,50.0,1.499999250000375,0.499999750000125,7.333330888889703,29.0,2026-02-11,1
2026-02-11 19:53:02.263,18.0,2.0,1.0,0.0,0.0,0.0,0.0,1.0,38.0,69.0,2000000.0,1000000.0,17.999982000018,22.0,2026-02-11,1
2026-02-11 19:53:03.273,7.0,0.0,0.0,0.0,0.0,0.0,0.0,0.0,50.0,63.0,0.0,0.0,4279999.999999746,7.0,2026-02-11,0
2026-02-11 19:53:04.275,4.0,0.0,0.0,0.0,0.0,0.0,0.0,0.0,44.0,60.0,0.0,0.0,4000000.0,4.0,2026-02-11,0
2026-02-11 19:53:05.279,0.0,4.0,1.0,3.0,1.0,1.0,0.0,0.0,43.0,66.0,1.9999990000005,1.9999990000005,0.0,10.0,2026-02-11,0
2026-02-11 19:53:06.291,1.0,0.0,0.0,0.0,0.0,1.0,0.0,1.0,60.0,67.0,0.0,0.0,0.999999000001,3.0,2026-02-11,0
2026-02-11 19:53:07.294,10.0,2.0,0.0,0.0,0.0,0.0,0.0,0.0,37.0,66.0,2000000.0,0.0,4279999.999999746,12.0,2026-02-11,1
2026-02-11 19:53:10.318,2.0,5.0,1.0,3.0,2.0,1.0,3.0,7.0,24.0,69.0,1.666666111111296,1.333332888889037,0.285714244897965,24.0,2026-02-11,1
2026-02-11 19:53:11.331,39.0,2.0,5.0,1.0,4.0,19.0,32.0,11.0,47.0,67.0,0.0869565179584122,0.2608695538752368,1.344827539833533,113.0,2026-02-11,0
2026-02-11 19:53:12.336,49.0,17.0,16.0,6.0,11.0,6.0,11.0,3.0,35.0,64.0,0.999999941176474,1.2941175709342605,1.2564102241946098,119.0,2026-02-11,1
2026-02-11 19:53:13.346,48.0,100.0,30.0,3.0,5.0,9.0,11.0,39.0,35.0,61.0,7.142856632653098,2.3571426887755225,1.0212765740153922,245.0,2026-02-11,1
2026-02-11 19:53:14.358,52.0,34.0,17.0,10.0,4.0,15.0,17.0,23.0,43.0,57.0,1.7894735900277057,1.4210525567867074,1.130434758034027,172.0,2026-02-11,0
2026-02-11 19:53:15.372,3.0,0.0,1.0,0.0,0.0,0.0,0.0,1.0,20.0,74.0,0.0,1000000.0,2.9999970000030003,5.0,2026-02-11,1
2026-02-11 19:53:16.386,15.0,16.0,21.0,25.0,10.0,2.0,6.0,6.0,7.0,83.0,1.3333332222222316,3.833333013888916,0.2586206851961951,101.0,2026-02-11,1
2026-02-11 19:53:17.406,49.0,40.0,5.0,4.0,6.0,2.0,7.0,6.0,3.0,78.0,4.999999375000079,1.1249998593750177,2.8823527716263078,119.0,2026-02-11,1
2026-02-11 19:53:18.407,1.0,3.0,0.0,0.0,0.0,1.0,1.0,1.0,7.0,53.0,2.9999970000030003,0.0,0.999999000001,7.0,2026-02-11,1
2026-02-11 19:53:19.423,2.0,0.0,0.0,0.0,1.0,0.0,0.0,1.0,10.0,41.0,0.0,0.0,1.999998000002,4.0,2026-02-11,0
2026-02-11 19:53:20.438,9.0,1.0,0.0,0.0,0.0,1.0,2.0,1.0,30.0,24.0,0.999999000001,0.0,8.999991000009,14.0,2026-02-11,1
2026-02-11 19:53:21.452,3.0,1.0,0.0,4.0,1.0,1.0,2.0,0.0,44.0,50.0,0.499999750000125,1.9999990000005,0.4999999166666805,12.0,2026-02-11,0
2026-02-11 19:53:23.480,1.0,2.0,0.0,0.0,0.0,1.0,0.0,0.0,43.0,63.0,1.999998000002,0.0,0.999999000001,4.0,2026-02-11,0
2026-02-11 19:53:24.481,1.0,1.0,0.0,0.0,0.0,0.0,0.0,0.0,43.0,56.0,1000000.0,0.0,1000000.0,2.0,2026-02-11,0
2026-02-11 19:53:25.484,19.0,45.0,9.0,1.0,3.0,7.0,11.0,26.0,29.0,47.0,4.499999550000045,0.99999990000001,0.9499999525000024,121.0,2026-02-11,1
2026-02-11 19:53:26.500,9.0,18.0,5.0,11.0,7.0,8.0,15.0,19.0,29.0,30.0,1.199999920000005,1.0666665955555603,0.290322571279917,92.0,2026-02-11,1
2026-02-11 19:53:27.512,17.0,7.0,3.0,4.0,1.0,3.0,3.0,2.0,27.0,47.0,1.7499995625001092,1.7499995625001092,1.5454544049586905,40.0,2026-02-11,1
2026-02-11 19:53:28.523,33.0,3.0,2.0,3.0,4.0,4.0,2.0,0.0,37.0,53.0,0.3749999531250059,0.6249999218750099,2.5384613431952814,51.0,2026-02-11,0
2026-02-11 19:53:29.631,16.0,7.0,0.0,0.0,1.0,0.0,1.0,3.0,34.0,47.0,6.9999930000070005,0.0,15.999984000016,28.0,2026-02-11,1
2026-02-11 19:53:30.638,20.0,6.0,1.0,0.0,3.0,2.0,4.0,3.0,34.0,35.0,1.199999760000048,0.199999960000008,3.33333277777787,39.0,2026-02-11,1
2026-02-11 19:53:31.645,4.0,0.0,0.0,0.0,0.0,0.0,0.0,0.0,40.0,27.0,0.0,0.0,4000000.0,4.0,2026-02-11,0
2026-02-11 19:53:32.647,65.0,1.0,1.0,2.0,1.0,0.0,1.0,3.0,29.0,35.0,0.999999000001,2.9999970000030003,16.249995937501016,74.0,2026-02-11,1
2026-02-11 19:53:33.650,10.0,9.0,1.0,1.0,1.0,1.0,2.0,1.0,29.0,43.0,4.499997750001125,0.99999950000025,2.499999375000156,26.0,2026-02-11,1
2026-02-11 19:53:34.665,11.0,7.0,0.0,1.0,0.0,1.0,2.0,2.0,26.0,44.0,6.9999930000070005,0.999999000001,5.499997250001375,24.0,2026-02-11,1
2026-02-11 19:53:35.678,1.0,2.0,0.0,0.0,1.0,1.0,0.0,1.0,23.0,38.0,0.99999950000025,0.0,0.499999750000125,6.0,2026-02-11,0
2026-02-11 19:53:36.696,1.0,6.0,0.0,4.0,0.0,0.0,1.0,0.0,10.0,24.0,3000000.0,3000000.0,0.2499999375000156,12.0,2026-02-11,1
2026-02-11 19:53:37.709,1.0,0.0,0.0,0.0,0.0,1.0,0.0,0.0,38.0,37.0,0.0,0.0,0.999999000001,2.0,2026-02-11,0
2026-02-11 19:53:38.725,1.0,0.0,0.0,1.0,0.0,0.0,0.0,0.0,38.0,51.0,0.0,1000000.0,0.999999000001,2.0,2026-02-11,0
2026-02-11 19:53:39.736,43.0,2.0,0.0,1.0,0.0,0.0,0.0,0.0,35.0,60.0,2000000.0,1000000.0,42.99995700004301,46.0,2026-02-11,1
2026-02-11 19:53:40.738,16.0,9.0,2.0,1.0,2.0,3.0,2.0,5.0,50.0,57.0,1.799999640000072,0.599999880000024,1.9999997500000315,40.0,2026-02-11,0
2026-02-11 19:53:41.740,35.0,36.0,6.0,16.0,1.0,5.0,8.0,8.0,24.0,54.0,5.999999000000167,3.666666055555657,1.2499999553571444,115.0,2026-02-11,1
2026-02-11 19:53:42.742,18.0,19.0,4.0,7.0,10.0,9.0,18.0,11.0,27.0,47.0,0.9999999473684238,0.5789473379501401,0.5999999800000007,96.0,2026-02-11,1
2026-02-11 19:53:43.745,36.0,9.0,1.0,3.0,2.0,1.0,4.0,1.0,23.0,38.0,2.9999990000003334,1.333332888889037,5.14285640816337,57.0,2026-02-11,1
2026-02-11 19:53:44.747,26.0,18.0,1.0,5.0,0.0,4.0,9.0,8.0,20.0,34.0,4.499998875000281,1.4999996250000938,2.599999740000026,71.0,2026-02-11,1
2026-02-11 19:53:45.762,52.0,65.0,45.0,37.0,19.0,41.0,38.0,23.0,34.0,40.0,1.0833333152777782,1.3666666438888893,0.3661971805197381,320.0,2026-02-11,1
2026-02-11 19:53:46.776,10.0,57.0,14.0,6.0,24.0,13.0,18.0,7.0,23.0,48.0,1.540540498904311,0.5405405259313372,0.175438593413358,149.0,2026-02-11,1
2026-02-11 19:53:47.791,3.0,16.0,1.0,4.0,5.0,1.0,6.0,9.0,14.0,50.0,2.6666662222222963,0.8333331944444675,0.2727272479338866,45.0,2026-02-11,1
2026-02-11 19:53:48.806,0.0,0.0,0.0,0.0,0.0,0.0,1.0,0.0,20.0,51.0,0.0,0.0,0.0,1.0,2026-02-11,0
2026-02-11 19:53:49.819,1.0,4.0,1.0,2.0,3.0,1.0,2.0,1.0,23.0,44.0,0.9999997500000624,0.7499998125000469,0.1428571224489825,15.0,2026-02-11,1
2026-02-11 19:53:51.847,35.0,7.0,8.0,4.0,2.0,2.0,2.0,3.0,21.0,66.0,1.7499995625001092,2.9999992500001875,2.1874998632812583,63.0,2026-02-11,1
2026-02-11 19:53:52.861,21.0,3.0,6.0,3.0,3.0,1.0,1.0,0.0,26.0,88.0,0.7499998125000469,2.2499994375001404,1.61538449112427,38.0,2026-02-11,1
2026-02-11 19:53:53.874,15.0,11.0,11.0,9.0,1.0,1.0,6.0,9.0,4.0,94.0,5.499997250001375,9.9999950000025,0.6818181508264477,63.0,2026-02-11,1
2026-02-11 19:53:54.888,31.0,31.0,3.0,3.0,11.0,10.0,7.0,24.0,10.0,81.0,1.476190405895695,0.2857142721088441,1.1481481056241445,120.0,2026-02-11,1
2026-02-11 19:53:55.903,35.0,9.0,6.0,1.0,5.0,5.0,3.0,7.0,17.0,67.0,0.8999999100000091,0.699999930000007,2.058823408304505,71.0,2026-02-11,1
2026-02-11 19:53:56.919,18.0,5.0,1.0,4.0,0.0,1.0,2.0,4.0,20.0,57.0,4.999995000005001,4.999995000005001,2.9999995000000834,35.0,2026-02-11,1
2026-02-11 19:53:57.923,2.0,5.0,1.0,3.0,2.0,1.0,2.0,1.0,29.0,44.0,1.666666111111296,1.333332888889037,0.285714244897965,17.0,2026-02-11,1
2026-02-11 19:53:58.925,1.0,0.0,0.0,0.0,0.0,0.0,0.0,0.0,30.0,61.0,0.0,0.0,1000000.0,1.0,2026-02-11,0
2026-02-11 19:54:00.928,52.0,25.0,7.0,8.0,7.0,5.0,5.0,7.0,23.0,60.0,2.083333159722237,1.249999895833342,1.9259258545953384,116.0,2026-02-11,1
2026-02-11 19:54:01.943,15.0,4.0,2.0,3.0,2.0,5.0,14.0,5.0,38.0,60.0,0.57142848979593,0.7142856122449125,1.249999895833342,50.0,2026-02-11,0
2026-02-11 19:54:02.946,23.0,2.0,0.0,1.0,2.0,3.0,4.0,2.0,53.0,56.0,0.399999920000016,0.199999960000008,3.833332694444551,37.0,2026-02-11,0
2026-02-11 19:54:03.958,9.0,10.0,1.0,13.0,6.0,1.0,1.0,2.0,38.0,60.0,1.428571224489825,1.999999714285755,0.4285714081632663,43.0,2026-02-11,0
2026-02-11 19:54:04.974,24.0,2.0,3.0,6.0,2.0,2.0,4.0,2.0,44.0,78.0,0.4999998750000312,2.2499994375001404,1.8461537041420228,45.0,2026-02-11,1
2026-02-11 19:54:05.980,25.0,36.0,3.0,10.0,13.0,4.0,9.0,22.0,26.0,66.0,2.1176469342560624,0.7647058373702448,0.8333333055555564,122.0,2026-02-11,1
2026-02-11 19:54:06.982,6.0,14.0,1.0,9.0,12.0,4.0,4.0,7.0,13.0,64.0,0.8749999453125034,0.6249999609375024,0.2307692218934914,57.0,2026-02-11,1
2026-02-11 19:54:07.997,4.0,0.0,1.0,0.0,1.0,1.0,1.0,1.0,35.0,66.0,0.0,0.499999750000125,1.333332888889037,9.0,2026-02-11,1
2026-02-11 19:54:09.006,3.0,1.0,1.0,1.0,1.0,0.0,2.0,0.0,26.0,57.0,0.999999000001,1.999998000002,0.9999996666667778,9.0,2026-02-11,0
2026-02-11 19:54:10.020,20.0,1.0,0.0,1.0,1.0,0.0,1.0,0.0,35.0,66.0,0.999999000001,0.999999000001,9.9999950000025,24.0,2026-02-11,1
2026-02-11 19:54:11.034,28.0,4.0,0.0,2.0,4.0,0.0,1.0,0.0,29.0,63.0,0.9999997500000624,0.4999998750000312,4.6666658888890185,39.0,2026-02-11,1
2026-02-11 19:54:12.047,1.0,0.0,1.0,0.0,0.0,1.0,1.0,1.0,27.0,63.0,0.0,0.999999000001,0.499999750000125,5.0,2026-02-11,0
2026-02-11 19:54:13.053,15.0,10.0,4.0,2.0,1.0,1.0,1.0,1.0,26.0,54.0,4.99999750000125,2.99999850000075,1.8749997656250292,35.0,2026-02-11,1
2026-02-11 19:54:14.068,51.0,3.0,9.0,1.0,2.0,1.0,3.0,6.0,24.0,70.0,0.9999996666667778,3.3333322222225923,3.9230766213017993,76.0,2026-02-11,1
2026-02-11 19:54:15.078,1.0,0.0,0.0,0.0,0.0,0.0,0.0,0.0,40.0,90.0,0.0,0.0,1000000.0,1.0,2026-02-11,0
2026-02-11 19:54:16.093,3.0,0.0,0.0,0.0,1.0,0.0,0.0,0.0,38.0,70.0,0.0,0.0,2.9999970000030003,4.0,2026-02-11,0
2026-02-11 19:54:18.114,7.0,2.0,2.0,1.0,1.0,0.0,0.0,1.0,35.0,87.0,1.999998000002,2.9999970000030003,1.7499995625001092,14.0,2026-02-11,1
2026-02-11 19:54:19.117,8.0,8.0,0.0,1.0,2.0,1.0,0.0,2.0,35.0,56.0,2.666665777778074,0.3333332222222592,1.999999500000125,22.0,2026-02-11,1
2026-02-11 19:54:20.118,1.0,0.0,0.0,0.0,0.0,0.0,0.0,1.0,40.0,37.0,0.0,0.0,1000000.0,2.0,2026-02-11,0
2026-02-11 19:54:21.128,40.0,20.0,0.0,1.0,2.0,5.0,7.0,3.0,34.0,23.0,2.85714244897965,0.1428571224489825,4.999999375000079,78.0,2026-02-11,1
2026-02-11 19:54:22.142,35.0,8.0,20.0,51.0,31.0,14.0,34.0,76.0,43.0,27.0,0.1777777738271606,1.5777777427160502,0.3017241353299643,269.0,2026-02-11,0
2026-02-11 19:54:23.154,51.0,22.0,14.0,6.0,4.0,3.0,9.0,4.0,38.0,48.0,3.142856693877615,2.85714244897965,1.888888818930044,113.0,2026-02-11,1
2026-02-11 19:54:24.170,4.0,0.0,0.0,0.0,0.0,0.0,0.0,0.0,21.0,67.0,0.0,0.0,4000000.0,4.0,2026-02-11,1
2026-02-11 19:54:25.186,55.0,40.0,0.0,3.0,29.0,11.0,17.0,37.0,23.0,67.0,0.9999999750000008,0.074999998125,1.2790697376960527,192.0,2026-02-11,1
2026-02-11 19:54:26.187,41.0,4.0,0.0,1.0,2.0,1.0,2.0,1.0,17.0,44.0,1.333332888889037,0.3333332222222592,10.24999743750064,52.0,2026-02-11,1
2026-02-11 19:54:27.198,1.0,0.0,0.0,1.0,0.0,1.0,2.0,1.0,37.0,50.0,0.0,0.999999000001,0.499999750000125,6.0,2026-02-11,0
2026-02-11 19:54:28.214,20.0,8.0,1.0,2.0,0.0,0.0,0.0,1.0,26.0,40.0,3000000.0,3000000.0,6.666664444445185,32.0,2026-02-11,1
2026-02-11 19:54:29.226,0.0,2.0,0.0,1.0,0.0,1.0,0.0,0.0,30.0,61.0,1.999998000002,0.999999000001,0.0,4.0,2026-02-11,0
2026-02-11 19:54:30.247,0.0,1.0,1.0,0.0,0.0,0.0,0.0,1.0,37.0,80.0,1000000.0,1000000.0,0.0,3.0,2026-02-11,1
2026-02-11 19:54:31.258,1.0,1.0,0.0,1.0,1.0,1.0,0.0,0.0,35.0,75.0,0.499999750000125,0.499999750000125,0.3333332222222592,5.0,2026-02-11,1
2026-02-11 19:54:32.272,43.0,4.0,0.0,1.0,1.0,2.0,0.0,0.0,53.0,70.0,1.333332888889037,0.3333332222222592,10.749997312500671,51.0,2026-02-11,1
2026-02-11 19:54:33.287,4.0,4.0,0.0,0.0,1.0,1.0,0.0,0.0,47.0,64.0,1.9999990000005,0.0,1.9999990000005,10.0,2026-02-11,1
2026-02-11 19:54:34.302,34.0,9.0,7.0,8.0,12.0,12.0,6.0,25.0,54.0,56.0,0.3749999843750006,0.6249999739583344,0.8717948494411578,113.0,2026-02-11,0
2026-02-11 19:54:35.314,15.0,3.0,2.0,1.0,0.0,0.0,0.0,0.0,41.0,57.0,3000000.0,3000000.0,4.999998333333888,21.0,2026-02-11,1
2026-02-11 19:54:36.316,24.0,2.0,1.0,1.0,0.0,0.0,1.0,1.0,35.0,69.0,2000000.0,2000000.0,11.999994000003,30.0,2026-02-11,1
2026-02-11 19:54:37.330,8.0,11.0,7.0,5.0,4.0,1.0,2.0,11.0,26.0,84.0,2.199999560000088,2.399999520000096,0.4705882076124583,49.0,2026-02-11,1
2026-02-11 19:54:38.345,5.0,1.0,0.0,1.0,0.0,0.0,0.0,0.0,21.0,90.0,1000000.0,1000000.0,4.999995000005001,7.0,2026-02-11,1
2026-02-11 19:54:39.358,32.0,4.0,2.0,1.0,1.0,0.0,0.0,0.0,17.0,84.0,3.999996000004,2.9999970000030003,7.9999980000005,40.0,2026-02-11,1
2026-02-11 19:54:40.373,13.0,11.0,0.0,0.0,1.0,1.0,2.0,3.0,13.0,64.0,5.499997250001375,0.0,6.499996750001625,31.0,2026-02-11,1
2026-02-11 19:54:41.386,19.0,33.0,5.0,5.0,2.0,1.0,6.0,8.0,7.0,51.0,10.999996333334556,3.3333322222225923,1.4615383491124347,79.0,2026-02-11,1
2026-02-11 19:54:42.401,43.0,86.0,16.0,36.0,9.0,11.0,9.0,11.0,1.0,40.0,4.2999997850000105,2.599999870000006,0.5972222139274693,221.0,2026-02-11,1
2026-02-11 19:54:43.403,33.0,2.0,0.0,0.0,0.0,0.0,0.0,0.0,1.0,27.0,2000000.0,0.0,4279999.999999746,35.0,2026-02-11,1
2026-02-11 19:54:44.406,16.0,46.0,7.0,11.0,12.0,3.0,18.0,10.0,1.0,37.0,3.066666462222236,1.199999920000005,0.484848470156107,123.0,2026-02-11,1
2026-02-11 19:54:45.420,40.0,14.0,8.0,27.0,23.0,11.0,52.0,67.0,11.0,53.0,0.4117646937716266,1.0294117344290667,0.5797101365259401,242.0,2026-02-11,1
2026-02-11 19:54:46.434,13.0,4.0,2.0,0.0,1.0,0.0,0.0,1.0,10.0,54.0,3.999996000004,1.999998000002,4.33333188888937,21.0,2026-02-11,1
2026-02-11 19:54:47.450,29.0,13.0,7.0,5.0,2.0,0.0,2.0,1.0,1.0,69.0,6.499996750001625,5.9999970000015,2.0714284234693983,59.0,2026-02-11,1
2026-02-11 19:54:48.465,0.0,0.0,0.0,0.0,1.0,1.0,1.0,0.0,21.0,77.0,0.0,0.0,0.0,3.0,2026-02-11,1
2026-02-11 19:54:49.476,3.0,1.0,1.0,1.0,0.0,1.0,1.0,2.0,23.0,75.0,0.999999000001,1.999998000002,0.9999996666667778,10.0,2026-02-11,1
2026-02-11 19:54:51.490,60.0,31.0,3.0,5.0,6.0,6.0,10.0,8.0,29.0,63.0,2.583333118055574,0.6666666111111158,2.999999850000007,129.0,2026-02-11,1
2026-02-11 19:54:52.505,15.0,8.0,1.0,2.0,0.0,2.0,3.0,2.0,17.0,69.0,3.999998000001,1.499999250000375,2.99999940000012,33.0,2026-02-11,1
2026-02-11 19:54:53.548,15.0,8.0,1.0,2.0,0.0,2.0,3.0,2.0,17.0,69.0,3.999998000001,1.499999250000375,2.99999940000012,33.0,2026-02-11,1
2026-02-11 19:54:54.562,4.0,2.0,0.0,0.0,0.0,0.0,0.0,2.0,1.0,81.0,2000000.0,0.0,4000000.0,8.0,2026-02-11,1
2026-02-11 19:54:55.609,42.0,12.0,0.0,0.0,0.0,0.0,0.0,0.0,3.0,48.0,3000000.0,0.0,4279999.999999746,54.0,2026-02-11,1
2026-02-11 19:54:56.621,17.0,2.0,0.0,0.0,1.0,1.0,2.0,0.0,8.0,40.0,0.99999950000025,0.0,8.499995750002125,23.0,2026-02-11,1
2026-02-11 19:54:57.634,15.0,4.0,2.0,5.0,1.0,1.0,2.0,1.0,17.0,29.0,1.9999990000005,3.499998250000875,1.6666664814815022,31.0,2026-02-11,1
2026-02-11 19:54:58.641,25.0,2.0,1.0,2.0,0.0,0.0,0.0,1.0,16.0,48.0,2000000.0,3000000.0,8.333330555556481,31.0,2026-02-11,1
2026-02-11 19:54:59.671,19.0,12.0,19.0,22.0,7.0,6.0,9.0,3.0,24.0,83.0,0.9230768520710114,3.1538459112426223,0.3518518453360769,97.0,2026-02-11,1
2026-02-11 19:55:00.673,36.0,18.0,9.0,9.0,4.0,1.0,4.0,5.0,8.0,100.0,3.599999280000144,3.599999280000144,1.5652173232514206,86.0,2026-02-11,1
2026-02-11 19:55:01.705,4.0,3.0,2.0,0.0,1.0,1.0,2.0,6.0,13.0,93.0,1.499999250000375,0.99999950000025,0.9999997500000624,19.0,2026-02-11,1
2026-02-11 19:55:02.711,4.0,1.0,0.0,0.0,0.0,0.0,0.0,0.0,20.0,83.0,1000000.0,0.0,4000000.0,5.0,2026-02-11,1
2026-02-11 19:55:03.726,8.0,1.0,1.0,1.0,1.0,1.0,0.0,0.0,26.0,77.0,0.499999750000125,0.99999950000025,1.999999500000125,13.0,2026-02-11,1
2026-02-11 19:55:04.727,35.0,6.0,4.0,5.0,3.0,3.0,4.0,1.0,40.0,80.0,0.9999998333333612,1.4999997500000417,2.333333177777788,61.0,2026-02-11,1
2026-02-11 19:55:05.730,25.0,5.0,1.0,1.0,1.0,0.0,0.0,2.0,29.0,75.0,4.999995000005001,1.999998000002,8.333330555556481,35.0,2026-02-11,1
2026-02-11 19:55:06.745,4.0,6.0,1.0,2.0,1.0,3.0,0.0,2.0,34.0,75.0,1.4999996250000938,0.7499998125000469,0.57142848979593,19.0,2026-02-11,1
2026-02-11 19:55:08.763,35.0,23.0,20.0,48.0,35.0,22.0,27.0,33.0,34.0,75.0,0.4035087648507234,1.1929824352108345,0.27999999776,243.0,2026-02-11,1
2026-02-11 19:55:09.767,13.0,9.0,42.0,58.0,11.0,10.0,35.0,6.0,27.0,83.0,0.4285714081632663,4.761904535147403,0.1074380156410081,184.0,2026-02-11,1
2026-02-11 19:55:10.779,8.0,10.0,1.0,4.0,3.0,3.0,2.0,6.0,35.0,81.0,1.666666388888935,0.8333331944444675,0.7272726611570308,37.0,2026-02-11,1
2026-02-11 19:55:11.795,15.0,19.0,4.0,5.0,8.0,3.0,11.0,10.0,24.0,78.0,1.7272725702479483,0.8181817438016598,0.7499999625000018,75.0,2026-02-11,1
2026-02-11 19:55:12.799,31.0,11.0,4.0,18.0,5.0,4.0,2.0,5.0,20.0,74.0,1.2222220864197684,2.4444441728395367,0.9999999677419364,80.0,2026-02-11,1
2026-02-11 19:55:13.814,24.0,2.0,1.0,1.0,1.0,2.0,4.0,4.0,29.0,56.0,0.6666664444445185,0.6666664444445185,4.799999040000192,39.0,2026-02-11,1
2026-02-11 19:55:14.816,1.0,0.0,2.0,1.0,0.0,0.0,1.0,1.0,30.0,78.0,0.0,3000000.0,0.3333332222222592,6.0,2026-02-11,1
2026-02-11 19:55:15.829,7.0,2.0,2.0,2.0,1.0,2.0,1.0,1.0,40.0,90.0,0.6666664444445185,1.333332888889037,0.9999998571428776,18.0,2026-02-11,1
2026-02-11 19:55:16.843,6.0,6.0,19.0,18.0,3.0,2.0,4.0,4.0,35.0,100.0,1.199999760000048,7.399998520000296,0.1428571394557824,62.0,2026-02-11,1
2026-02-11 19:55:17.857,1.0,0.0,1.0,0.0,0.0,0.0,0.0,0.0,30.0,100.0,0.0,1000000.0,0.999999000001,2.0,2026-02-11,1
2026-02-11 19:55:18.869,2.0,1.0,0.0,2.0,5.0,1.0,2.0,1.0,34.0,90.0,0.1666666388888935,0.333333277777787,0.2499999687500039,14.0,2026-02-11,0
2026-02-11 19:55:19.884,6.0,5.0,3.0,1.0,1.0,1.0,0.0,0.0,29.0,84.0,2.499998750000625,1.9999990000005,0.9999998333333612,17.0,2026-02-11,1
2026-02-11 19:55:20.891,0.0,0.0,0.0,1.0,1.0,0.0,0.0,0.0,43.0,74.0,0.0,0.999999000001,0.0,2.0,2026-02-11,0
2026-02-11 19:55:22.904,13.0,3.0,4.0,0.0,0.0,0.0,0.0,0.0,34.0,66.0,3000000.0,3000000.0,3.2499991875002032,20.0,2026-02-11,1
2026-02-11 19:55:23.908,26.0,5.0,2.0,2.0,2.0,2.0,3.0,4.0,30.0,66.0,1.249999687500078,0.9999997500000624,3.249999593750051,46.0,2026-02-11,1
2026-02-11 19:55:24.921,32.0,3.0,1.0,6.0,2.0,3.0,3.0,1.0,40.0,67.0,0.599999880000024,1.399999720000056,2.666666444444463,51.0,2026-02-11,0
2026-02-11 19:55:25.937,8.0,4.0,5.0,2.0,1.0,2.0,4.0,6.0,34.0,70.0,1.333332888889037,2.333332555555814,0.7999999200000081,32.0,2026-02-11,1
2026-02-11 19:55:26.971,22.0,11.0,9.0,4.0,8.0,3.0,2.0,2.0,40.0,66.0,0.9999999090909174,1.1818180743801752,0.9166666284722238,61.0,2026-02-11,0
2026-02-11 19:55:27.984,5.0,0.0,1.0,1.0,2.0,1.0,1.0,3.0,43.0,74.0,0.0,0.6666664444445185,0.99999980000004,14.0,2026-02-11,1
2026-02-11 19:55:28.991,32.0,5.0,1.0,0.0,3.0,1.0,2.0,1.0,38.0,61.0,1.249999687500078,0.2499999375000156,6.399998720000256,45.0,2026-02-11,1
2026-02-11 19:55:30.007,21.0,35.0,7.0,18.0,17.0,17.0,20.0,13.0,41.0,50.0,1.0294117344290667,0.7352940960207619,0.3559321973570814,148.0,2026-02-11,0
2026-02-11 19:55:31.022,14.0,10.0,7.0,14.0,5.0,3.0,4.0,9.0,38.0,54.0,1.2499998437500195,2.624999671875041,0.4827586040428067,66.0,2026-02-11,0
2026-02-11 19:55:32.035,5.0,13.0,8.0,6.0,3.0,5.0,14.0,5.0,30.0,53.0,1.6249997968750256,1.7499997812500274,0.2272727169421492,59.0,2026-02-11,1
2026-02-11 19:55:33.049,14.0,44.0,14.0,8.0,8.0,4.0,5.0,5.0,21.0,57.0,3.6666663611111368,1.8333331805555684,0.4117646937716266,102.0,2026-02-11,1
2026-02-11 19:55:34.065,2.0,1.0,0.0,2.0,0.0,1.0,1.0,0.0,23.0,66.0,0.999999000001,1.999998000002,0.6666664444445185,7.0,2026-02-11,0
2026-02-11 19:55:35.080,0.0,1.0,0.0,1.0,0.0,0.0,1.0,1.0,34.0,61.0,1000000.0,1000000.0,0.0,4.0,2026-02-11,1
2026-02-11 19:55:36.092,11.0,4.0,1.0,7.0,3.0,0.0,1.0,2.0,26.0,63.0,1.333332888889037,2.666665777778074,0.9999999090909174,29.0,2026-02-11,1
2026-02-11 19:55:38.106,51.0,1.0,0.0,0.0,0.0,0.0,0.0,0.0,35.0,66.0,1000000.0,0.0,4279999.999999746,52.0,2026-02-11,1
2026-02-11 19:55:39.107,23.0,16.0,7.0,4.0,2.0,3.0,6.0,2.0,26.0,61.0,3.199999360000128,2.199999560000088,1.4374999101562556,63.0,2026-02-11,1
2026-02-11 19:55:40.109,15.0,11.0,2.0,4.0,3.0,3.0,5.0,5.0,21.0,54.0,1.8333330277778288,0.9999998333333612,1.249999895833342,48.0,2026-02-11,1
2026-02-11 19:55:41.124,14.0,37.0,8.0,4.0,11.0,7.0,9.0,6.0,23.0,41.0,2.055555441358031,0.6666666296296316,0.4666666511111116,96.0,2026-02-11,1
2026-02-11 19:55:42.135,12.0,44.0,6.0,16.0,10.0,10.0,8.0,5.0,24.0,37.0,2.1999998900000053,1.0999999450000026,0.2857142789115648,111.0,2026-02-11,1
2026-02-11 19:55:43.144,22.0,26.0,10.0,5.0,2.0,4.0,11.0,4.0,23.0,37.0,4.333332611111231,2.4999995833334028,1.0476189977324286,84.0,2026-02-11,1
2026-02-11 19:55:44.150,46.0,21.0,13.0,11.0,5.0,4.0,8.0,2.0,17.0,43.0,2.333333074074103,2.6666663703704034,1.3939393516988077,110.0,2026-02-11,1
2026-02-11 19:55:45.165,17.0,4.0,7.0,6.0,2.0,1.0,1.0,1.0,14.0,61.0,1.333332888889037,4.33333188888937,1.0624999335937542,39.0,2026-02-11,1
2026-02-11 19:55:46.169,27.0,3.0,0.0,1.0,4.0,3.0,4.0,3.0,24.0,57.0,0.4285713673469475,0.1428571224489825,3.374999578125053,45.0,2026-02-11,1
2026-02-11 19:55:47.180,9.0,2.0,0.0,2.0,0.0,0.0,0.0,0.0,26.0,63.0,2000000.0,2000000.0,4.499997750001125,13.0,2026-02-11,1
2026-02-11 19:55:48.183,5.0,3.0,1.0,0.0,3.0,1.0,1.0,1.0,35.0,51.0,0.7499998125000469,0.2499999375000156,0.99999980000004,15.0,2026-02-11,1
2026-02-11 19:55:51.227,4.0,2.0,1.0,1.0,1.0,2.0,1.0,7.0,44.0,48.0,0.6666664444445185,0.6666664444445185,0.799999840000032,19.0,2026-02-11,0
2026-02-11 19:55:52.241,4.0,2.0,1.0,1.0,1.0,2.0,1.0,7.0,44.0,48.0,0.6666664444445185,0.6666664444445185,0.799999840000032,19.0,2026-02-11,0
2026-02-11 19:55:53.254,16.0,6.0,4.0,6.0,1.0,1.0,6.0,5.0,40.0,51.0,2.99999850000075,4.99999750000125,1.3333332222222316,45.0,2026-02-11,1
2026-02-11 19:55:54.268,18.0,6.0,5.0,10.0,15.0,6.0,6.0,13.0,40.0,63.0,0.2857142721088441,0.7142856802721105,0.4999999861111115,79.0,2026-02-11,0
2026-02-11 19:55:55.293,17.0,6.0,0.0,2.0,1.0,3.0,3.0,2.0,43.0,60.0,1.4999996250000938,0.4999998750000312,2.83333286111119,34.0,2026-02-11,1
2026-02-11 19:55:56.298,16.0,10.0,3.0,2.0,4.0,2.0,3.0,2.0,37.0,48.0,1.666666388888935,0.8333331944444675,1.4545453223140616,42.0,2026-02-11,0
2026-02-11 19:55:57.309,31.0,5.0,5.0,2.0,1.0,0.0,0.0,4.0,23.0,51.0,4.999995000005001,6.9999930000070005,3.8749995156250607,48.0,2026-02-11,1
2026-02-11 19:55:58.325,3.0,4.0,0.0,1.0,0.0,0.0,1.0,2.0,8.0,50.0,3000000.0,1000000.0,2.9999970000030003,11.0,2026-02-11,1
2026-02-11 19:55:59.333,3.0,0.0,0.0,0.0,0.0,0.0,0.0,0.0,24.0,44.0,0.0,0.0,3000000.0,3.0,2026-02-11,0
2026-02-11 19:56:00.345,1.0,4.0,1.0,4.0,3.0,1.0,4.0,3.0,24.0,53.0,0.9999997500000624,1.249999687500078,0.1111110987654334,21.0,2026-02-11,1
2026-02-11 19:56:01.362,0.0,1.0,0.0,1.0,5.0,0.0,1.0,2.0,38.0,44.0,0.199999960000008,0.199999960000008,0.0,10.0,2026-02-11,0
2026-02-11 19:56:02.382,0.0,1.0,1.0,1.0,0.0,2.0,0.0,1.0,61.0,57.0,0.499999750000125,0.99999950000025,0.0,6.0,2026-02-11,0
2026-02-11 19:56:03.387,2.0,1.0,0.0,1.0,1.0,1.0,1.0,2.0,61.0,60.0,0.499999750000125,0.499999750000125,0.6666664444445185,9.0,2026-02-11,0
2026-02-11 19:56:05.415,7.0,2.0,3.0,3.0,2.0,3.0,5.0,5.0,69.0,66.0,0.399999920000016,1.199999760000048,0.636363578512402,30.0,2026-02-11,0
2026-02-11 19:56:06.419,16.0,15.0,10.0,3.0,2.0,2.0,4.0,4.0,56.0,69.0,3.749999062500234,3.2499991875002032,0.9411764152249168,56.0,2026-02-11,1
2026-02-11 19:56:07.443,13.0,3.0,2.0,2.0,1.0,0.0,1.0,0.0,26.0,67.0,2.9999970000030003,3.999996000004,2.599999480000104,22.0,2026-02-11,1
2026-02-11 19:56:08.450,18.0,4.0,6.0,3.0,2.0,1.0,1.0,0.0,11.0,80.0,1.333332888889037,2.9999990000003334,1.4999998750000103,35.0,2026-02-11,1
2026-02-11 19:56:10.480,18.0,3.0,2.0,3.0,1.0,1.0,1.0,1.0,4.0,77.0,1.499999250000375,2.499998750000625,2.571428204081685,30.0,2026-02-11,1
2026-02-11 19:56:11.491,2.0,2.0,2.0,1.0,0.0,0.0,2.0,2.0,7.0,80.0,2000000.0,3000000.0,0.6666664444445185,11.0,2026-02-11,1
2026-02-11 19:56:12.507,20.0,10.0,2.0,8.0,8.0,6.0,2.0,2.0,26.0,74.0,0.7142856632653098,0.7142856632653098,0.8333332986111125,58.0,2026-02-11,1
2026-02-11 19:56:13.522,33.0,22.0,3.0,1.0,2.0,4.0,4.0,1.0,29.0,53.0,3.666666055555657,0.6666665555555741,3.2999996700000334,70.0,2026-02-11,1
2026-02-11 19:56:14.529,3.0,5.0,6.0,1.0,4.0,5.0,3.0,6.0,40.0,51.0,0.5555554938271674,0.7777776913580343,0.1874999882812507,33.0,2026-02-11,0
2026-02-11 19:56:15.546,44.0,52.0,20.0,29.0,4.0,18.0,29.0,12.0,44.0,47.0,2.363636256198352,2.2272726260330624,0.6197183011307281,208.0,2026-02-11,0
2026-02-11 19:56:16.550,60.0,5.0,10.0,6.0,5.0,9.0,22.0,8.0,50.0,56.0,0.3571428316326549,1.1428570612244957,1.999999933333336,125.0,2026-02-11,0
2026-02-11 19:56:17.563,3.0,6.0,0.0,0.0,0.0,0.0,1.0,1.0,44.0,56.0,3000000.0,0.0,3000000.0,11.0,2026-02-11,1
2026-02-11 19:56:18.576,0.0,0.0,0.0,0.0,1.0,0.0,1.0,2.0,44.0,53.0,0.0,0.0,0.0,4.0,2026-02-11,0
2026-02-11 19:56:19.592,15.0,16.0,3.0,13.0,10.0,2.0,2.0,5.0,38.0,51.0,1.3333332222222316,1.3333332222222316,0.5357142665816333,66.0,2026-02-11,0
2026-02-11 19:56:20.607,3.0,1.0,0.0,0.0,0.0,0.0,0.0,0.0,27.0,29.0,1000000.0,0.0,3000000.0,4.0,2026-02-11,1
2026-02-11 19:56:21.621,0.0,1.0,0.0,1.0,0.0,1.0,0.0,0.0,40.0,41.0,0.999999000001,0.999999000001,0.0,3.0,2026-02-11,0
2026-02-11 19:56:22.624,7.0,8.0,6.0,3.0,9.0,1.0,2.0,1.0,24.0,43.0,0.7999999200000081,0.8999999100000091,0.3684210332409982,37.0,2026-02-11,1
2026-02-11 19:56:24.667,36.0,12.0,3.0,7.0,2.0,10.0,31.0,30.0,41.0,43.0,0.9999999166666736,0.8333332638888947,1.6363635619834744,131.0,2026-02-11,0
2026-02-11 19:56:25.680,66.0,29.0,8.0,10.0,8.0,7.0,11.0,30.0,38.0,54.0,1.933333204444453,1.199999920000005,1.9999999393939412,169.0,2026-02-11,0
2026-02-11 19:56:26.681,55.0,6.0,9.0,5.0,7.0,2.0,1.0,5.0,30.0,60.0,0.6666665925926009,1.5555553827160686,2.391304243856337,90.0,2026-02-11,1
2026-02-11 19:56:27.696,6.0,3.0,0.0,1.0,2.0,0.0,1.0,3.0,27.0,53.0,1.499999250000375,0.499999750000125,1.9999993333335555,16.0,2026-02-11,1
2026-02-11 19:56:28.703,4.0,1.0,4.0,1.0,0.0,1.0,0.0,1.0,16.0,67.0,0.999999000001,4.999995000005001,0.6666665555555741,12.0,2026-02-11,1
2026-02-11 19:56:29.722,3.0,0.0,1.0,0.0,1.0,1.0,1.0,1.0,29.0,77.0,0.0,0.499999750000125,0.9999996666667778,8.0,2026-02-11,1
2026-02-11 19:56:31.747,4.0,2.0,0.0,0.0,0.0,0.0,0.0,0.0,24.0,54.0,2000000.0,0.0,4000000.0,6.0,2026-02-11,1
2026-02-11 19:56:32.764,11.0,3.0,0.0,1.0,2.0,1.0,3.0,2.0,40.0,51.0,0.9999996666667778,0.3333332222222592,2.749999312500172,23.0,2026-02-11,1
2026-02-11 19:56:33.776,16.0,6.0,1.0,2.0,2.0,1.0,2.0,5.0,40.0,34.0,1.9999993333335555,0.9999996666667778,2.6666662222222963,35.0,2026-02-11,1
2026-02-11 19:56:34.783,27.0,2.0,0.0,4.0,1.0,2.0,2.0,2.0,37.0,27.0,0.6666664444445185,1.333332888889037,3.857142306122528,40.0,2026-02-11,0
2026-02-11 19:56:35.796,19.0,0.0,1.0,0.0,0.0,0.0,0.0,0.0,48.0,54.0,0.0,1000000.0,18.999981000019,20.0,2026-02-11,0
2026-02-11 19:56:36.800,4.0,1.0,0.0,0.0,0.0,0.0,0.0,0.0,48.0,61.0,1000000.0,0.0,4000000.0,5.0,2026-02-11,1
2026-02-11 19:56:37.817,7.0,8.0,0.0,6.0,3.0,2.0,2.0,4.0,50.0,63.0,1.599999680000064,1.199999760000048,0.636363578512402,32.0,2026-02-11,0
2026-02-11 19:56:38.840,3.0,8.0,5.0,0.0,1.0,0.0,0.0,1.0,30.0,61.0,7.999992000008,4.999995000005001,0.4999999166666805,18.0,2026-02-11,1
2026-02-11 19:56:39.856,19.0,0.0,1.0,1.0,0.0,2.0,3.0,3.0,40.0,60.0,0.0,0.99999950000025,4.749998812500297,29.0,2026-02-11,0
2026-02-11 19:56:40.857,29.0,19.0,45.0,18.0,52.0,18.0,11.0,25.0,38.0,67.0,0.2714285675510204,0.8999999871428573,0.2180451111425179,217.0,2026-02-11,0
2026-02-11 19:56:41.865,44.0,31.0,4.0,21.0,31.0,10.0,17.0,22.0,38.0,66.0,0.7560975425342064,0.609756082688876,0.6666666565656567,180.0,2026-02-11,0
2026-02-11 19:56:42.874,21.0,8.0,2.0,4.0,2.0,3.0,1.0,2.0,51.0,64.0,1.599999680000064,1.199999760000048,1.909090735537206,43.0,2026-02-11,0
2026-02-11 19:56:43.878,34.0,79.0,6.0,10.0,10.0,6.0,19.0,31.0,27.0,43.0,4.937499691406269,0.9999999375000038,1.0624999667968762,195.0,2026-02-11,1
2026-02-11 19:56:44.892,7.0,0.0,0.0,0.0,0.0,0.0,0.0,0.0,29.0,27.0,0.0,0.0,4279999.999999746,7.0,2026-02-11,1
2026-02-11 19:56:45.899,2.0,0.0,0.0,0.0,0.0,0.0,0.0,0.0,41.0,29.0,0.0,0.0,2000000.0,2.0,2026-02-11,0
2026-02-11 19:56:46.901,0.0,1.0,0.0,1.0,1.0,1.0,0.0,0.0,44.0,29.0,0.499999750000125,0.499999750000125,0.0,4.0,2026-02-11,0
2026-02-11 19:56:47.902,8.0,14.0,6.0,7.0,12.0,11.0,15.0,12.0,61.0,41.0,0.6086956257088858,0.5652173667296797,0.2222222160493829,85.0,2026-02-11,0
2026-02-11 19:56:48.917,5.0,2.0,0.0,2.0,0.0,1.0,3.0,5.0,57.0,51.0,1.999998000002,1.999998000002,1.666666111111296,18.0,2026-02-11,0
2026-02-11 19:56:49.921,19.0,10.0,2.0,5.0,3.0,1.0,3.0,3.0,41.0,51.0,2.499999375000156,1.7499995625001092,1.7272725702479483,46.0,2026-02-11,1
2026-02-11 19:56:50.923,10.0,22.0,6.0,4.0,2.0,5.0,2.0,5.0,34.0,50.0,3.142856693877615,1.428571224489825,0.588235259515573,56.0,2026-02-11,1
2026-02-11 19:56:51.925,28.0,3.0,3.0,2.0,2.0,2.0,1.0,4.0,30.0,54.0,0.7499998125000469,1.249999687500078,3.1111107654321373,45.0,2026-02-11,1
2026-02-11 19:56:52.931,35.0,3.0,3.0,7.0,0.0,1.0,1.0,2.0,26.0,63.0,2.9999970000030003,9.99999000001,3.18181789256201,52.0,2026-02-11,1
2026-02-11 19:56:53.946,32.0,14.0,3.0,19.0,12.0,5.0,3.0,5.0,29.0,75.0,0.8235293633218022,1.2941175709342605,0.8205127994740309,93.0,2026-02-11,1
2026-02-11 19:56:54.962,22.0,10.0,16.0,11.0,4.0,15.0,16.0,9.0,34.0,81.0,0.5263157617728547,1.4210525567867074,0.4782608591682422,103.0,2026-02-11,1
2026-02-11 19:56:55.975,1.0,3.0,1.0,0.0,1.0,1.0,1.0,1.0,37.0,63.0,1.499999250000375,0.499999750000125,0.3333332222222592,9.0,2026-02-11,0
2026-02-11 19:56:56.989,8.0,12.0,6.0,8.0,7.0,10.0,2.0,1.0,48.0,61.0,0.7058823114186875,0.8235293633218022,0.2580645078043707,54.0,2026-02-11,0
2026-02-11 19:56:57.992,18.0,12.0,0.0,2.0,3.0,1.0,2.0,1.0,41.0,47.0,2.9999992500001875,0.4999998750000312,2.9999995000000834,39.0,2026-02-11,1
2026-02-11 19:56:59.012,2.0,0.0,0.0,0.0,0.0,0.0,0.0,0.0,41.0,37.0,0.0,0.0,2000000.0,2.0,2026-02-11,0
2026-02-11 19:57:00.018,4.0,2.0,0.0,0.0,0.0,0.0,0.0,0.0,43.0,38.0,2000000.0,0.0,4000000.0,6.0,2026-02-11,1
2026-02-11 19:57:01.033,1.0,0.0,0.0,0.0,0.0,0.0,0.0,0.0,41.0,34.0,0.0,0.0,1000000.0,1.0,2026-02-11,0
2026-02-11 19:57:02.047,28.0,25.0,3.0,10.0,3.0,5.0,9.0,8.0,44.0,41.0,3.124999609375049,1.6249997968750256,1.3333332698412728,91.0,2026-02-11,1
2026-02-11 19:57:03.058,25.0,29.0,4.0,3.0,5.0,1.0,3.0,8.0,24.0,34.0,4.833332527777912,1.1666664722222546,1.9230767751479405,78.0,2026-02-11,1
2026-02-11 19:57:04.070,3.0,10.0,1.0,1.0,0.0,1.0,1.0,2.0,13.0,27.0,9.99999000001,1.999998000002,0.9999996666667778,19.0,2026-02-11,1
2026-02-11 19:57:05.076,44.0,44.0,4.0,4.0,6.0,12.0,17.0,16.0,8.0,17.0,2.444444308641983,0.4444444197530878,1.6923076272189372,147.0,2026-02-11,1
2026-02-11 19:57:06.081,4.0,1.0,1.0,0.0,0.0,0.0,1.0,2.0,13.0,24.0,1000000.0,1000000.0,3.999996000004,9.0,2026-02-11,1
2026-02-11 19:57:07.089,46.0,29.0,18.0,8.0,5.0,9.0,3.0,3.0,23.0,35.0,2.0714284234693983,1.8571427244898056,1.1499999712500009,121.0,2026-02-11,1
2026-02-11 19:57:08.112,24.0,13.0,8.0,1.0,1.0,1.0,2.0,2.0,24.0,47.0,6.499996750001625,4.499997750001125,2.1818179834710927,52.0,2026-02-11,1
2026-02-11 19:57:10.131,7.0,0.0,0.0,0.0,0.0,0.0,0.0,0.0,30.0,63.0,0.0,0.0,4279999.999999746,7.0,2026-02-11,1
2026-02-11 19:57:11.137,4.0,1.0,1.0,2.0,4.0,1.0,2.0,0.0,40.0,63.0,0.199999960000008,0.599999880000024,0.4999999375000079,15.0,2026-02-11,0
2026-02-11 19:57:12.144,33.0,2.0,1.0,3.0,3.0,1.0,2.0,7.0,47.0,64.0,0.4999998750000312,0.9999997500000624,4.124999484375065,52.0,2026-02-11,0
2026-02-11 19:57:13.147,41.0,1.0,0.0,0.0,0.0,1.0,1.0,0.0,64.0,63.0,0.999999000001,0.0,40.999959000041,44.0,2026-02-11,0
2026-02-11 19:57:14.162,6.0,1.0,1.0,1.0,0.0,1.0,2.0,0.0,64.0,66.0,0.999999000001,1.999998000002,1.9999993333335555,12.0,2026-02-11,0
2026-02-11 19:57:15.165,49.0,37.0,59.0,74.0,29.0,11.0,8.0,15.0,50.0,77.0,0.9249999768750008,3.324999916875002,0.2832369925824451,282.0,2026-02-11,1
2026-02-11 19:57:16.168,26.0,4.0,4.0,3.0,1.0,1.0,2.0,5.0,43.0,78.0,1.9999990000005,3.499998250000875,2.8888885679012706,46.0,2026-02-11,1
2026-02-11 19:57:17.174,39.0,17.0,5.0,3.0,2.0,3.0,4.0,5.0,29.0,75.0,3.399999320000136,1.599999680000064,2.999999769230788,78.0,2026-02-11,1
2026-02-11 19:57:18.186,13.0,6.0,2.0,3.0,1.0,3.0,3.0,3.0,24.0,67.0,1.4999996250000938,1.249999687500078,1.4444442839506353,34.0,2026-02-11,1
2026-02-11 19:57:19.199,1.0,2.0,0.0,0.0,2.0,1.0,0.0,0.0,38.0,51.0,0.6666664444445185,0.0,0.3333332222222592,6.0,2026-02-11,0
2026-02-11 19:57:20.213,41.0,32.0,10.0,5.0,7.0,3.0,4.0,5.0,30.0,41.0,3.1999996800000323,1.4999998500000151,1.6399999344000025,107.0,2026-02-11,1
2026-02-11 19:57:21.215,23.0,3.0,0.0,1.0,1.0,2.0,10.0,4.0,44.0,38.0,0.9999996666667778,0.3333332222222592,5.749998562500359,44.0,2026-02-11,1
2026-02-11 19:57:22.230,20.0,41.0,3.0,21.0,6.0,12.0,4.0,3.0,41.0,35.0,2.2777776512345747,1.3333332592592633,0.476190464852608,110.0,2026-02-11,0
2026-02-11 19:57:23.238,3.0,1.0,2.0,0.0,0.0,1.0,1.0,1.0,43.0,44.0,0.999999000001,1.999998000002,0.9999996666667778,9.0,2026-02-11,0
2026-02-11 19:57:24.253,48.0,35.0,1.0,0.0,14.0,23.0,10.0,10.0,61.0,26.0,0.94594592037984,0.0270270262965668,1.263157861495846,141.0,2026-02-11,0
2026-02-11 19:57:25.254,30.0,1.0,1.0,2.0,1.0,1.0,2.0,0.0,56.0,41.0,0.499999750000125,1.499999250000375,5.99999880000024,38.0,2026-02-11,0
2026-02-11 19:57:28.282,27.0,17.0,7.0,26.0,14.0,10.0,32.0,30.0,60.0,50.0,0.7083333038194456,1.3749999427083357,0.4736842022160666,163.0,2026-02-11,0
2026-02-11 19:57:29.298,21.0,46.0,7.0,12.0,3.0,6.0,6.0,9.0,44.0,41.0,5.11111054320994,2.1111108765432363,0.7499999732142867,110.0,2026-02-11,1
2026-02-11 19:57:30.300,60.0,34.0,46.0,36.0,3.0,6.0,12.0,9.0,24.0,75.0,3.777777358024738,9.111110098765543,0.6593406520951577,206.0,2026-02-11,1
2026-02-11 19:57:31.313,21.0,5.0,1.0,4.0,3.0,3.0,5.0,11.0,23.0,67.0,0.8333331944444675,0.8333331944444675,1.909090735537206,53.0,2026-02-11,1
2026-02-11 19:57:32.319,17.0,12.0,1.0,0.0,2.0,2.0,0.0,0.0,14.0,50.0,2.9999992500001875,0.2499999375000156,3.399999320000136,34.0,2026-02-11,1
2026-02-11 19:57:33.323,31.0,20.0,1.0,3.0,4.0,2.0,4.0,14.0,14.0,43.0,3.33333277777787,0.6666665555555741,3.0999996900000317,79.0,2026-02-11,1
2026-02-11 19:57:34.338,14.0,3.0,3.0,0.0,0.0,0.0,3.0,1.0,20.0,38.0,3000000.0,3000000.0,4.666665111111629,24.0,2026-02-11,1
2026-02-11 19:57:35.344,5.0,4.0,4.0,1.0,1.0,2.0,1.0,2.0,20.0,43.0,1.333332888889037,1.666666111111296,0.6249999218750099,20.0,2026-02-11,1
2026-02-11 19:57:36.346,47.0,15.0,13.0,10.0,4.0,3.0,7.0,6.0,16.0,63.0,2.1428568367347376,3.2857138163265978,1.566666614444446,105.0,2026-02-11,1
2026-02-11 19:57:37.350,29.0,9.0,22.0,10.0,13.0,7.0,7.0,3.0,24.0,87.0,0.4499999775000011,1.599999920000004,0.5576922969674558,100.0,2026-02-11,1
2026-02-11 19:57:38.364,7.0,5.0,1.0,3.0,0.0,1.0,1.0,1.0,26.0,78.0,4.999995000005001,3.999996000004,1.399999720000056,19.0,2026-02-11,1
2026-02-11 19:57:39.369,9.0,2.0,4.0,2.0,3.0,1.0,1.0,5.0,23.0,83.0,0.4999998750000312,1.4999996250000938,0.8999999100000091,27.0,2026-02-11,1
2026-02-11 19:57:40.372,6.0,8.0,7.0,0.0,1.0,1.0,1.0,1.0,24.0,80.0,3.999998000001,3.499998250000875,0.6666665925926009,25.0,2026-02-11,1
2026-02-11 19:57:41.377,28.0,9.0,1.0,1.0,1.0,2.0,2.0,2.0,23.0,60.0,2.9999990000003334,0.6666664444445185,5.599998880000224,46.0,2026-02-11,1
2026-02-11 19:57:42.393,4.0,3.0,1.0,0.0,0.0,1.0,0.0,0.0,26.0,57.0,2.9999970000030003,0.999999000001,1.9999990000005,9.0,2026-02-11,1
2026-02-11 19:57:43.405,1.0,1.0,2.0,1.0,0.0,1.0,1.0,1.0,29.0,56.0,0.999999000001,2.9999970000030003,0.2499999375000156,8.0,2026-02-11,0
2026-02-11 19:57:44.419,17.0,5.0,2.0,1.0,0.0,2.0,4.0,5.0,38.0,53.0,2.499998750000625,1.499999250000375,3.399999320000136,36.0,2026-02-11,1
2026-02-11 19:57:45.434,6.0,2.0,1.0,1.0,1.0,1.0,0.0,0.0,40.0,64.0,0.99999950000025,0.99999950000025,1.4999996250000938,12.0,2026-02-11,0
2026-02-11 19:57:46.438,64.0,68.0,14.0,13.0,4.0,20.0,62.0,36.0,40.0,61.0,2.8333332152777824,1.124999953125002,1.2549019361783935,281.0,2026-02-11,1
2026-02-11 19:57:47.453,29.0,18.0,0.0,2.0,1.0,0.0,1.0,1.0,21.0,41.0,17.999982000018,1.999998000002,9.666663444445518,52.0,2026-02-11,1
2026-02-11 19:57:48.456,11.0,28.0,6.0,10.0,10.0,3.0,14.0,12.0,11.0,38.0,2.1538459881656933,1.230769136094682,0.3793103317479195,94.0,2026-02-11,1
2026-02-11 19:57:49.467,9.0,3.0,0.0,1.0,0.0,1.0,1.0,2.0,10.0,27.0,2.9999970000030003,0.999999000001,4.499997750001125,17.0,2026-02-11,1
2026-02-11 19:57:50.480,6.0,11.0,2.0,2.0,1.0,1.0,0.0,2.0,3.0,27.0,5.499997250001375,1.9999990000005,0.9999998333333612,25.0,2026-02-11,1
2026-02-11 19:57:51.495,17.0,11.0,1.0,3.0,1.0,2.0,3.0,2.0,17.0,35.0,3.666665444444852,1.333332888889037,2.428571081632702,40.0,2026-02-11,1
2026-02-11 19:57:52.497,42.0,17.0,6.0,4.0,1.0,4.0,1.0,5.0,26.0,37.0,3.399999320000136,1.99999960000008,2.799999813333346,80.0,2026-02-11,1
2026-02-11 19:57:53.505,52.0,20.0,28.0,38.0,10.0,9.0,23.0,23.0,26.0,53.0,1.052631523545709,3.4736840277008403,0.6117646986851212,203.0,2026-02-11,1
2026-02-11 19:57:54.520,10.0,4.0,1.0,1.0,4.0,2.0,3.0,3.0,38.0,53.0,0.6666665555555741,0.333333277777787,1.2499998437500195,28.0,2026-02-11,0
2026-02-11 19:57:55.533,21.0,4.0,3.0,0.0,0.0,1.0,1.0,4.0,40.0,63.0,3.999996000004,2.9999970000030003,5.249998687500328,34.0,2026-02-11,1
2026-02-11 19:57:56.548,10.0,3.0,0.0,1.0,0.0,1.0,1.0,0.0,44.0,61.0,2.9999970000030003,0.999999000001,4.99999750000125,16.0,2026-02-11,1
2026-02-11 19:57:57.551,1.0,3.0,0.0,1.0,2.0,0.0,0.0,0.0,47.0,43.0,1.499999250000375,0.499999750000125,0.3333332222222592,7.0,2026-02-11,0
2026-02-11 19:57:58.569,2.0,1.0,0.0,0.0,0.0,0.0,0.0,0.0,40.0,47.0,1000000.0,0.0,2000000.0,3.0,2026-02-11,0
2026-02-11 19:57:59.581,45.0,8.0,1.0,0.0,2.0,1.0,2.0,1.0,34.0,34.0,2.666665777778074,0.3333332222222592,11.249997187500703,60.0,2026-02-11,1
2026-02-11 19:58:00.593,81.0,16.0,10.0,10.0,10.0,8.0,11.0,17.0,30.0,38.0,0.8888888395061756,1.1111110493827194,2.13157889127424,163.0,2026-02-11,1
2026-02-11 19:58:01.594,35.0,1.0,2.0,2.0,0.0,1.0,2.0,0.0,35.0,53.0,0.999999000001,3.999996000004,6.999998600000279,43.0,2026-02-11,1
2026-02-11 19:58:02.596,34.0,1.0,2.0,3.0,1.0,1.0,1.0,1.0,41.0,66.0,0.499999750000125,2.499998750000625,4.857142163265405,44.0,2026-02-11,0
2026-02-11 19:58:03.609,6.0,4.0,5.0,1.0,1.0,0.0,1.0,2.0,38.0,83.0,3.999996000004,5.999994000006001,0.857142734693895,20.0,2026-02-11,1
2026-02-11 19:58:04.612,51.0,9.0,1.0,3.0,2.0,8.0,1.0,0.0,47.0,75.0,0.8999999100000091,0.399999960000004,3.64285688265308,75.0,2026-02-11,1
2026-02-11 19:58:05.621,2.0,1.0,1.0,1.0,0.0,0.0,0.0,0.0,35.0,70.0,1000000.0,2000000.0,0.99999950000025,5.0,2026-02-11,1
2026-02-11 19:58:06.635,9.0,3.0,1.0,1.0,0.0,1.0,1.0,2.0,40.0,75.0,2.9999970000030003,1.999998000002,2.9999990000003334,18.0,2026-02-11,1
2026-02-11 19:58:07.648,5.0,2.0,0.0,1.0,0.0,0.0,1.0,2.0,27.0,78.0,2000000.0,1000000.0,4.999995000005001,11.0,2026-02-11,1
2026-02-11 19:58:08.661,1.0,2.0,1.0,1.0,0.0,0.0,0.0,1.0,37.0,75.0,2000000.0,2000000.0,0.499999750000125,6.0,2026-02-11,1
2026-02-11 19:58:09.675,1.0,3.0,2.0,1.0,3.0,0.0,0.0,0.0,30.0,61.0,0.9999996666667778,0.9999996666667778,0.1666666388888935,10.0,2026-02-11,1
2026-02-11 19:58:10.689,19.0,3.0,3.0,3.0,1.0,3.0,0.0,0.0,38.0,63.0,0.7499998125000469,1.4999996250000938,1.899999810000019,32.0,2026-02-11,1
2026-02-11 19:58:11.691,1.0,1.0,3.0,0.0,0.0,0.0,0.0,0.0,40.0,78.0,1000000.0,3000000.0,0.3333332222222592,5.0,2026-02-11,1
2026-02-11 19:58:12.693,12.0,2.0,0.0,0.0,0.0,0.0,1.0,2.0,37.0,69.0,2000000.0,0.0,4279999.999999746,17.0,2026-02-11,1
2026-02-11 19:58:13.707,0.0,3.0,0.0,0.0,3.0,2.0,1.0,2.0,50.0,51.0,0.599999880000024,0.0,0.0,11.0,2026-02-11,0
2026-02-11 19:58:14.722,2.0,1.0,1.0,1.0,2.0,1.0,0.0,3.0,50.0,47.0,0.3333332222222592,0.6666664444445185,0.399999920000016,11.0,2026-02-11,0
2026-02-11 19:58:15.735,7.0,5.0,3.0,5.0,1.0,0.0,0.0,1.0,41.0,41.0,4.999995000005001,7.999992000008,0.7777776913580343,22.0,2026-02-11,1
2026-02-11 19:58:16.750,3.0,1.0,0.0,0.0,0.0,0.0,0.0,0.0,48.0,44.0,1000000.0,0.0,3000000.0,4.0,2026-02-11,0
2026-02-11 19:58:17.762,2.0,4.0,1.0,0.0,0.0,1.0,0.0,0.0,37.0,60.0,3.999996000004,0.999999000001,0.99999950000025,8.0,2026-02-11,1
2026-02-11 19:58:18.774,1.0,0.0,0.0,0.0,0.0,0.0,0.0,0.0,38.0,67.0,0.0,0.0,1000000.0,1.0,2026-02-11,0
2026-02-11 19:58:19.790,1.0,2.0,0.0,0.0,0.0,0.0,0.0,0.0,37.0,61.0,2000000.0,0.0,1000000.0,3.0,2026-02-11,0
2026-02-11 19:58:20.803,26.0,2.0,0.0,1.0,1.0,1.0,1.0,0.0,40.0,60.0,0.99999950000025,0.499999750000125,8.66666377777874,32.0,2026-02-11,0
2026-02-11 19:58:21.816,5.0,1.0,1.0,1.0,1.0,1.0,1.0,0.0,47.0,66.0,0.499999750000125,0.99999950000025,1.249999687500078,11.0,2026-02-11,0
2026-02-11 19:58:22.829,2.0,5.0,0.0,0.0,1.0,1.0,1.0,1.0,37.0,41.0,2.499998750000625,0.0,0.99999950000025,11.0,2026-02-11,0
2026-02-11 19:58:23.841,3.0,0.0,0.0,0.0,1.0,2.0,1.0,0.0,66.0,41.0,0.0,0.0,0.9999996666667778,7.0,2026-02-11,0
2026-02-11 19:58:25.858,11.0,0.0,0.0,0.0,0.0,0.0,0.0,0.0,56.0,50.0,0.0,0.0,4279999.999999746,11.0,2026-02-11,0
2026-02-11 19:58:26.863,10.0,1.0,6.0,5.0,1.0,1.0,2.0,1.0,47.0,61.0,0.499999750000125,5.499997250001375,0.7692307100591762,27.0,2026-02-11,0
2026-02-11 19:58:27.874,57.0,6.0,12.0,7.0,5.0,2.0,5.0,2.0,43.0,88.0,0.857142734693895,2.714285326530668,2.1923076079881687,96.0,2026-02-11,1
2026-02-11 19:58:28.886,75.0,35.0,11.0,16.0,19.0,9.0,32.0,36.0,21.0,88.0,1.2499999553571444,0.96428567984694,1.3636363388429755,233.0,2026-02-11,1
2026-02-11 19:58:29.888,38.0,6.0,4.0,7.0,5.0,1.0,3.0,2.0,17.0,88.0,0.9999998333333612,1.8333330277778288,2.235293986159177,66.0,2026-02-11,1
2026-02-11 19:58:30.895,24.0,15.0,5.0,6.0,4.0,1.0,2.0,3.0,14.0,70.0,2.99999940000012,2.199999560000088,1.4999999062500058,60.0,2026-02-11,1
2026-02-11 19:58:31.910,12.0,16.0,3.0,3.0,2.0,4.0,2.0,2.0,17.0,53.0,2.6666662222222963,0.9999998333333612,0.9999999166666736,44.0,2026-02-11,1
2026-02-11 19:58:32.920,42.0,7.0,6.0,1.0,5.0,2.0,3.0,2.0,17.0,56.0,0.9999998571428776,0.9999998571428776,2.999999785714301,68.0,2026-02-11,1
2026-02-11 19:58:33.936,6.0,11.0,1.0,6.0,3.0,1.0,3.0,1.0,17.0,48.0,2.749999312500172,1.7499995625001092,0.5454544958677732,32.0,2026-02-11,1
2026-02-11 19:58:34.953,53.0,24.0,25.0,20.0,14.0,13.0,6.0,12.0,27.0,56.0,0.8888888559670793,1.666666604938274,0.7361111008873459,167.0,2026-02-11,1
2026-02-11 19:58:35.965,15.0,4.0,0.0,2.0,0.0,1.0,0.0,0.0,26.0,56.0,3.999996000004,1.999998000002,4.999998333333888,22.0,2026-02-11,1
2026-02-11 19:58:36.977,17.0,8.0,2.0,1.0,1.0,1.0,2.0,0.0,24.0,50.0,3.999998000001,1.499999250000375,3.399999320000136,32.0,2026-02-11,1
2026-02-11 19:58:37.993,47.0,37.0,2.0,8.0,5.0,7.0,3.0,4.0,29.0,43.0,3.0833330763889104,0.8333332638888947,2.1363635392562026,113.0,2026-02-11,1
2026-02-11 19:58:38.995,27.0,5.0,4.0,8.0,9.0,2.0,4.0,4.0,27.0,41.0,0.4545454132231443,1.0909089917355463,1.1739129924385654,63.0,2026-02-11,1
2026-02-11 19:58:40.015,5.0,16.0,14.0,4.0,5.0,3.0,1.0,1.0,23.0,53.0,1.9999997500000315,2.249999718750036,0.1923076849112429,49.0,2026-02-11,1
2026-02-11 19:58:41.023,35.0,21.0,3.0,6.0,7.0,2.0,4.0,10.0,20.0,51.0,2.333333074074103,0.9999998888889012,1.944444336419759,88.0,2026-02-11,1
2026-02-11 19:58:42.024,33.0,12.0,0.0,1.0,1.0,0.0,1.0,1.0,11.0,43.0,11.999988000012,0.999999000001,16.499991750004124,49.0,2026-02-11,1
2026-02-11 19:58:43.038,6.0,10.0,3.0,6.0,7.0,2.0,1.0,0.0,10.0,37.0,1.1111109876543348,0.9999998888889012,0.3333333148148158,35.0,2026-02-11,1
2026-02-11 19:58:44.039,39.0,18.0,17.0,9.0,8.0,4.0,6.0,6.0,11.0,38.0,1.4999998750000103,2.166666486111126,1.0263157624653747,107.0,2026-02-11,1
2026-02-11 19:58:45.058,18.0,4.0,0.0,2.0,1.0,1.0,1.0,1.0,21.0,41.0,1.9999990000005,0.99999950000025,4.499998875000281,28.0,2026-02-11,1
2026-02-11 19:58:46.070,42.0,4.0,9.0,6.0,3.0,3.0,6.0,2.0,35.0,70.0,0.6666665555555741,2.4999995833334028,1.9999999047619093,75.0,2026-02-11,1
2026-02-11 19:58:47.073,50.0,21.0,6.0,6.0,3.0,2.0,5.0,8.0,27.0,69.0,4.199999160000168,2.399999520000096,2.9411762975778646,101.0,2026-02-11,1
2026-02-11 19:58:48.074,53.0,17.0,3.0,1.0,6.0,3.0,7.0,10.0,29.0,54.0,1.888888679012369,0.4444443950617339,4.076922763313634,100.0,2026-02-11,1
2026-02-11 19:58:49.075,20.0,13.0,16.0,9.0,3.0,2.0,10.0,6.0,17.0,64.0,2.599999480000104,4.9999990000002,0.6666666444444451,79.0,2026-02-11,1
2026-02-11 19:58:50.090,13.0,4.0,4.0,1.0,0.0,2.0,8.0,2.0,20.0,57.0,1.9999990000005,2.499998750000625,1.8571425918367723,34.0,2026-02-11,1
2026-02-11 19:58:51.156,27.0,6.0,5.0,4.0,1.0,1.0,0.0,2.0,20.0,67.0,2.99999850000075,4.499997750001125,2.454545231404979,46.0,2026-02-11,1
2026-02-11 19:58:52.160,37.0,17.0,4.0,2.0,1.0,1.0,1.0,1.0,13.0,70.0,8.499995750002125,2.99999850000075,4.6249994218750725,64.0,2026-02-11,1
2026-02-11 19:58:53.171,6.0,1.0,1.0,0.0,0.0,0.0,0.0,0.0,13.0,67.0,1000000.0,1000000.0,5.999994000006001,8.0,2026-02-11,1
2026-02-11 19:58:54.181,3.0,1.0,0.0,0.0,0.0,0.0,0.0,0.0,13.0,61.0,1000000.0,0.0,3000000.0,4.0,2026-02-11,1
2026-02-11 19:58:55.183,24.0,15.0,0.0,4.0,1.0,2.0,2.0,2.0,20.0,43.0,4.999998333333888,1.333332888889037,3.42857093877558,50.0,2026-02-11,1
2026-02-11 19:58:56.196,45.0,6.0,2.0,6.0,4.0,3.0,3.0,3.0,30.0,53.0,0.857142734693895,1.14285697959186,2.9999998000000136,72.0,2026-02-11,1
2026-02-11 19:58:57.203,36.0,12.0,2.0,8.0,11.0,6.0,4.0,9.0,43.0,44.0,0.7058823114186875,0.588235259515573,1.3333332839506191,88.0,2026-02-11,0
2026-02-11 19:58:58.206,13.0,6.0,8.0,11.0,8.0,3.0,3.0,8.0,41.0,56.0,0.5454544958677732,1.7272725702479483,0.4333333188888894,60.0,2026-02-11,0
2026-02-11 19:58:59.207,2.0,1.0,0.0,0.0,1.0,2.0,0.0,0.0,61.0,63.0,0.3333332222222592,0.0,0.6666664444445185,6.0,2026-02-11,0
2026-02-11 19:59:01.259,6.0,3.0,1.0,2.0,0.0,0.0,1.0,0.0,54.0,61.0,3000000.0,3000000.0,1.9999993333335555,13.0,2026-02-11,1
2026-02-11 19:59:02.261,42.0,5.0,4.0,1.0,3.0,2.0,3.0,1.0,53.0,64.0,0.99999980000004,0.99999980000004,4.199999580000043,61.0,2026-02-11,0
2026-02-11 19:59:03.276,48.0,37.0,7.0,17.0,11.0,4.0,3.0,6.0,44.0,54.0,2.466666502222233,1.5999998933333406,1.2307691992110463,133.0,2026-02-11,0
2026-02-11 19:59:04.288,17.0,3.0,2.0,1.0,1.0,0.0,2.0,0.0,20.0,63.0,2.9999970000030003,2.9999970000030003,4.249998937500266,26.0,2026-02-11,1
2026-02-11 19:59:05.302,8.0,2.0,4.0,4.0,5.0,1.0,0.0,2.0,21.0,69.0,0.333333277777787,1.3333331111111482,0.5714285306122479,26.0,2026-02-11,0
2026-02-11 19:59:06.316,5.0,5.0,6.0,9.0,5.0,2.0,2.0,2.0,16.0,77.0,0.7142856122449125,2.1428568367347376,0.2272727169421492,36.0,2026-02-11,1
2026-02-11 19:59:07.332,3.0,1.0,0.0,1.0,1.0,0.0,1.0,0.0,27.0,83.0,0.999999000001,0.999999000001,1.499999250000375,7.0,2026-02-11,1
2026-02-11 19:59:08.343,4.0,20.0,14.0,18.0,12.0,20.0,17.0,22.0,43.0,81.0,0.6249999804687506,0.9999999687500012,0.0624999990234375,127.0,2026-02-11,1
2026-02-11 19:59:09.358,14.0,30.0,3.0,9.0,4.0,2.0,4.0,8.0,34.0,66.0,4.9999991666668056,1.999999666666722,0.7777777345679036,74.0,2026-02-11,1
2026-02-11 19:59:10.378,14.0,30.0,3.0,9.0,4.0,2.0,4.0,8.0,34.0,66.0,4.9999991666668056,1.999999666666722,0.7777777345679036,74.0,2026-02-11,1
2026-02-11 19:59:11.386,3.0,0.0,0.0,0.0,0.0,0.0,0.0,0.0,29.0,40.0,0.0,0.0,3000000.0,3.0,2026-02-11,0
2026-02-11 19:59:12.388,11.0,1.0,1.0,1.0,1.0,0.0,2.0,2.0,21.0,41.0,0.999999000001,1.999998000002,3.666665444444852,19.0,2026-02-11,1
2026-02-11 19:59:13.403,37.0,9.0,5.0,7.0,10.0,11.0,8.0,10.0,44.0,50.0,0.4285714081632663,0.5714285442176883,1.1212120872359974,97.0,2026-02-11,0
2026-02-11 19:59:14.417,14.0,28.0,10.0,6.0,9.0,9.0,7.0,12.0,51.0,57.0,1.5555554691358071,0.8888888395061756,0.4117646937716266,95.0,2026-02-11,0
2026-02-11 19:59:15.418,29.0,52.0,64.0,28.0,8.0,13.0,8.0,19.0,41.0,69.0,2.4761903582766496,4.38095217233561,0.2566371658704676,221.0,2026-02-11,0
2026-02-11 19:59:16.430,19.0,13.0,1.0,11.0,5.0,5.0,3.0,2.0,47.0,63.0,1.299999870000013,1.199999880000012,0.863636324380167,59.0,2026-02-11,0
2026-02-11 19:59:17.445,1.0,3.0,5.0,1.0,0.0,2.0,7.0,3.0,40.0,70.0,1.499999250000375,2.99999850000075,0.1249999843750019,22.0,2026-02-11,1
2026-02-11 19:59:18.459,5.0,0.0,0.0,0.0,0.0,0.0,0.0,0.0,21.0,66.0,0.0,0.0,4279999.999999746,5.0,2026-02-11,1
2026-02-11 19:59:19.475,5.0,2.0,4.0,5.0,7.0,5.0,3.0,4.0,38.0,64.0,0.1666666527777789,0.7499999375000053,0.2380952267573701,35.0,2026-02-11,0
2026-02-11 19:59:21.503,53.0,35.0,2.0,27.0,9.0,11.0,63.0,70.0,35.0,63.0,1.7499999125000043,1.4499999275000035,1.0816326309870892,270.0,2026-02-11,1
2026-02-11 19:59:22.515,17.0,16.0,4.0,18.0,23.0,7.0,11.0,11.0,30.0,54.0,0.5333333155555561,0.7333333088888897,0.3269230706360948,107.0,2026-02-11,1
2026-02-11 19:59:23.517,29.0,5.0,4.0,2.0,1.0,4.0,8.0,3.0,56.0,67.0,0.99999980000004,1.199999760000048,2.636363396694237,56.0,2026-02-11,0
2026-02-11 19:59:24.527,50.0,6.0,2.0,1.0,9.0,5.0,1.0,3.0,53.0,54.0,0.4285713979591858,0.2142856989795929,2.9411762975778646,77.0,2026-02-11,0
2026-02-11 19:59:25.540,34.0,12.0,19.0,7.0,4.0,3.0,3.0,3.0,47.0,66.0,1.71428546938779,3.714285183673545,1.0303029990817274,85.0,2026-02-11,0
2026-02-11 19:59:26.551,36.0,5.0,1.0,2.0,1.0,2.0,1.0,1.0,48.0,61.0,1.666666111111296,0.9999996666667778,5.999999000000167,49.0,2026-02-11,1
2026-02-11 19:59:27.562,42.0,7.0,1.0,1.0,4.0,2.0,4.0,12.0,43.0,48.0,1.1666664722222546,0.333333277777787,5.2499993437500825,73.0,2026-02-11,0
2026-02-11 19:59:28.573,40.0,4.0,4.0,1.0,1.0,1.0,1.0,2.0,35.0,56.0,1.9999990000005,2.499998750000625,5.7142848979593,54.0,2026-02-11,1
2026-02-11 19:59:29.590,1.0,8.0,0.0,1.0,0.0,0.0,1.0,0.0,27.0,35.0,3000000.0,1000000.0,0.999999000001,11.0,2026-02-11,1
2026-02-11 19:59:30.604,1.0,1.0,0.0,1.0,1.0,1.0,1.0,1.0,29.0,37.0,0.499999750000125,0.499999750000125,0.3333332222222592,7.0,2026-02-11,0
2026-02-11 19:59:31.620,6.0,2.0,0.0,2.0,1.0,0.0,1.0,1.0,23.0,50.0,1.999998000002,1.999998000002,1.9999993333335555,13.0,2026-02-11,1
2026-02-11 19:59:32.636,6.0,12.0,2.0,1.0,2.0,1.0,1.0,2.0,14.0,38.0,3.999998666667111,0.9999996666667778,0.9999998333333612,27.0,2026-02-11,1
2026-02-11 19:59:33.638,7.0,3.0,0.0,0.0,0.0,0.0,0.0,0.0,20.0,35.0,3000000.0,0.0,4279999.999999746,10.0,2026-02-11,1
2026-02-11 19:59:35.693,7.0,2.0,0.0,1.0,1.0,1.0,0.0,0.0,16.0,35.0,0.99999950000025,0.499999750000125,2.333332555555814,12.0,2026-02-11,1
2026-02-11 19:59:36.697,18.0,43.0,28.0,13.0,4.0,5.0,6.0,4.0,11.0,35.0,4.777777246913639,4.555555049382773,0.3599999928000001,121.0,2026-02-11,1
2026-02-11 19:59:37.710,90.0,30.0,5.0,1.0,5.0,4.0,12.0,7.0,14.0,34.0,3.3333329629630044,0.6666665925926009,5.999999600000027,154.0,2026-02-11,1
2026-02-11 19:59:38.711,18.0,7.0,3.0,4.0,9.0,4.0,10.0,12.0,30.0,48.0,0.5384614970414233,0.5384614970414233,0.8999999550000022,67.0,2026-02-11,1
2026-02-11 19:59:39.712,35.0,2.0,3.0,2.0,0.0,2.0,2.0,3.0,30.0,60.0,0.99999950000025,2.499998750000625,4.999999285714388,49.0,2026-02-11,1
2026-02-11 19:59:40.715,23.0,9.0,6.0,3.0,3.0,5.0,6.0,4.0,44.0,60.0,1.1249998593750177,1.1249998593750177,1.3529410968858178,59.0,2026-02-11,0
2026-02-11 19:59:41.727,8.0,3.0,0.0,1.0,0.0,0.0,0.0,2.0,47.0,63.0,3000000.0,1000000.0,7.999992000008,14.0,2026-02-11,1
2026-02-11 19:59:42.741,7.0,0.0,0.0,1.0,2.0,0.0,0.0,1.0,48.0,66.0,0.0,0.499999750000125,2.333332555555814,11.0,2026-02-11,0
2026-02-11 19:59:43.753,54.0,17.0,8.0,7.0,11.0,11.0,15.0,10.0,50.0,56.0,0.7727272376033073,0.6818181508264477,1.4594594200146105,133.0,2026-02-11,0
2026-02-11 19:59:44.767,8.0,1.0,2.0,1.0,1.0,0.0,1.0,0.0,47.0,64.0,0.999999000001,2.9999970000030003,1.999999500000125,14.0,2026-02-11,0
2026-02-11 19:59:45.778,10.0,6.0,4.0,3.0,1.0,2.0,2.0,2.0,50.0,75.0,1.9999993333335555,2.333332555555814,0.99999990000001,30.0,2026-02-11,1
2026-02-11 19:59:46.794,32.0,9.0,2.0,3.0,2.0,1.0,4.0,2.0,35.0,69.0,2.9999990000003334,1.666666111111296,3.999999500000063,55.0,2026-02-11,1
2026-02-11 19:59:47.795,24.0,1.0,0.0,1.0,2.0,2.0,2.0,3.0,43.0,66.0,0.2499999375000156,0.2499999375000156,4.799999040000192,35.0,2026-02-11,0
2026-02-11 19:59:48.799,9.0,4.0,2.0,1.0,3.0,1.0,0.0,0.0,44.0,53.0,0.9999997500000624,0.7499998125000469,1.2857141020408425,20.0,2026-02-11,1
2026-02-11 19:59:49.814,3.0,1.0,4.0,0.0,1.0,1.0,0.0,0.0,48.0,57.0,0.499999750000125,1.9999990000005,0.4999999166666805,10.0,2026-02-11,0
2026-02-11 19:59:51.819,3.0,1.0,0.0,0.0,0.0,0.0,0.0,0.0,44.0,57.0,1000000.0,0.0,3000000.0,4.0,2026-02-11,0
2026-02-11 19:59:52.831,25.0,23.0,1.0,3.0,6.0,4.0,2.0,1.0,27.0,50.0,2.299999770000023,0.399999960000004,1.7857141581632745,65.0,2026-02-11,1
2026-02-11 19:59:53.834,34.0,31.0,2.0,3.0,2.0,2.0,10.0,7.0,16.0,40.0,7.749998062500484,1.249999687500078,3.777777358024738,91.0,2026-02-11,1
2026-02-11 19:59:54.839,52.0,24.0,2.0,8.0,9.0,5.0,4.0,11.0,11.0,26.0,1.7142855918367434,0.7142856632653098,2.1666665763888924,115.0,2026-02-11,1
2026-02-11 19:59:55.841,1.0,1.0,1.0,4.0,4.0,1.0,2.0,1.0,27.0,37.0,0.199999960000008,0.99999980000004,0.099999990000001,15.0,2026-02-11,0
2026-02-11 19:59:56.852,13.0,2.0,0.0,0.0,0.0,0.0,0.0,0.0,26.0,40.0,2000000.0,0.0,4279999.999999746,15.0,2026-02-11,1
2026-02-11 19:59:57.866,34.0,16.0,13.0,13.0,2.0,4.0,8.0,5.0,34.0,60.0,2.6666662222222963,4.333332611111231,1.0624999667968762,95.0,2026-02-11,1
2026-02-11 19:59:58.883,12.0,1.0,2.0,1.0,4.0,1.0,1.0,1.0,41.0,69.0,0.199999960000008,0.599999880000024,1.4999998125000236,23.0,2026-02-11,0
2026-02-11 19:59:59.898,32.0,5.0,1.0,3.0,5.0,3.0,3.0,5.0,41.0,61.0,0.6249999218750099,0.4999999375000079,2.666666444444463,57.0,2026-02-11,0
2026-02-11 20:00:00.898,5.0,1.0,0.0,0.0,0.0,2.0,1.0,0.0,60.0,66.0,0.499999750000125,0.0,2.499998750000625,9.0,2026-02-11,0
2026-02-11 20:00:01.911,12.0,2.0,0.0,3.0,2.0,1.0,0.0,0.0,64.0,61.0,0.6666664444445185,0.9999996666667778,1.999999666666722,20.0,2026-02-11,0
2026-02-11 20:00:02.923,1.0,2.0,2.0,2.0,1.0,1.0,0.0,0.0,61.0,61.0,0.99999950000025,1.9999990000005,0.1666666388888935,9.0,2026-02-11,0
2026-02-11 20:00:04.954,39.0,18.0,9.0,8.0,4.0,5.0,10.0,15.0,53.0,63.0,1.9999997777778027,1.888888679012369,1.4999999423076944,108.0,2026-02-11,0
2026-02-11 20:00:05.955,23.0,0.0,0.0,0.0,0.0,0.0,0.0,0.0,47.0,70.0,0.0,0.0,4279999.999999746,23.0,2026-02-11,1
2026-02-11 20:00:06.966,23.0,5.0,1.0,2.0,1.0,1.0,0.0,1.0,41.0,67.0,2.499998750000625,1.499999250000375,4.599999080000184,34.0,2026-02-11,1
2026-02-11 20:00:07.972,37.0,56.0,1.0,11.0,3.0,4.0,5.0,5.0,29.0,51.0,7.99999885714302,1.71428546938779,1.947368318559562,122.0,2026-02-11,1
2026-02-11 20:00:08.980,47.0,20.0,5.0,1.0,2.0,2.0,4.0,1.0,24.0,43.0,4.999998750000312,1.4999996250000938,4.699999530000047,82.0,2026-02-11,1
2026-02-11 20:00:09.992,6.0,8.0,0.0,1.0,2.0,1.0,6.0,5.0,17.0,26.0,2.666665777778074,0.3333332222222592,1.4999996250000938,29.0,2026-02-11,1
2026-02-11 20:00:11.007,71.0,44.0,7.0,11.0,5.0,16.0,13.0,31.0,23.0,21.0,2.095237995464857,0.8571428163265326,1.820512773833006,198.0,2026-02-11,1
2026-02-11 20:00:12.020,2.0,1.0,0.0,0.0,2.0,1.0,1.0,3.0,47.0,21.0,0.3333332222222592,0.0,0.6666664444445185,10.0,2026-02-11,0
2026-02-11 20:00:13.044,16.0,15.0,1.0,1.0,3.0,1.0,4.0,4.0,47.0,14.0,3.749999062500234,0.4999998750000312,2.6666662222222963,45.0,2026-02-11,1
2026-02-11 20:00:14.056,5.0,2.0,0.0,1.0,0.0,1.0,1.0,0.0,50.0,24.0,1.999998000002,0.999999000001,2.499998750000625,10.0,2026-02-11,0
2026-02-11 20:00:15.066,49.0,50.0,97.0,100.0,23.0,47.0,43.0,77.0,37.0,56.0,0.7142857040816328,2.814285674081633,0.1835205985635932,486.0,2026-02-11,0
2026-02-11 20:00:16.078,25.0,19.0,3.0,21.0,9.0,6.0,8.0,17.0,41.0,70.0,1.2666665822222278,1.5999998933333406,0.6410256245890866,108.0,2026-02-11,1
2026-02-11 20:00:17.094,18.0,52.0,4.0,25.0,10.0,11.0,8.0,5.0,37.0,67.0,2.4761903582766496,1.3809523151927467,0.3599999928000001,133.0,2026-02-11,0
2026-02-11 20:00:18.109,51.0,19.0,1.0,8.0,25.0,9.0,14.0,19.0,40.0,57.0,0.558823512975779,0.2647058745674743,1.1860464840454308,146.0,2026-02-11,0
2026-02-11 20:00:19.111,15.0,19.0,5.0,3.0,5.0,3.0,3.0,10.0,30.0,40.0,2.374999703125037,0.9999998750000156,0.9374999414062536,63.0,2026-02-11,1
2026-02-11 20:00:20.126,25.0,5.0,8.0,7.0,1.0,3.0,3.0,1.0,35.0,50.0,1.249999687500078,3.749999062500234,1.3157894044321363,53.0,2026-02-11,1
2026-02-11 20:00:21.141,14.0,7.0,0.0,1.0,2.0,1.0,2.0,2.0,37.0,41.0,2.333332555555814,0.3333332222222592,3.4999991250002185,29.0,2026-02-11,1
2026-02-11 20:00:22.152,5.0,5.0,19.0,9.0,4.0,1.0,2.0,2.0,21.0,66.0,0.99999980000004,5.599998880000224,0.1515151469237834,47.0,2026-02-11,1
2026-02-11 20:00:23.155,3.0,6.0,0.0,2.0,1.0,1.0,0.0,0.0,24.0,63.0,2.99999850000075,0.99999950000025,0.7499998125000469,13.0,2026-02-11,1
2026-02-11 20:00:25.184,7.0,0.0,0.0,0.0,0.0,0.0,0.0,0.0,29.0,50.0,0.0,0.0,4279999.999999746,7.0,2026-02-11,1
2026-02-11 20:00:26.197,40.0,2.0,2.0,1.0,3.0,1.0,2.0,2.0,29.0,64.0,0.4999998750000312,0.7499998125000469,5.7142848979593,53.0,2026-02-11,1
2026-02-11 20:00:27.209,3.0,3.0,1.0,1.0,1.0,0.0,2.0,6.0,38.0,47.0,2.9999970000030003,1.999998000002,0.9999996666667778,17.0,2026-02-11,1
2026-02-11 20:00:28.224,4.0,3.0,1.0,1.0,0.0,1.0,3.0,1.0,41.0,56.0,2.9999970000030003,1.999998000002,1.333332888889037,14.0,2026-02-11,1
2026-02-11 20:00:29.240,23.0,3.0,1.0,4.0,2.0,0.0,1.0,1.0,24.0,64.0,1.499999250000375,2.499998750000625,3.2857138163265978,35.0,2026-02-11,1
2026-02-11 20:00:30.248,45.0,14.0,4.0,1.0,2.0,3.0,6.0,3.0,24.0,56.0,2.799999440000112,0.99999980000004,4.499999550000045,78.0,2026-02-11,1
2026-02-11 20:00:31.258,34.0,11.0,2.0,6.0,6.0,1.0,3.0,9.0,17.0,57.0,1.5714283469388075,1.14285697959186,2.2666665155555656,72.0,2026-02-11,1
2026-02-11 20:00:32.271,27.0,76.0,4.0,12.0,7.0,9.0,19.0,11.0,10.0,43.0,4.7499997031250185,0.9999999375000038,0.8437499736328133,165.0,2026-02-11,1
2026-02-11 20:00:33.274,14.0,0.0,0.0,1.0,1.0,0.0,0.0,2.0,27.0,38.0,0.0,0.999999000001,6.99999650000175,18.0,2026-02-11,1
2026-02-11 20:00:34.293,35.0,8.0,7.0,10.0,6.0,1.0,1.0,3.0,17.0,51.0,1.14285697959186,2.428571081632702,1.458333272569447,71.0,2026-02-11,1
2026-02-11 20:00:35.301,21.0,6.0,1.0,1.0,2.0,2.0,1.0,2.0,30.0,48.0,1.4999996250000938,0.4999998750000312,3.499999416666764,36.0,2026-02-11,1
2026-02-11 20:00:37.327,20.0,3.0,4.0,1.0,6.0,3.0,3.0,1.0,43.0,61.0,0.3333332962963004,0.5555554938271674,1.4285713265306197,41.0,2026-02-11,0
2026-02-11 20:00:38.387,14.0,7.0,2.0,5.0,1.0,2.0,2.0,4.0,37.0,63.0,2.333332555555814,2.333332555555814,1.399999860000014,37.0,2026-02-11,1
2026-02-11 20:00:39.389,47.0,7.0,0.0,4.0,3.0,1.0,5.0,4.0,41.0,51.0,1.7499995625001092,0.9999997500000624,5.8749992656250924,71.0,2026-02-11,1
2026-02-11 20:00:40.405,36.0,11.0,3.0,2.0,3.0,1.0,3.0,4.0,29.0,53.0,2.749999312500172,1.249999687500078,3.999999555555605,63.0,2026-02-11,1
2026-02-11 20:00:41.421,14.0,1.0,1.0,3.0,2.0,1.0,3.0,3.0,30.0,56.0,0.3333332222222592,1.333332888889037,1.999999714285755,28.0,2026-02-11,1
2026-02-11 20:00:42.423,30.0,35.0,13.0,5.0,6.0,6.0,6.0,6.0,24.0,51.0,2.916666423611132,1.4999998750000103,0.9999999666666678,107.0,2026-02-11,1
2026-02-11 20:00:43.439,6.0,0.0,0.0,0.0,0.0,0.0,0.0,0.0,34.0,60.0,0.0,0.0,4279999.999999746,6.0,2026-02-11,1
2026-02-11 20:00:44.450,14.0,7.0,1.0,2.0,2.0,1.0,4.0,2.0,38.0,60.0,2.333332555555814,0.9999996666667778,2.333332944444509,33.0,2026-02-11,1
2026-02-11 20:00:45.451,31.0,30.0,20.0,11.0,15.0,11.0,10.0,8.0,30.0,54.0,1.1538461094674572,1.1923076464497058,0.5438596395814098,136.0,2026-02-11,1
2026-02-11 20:00:46.467,28.0,3.0,1.0,1.0,2.0,1.0,3.0,2.0,40.0,53.0,0.9999996666667778,0.6666664444445185,5.599998880000224,41.0,2026-02-11,1
2026-02-11 20:00:47.482,27.0,42.0,5.0,10.0,2.0,4.0,8.0,4.0,27.0,44.0,6.999998833333527,2.4999995833334028,1.2857142244897988,102.0,2026-02-11,1
2026-02-11 20:00:48.498,0.0,1.0,0.0,0.0,0.0,0.0,0.0,0.0,23.0,40.0,1000000.0,0.0,0.0,1.0,2026-02-11,1
2026-02-11 20:00:49.512,18.0,1.0,0.0,2.0,1.0,2.0,0.0,0.0,30.0,40.0,0.3333332222222592,0.6666664444445185,3.599999280000144,24.0,2026-02-11,1
2026-02-11 20:00:50.525,63.0,33.0,4.0,11.0,24.0,7.0,20.0,49.0,26.0,35.0,1.0645160946930292,0.4838709521331951,1.3695651876181485,211.0,2026-02-11,1
2026-02-11 20:00:51.531,7.0,1.0,1.0,2.0,1.0,0.0,0.0,1.0,29.0,50.0,0.999999000001,2.9999970000030003,1.7499995625001092,13.0,2026-02-11,1
2026-02-11 20:00:52.556,17.0,15.0,6.0,4.0,3.0,8.0,18.0,4.0,43.0,57.0,1.3636362396694328,0.9090908264462886,0.8095237709750585,75.0,2026-02-11,0
2026-02-11 20:00:53.560,23.0,10.0,4.0,4.0,4.0,6.0,6.0,6.0,38.0,54.0,0.99999990000001,0.7999999200000081,1.2777777067901273,63.0,2026-02-11,0
2026-02-11 20:00:54.597,33.0,25.0,9.0,13.0,5.0,4.0,4.0,2.0,35.0,64.0,2.777777469135837,2.4444441728395367,1.0645160946930292,95.0,2026-02-11,1
2026-02-11 20:00:55.608,15.0,6.0,0.0,0.0,1.0,0.0,0.0,0.0,29.0,43.0,5.999994000006001,0.0,14.999985000015002,22.0,2026-02-11,1
2026-02-11 20:00:56.627,15.0,2.0,0.0,1.0,0.0,1.0,1.0,0.0,27.0,43.0,1.999998000002,0.999999000001,7.499996250001875,20.0,2026-02-11,1
2026-02-11 20:00:57.679,7.0,0.0,2.0,2.0,2.0,3.0,1.0,1.0,38.0,53.0,0.0,0.799999840000032,0.7777776913580343,18.0,2026-02-11,0
2026-02-11 20:00:58.682,20.0,10.0,28.0,10.0,16.0,11.0,13.0,12.0,47.0,63.0,0.3703703566529497,1.407407355281209,0.3076923029585799,120.0,2026-02-11,0
2026-02-11 20:00:59.692,60.0,12.0,4.0,1.0,4.0,2.0,2.0,4.0,51.0,70.0,1.999999666666722,0.8333331944444675,5.454544958677731,89.0,2026-02-11,1
2026-02-11 20:01:00.695,12.0,2.0,1.0,1.0,0.0,1.0,1.0,2.0,51.0,77.0,1.999998000002,1.999998000002,3.999998666667111,20.0,2026-02-11,1
2026-02-11 20:01:01.707,4.0,0.0,1.0,1.0,0.0,0.0,0.0,0.0,34.0,81.0,0.0,2000000.0,1.9999990000005,6.0,2026-02-11,1
2026-02-11 20:01:02.710,47.0,2.0,1.0,0.0,3.0,1.0,1.0,0.0,38.0,67.0,0.4999998750000312,0.2499999375000156,9.399998120000376,55.0,2026-02-11,0
2026-02-11 20:01:03.727,46.0,51.0,5.0,6.0,3.0,7.0,12.0,2.0,38.0,61.0,5.099999490000052,1.099999890000011,2.190476086167805,132.0,2026-02-11,1
2026-02-11 20:01:04.738,2.0,2.0,0.0,1.0,0.0,0.0,0.0,0.0,27.0,57.0,2000000.0,1000000.0,1.999998000002,5.0,2026-02-11,1
2026-02-11 20:01:05.753,21.0,8.0,2.0,4.0,2.0,2.0,2.0,2.0,29.0,43.0,1.999999500000125,1.4999996250000938,2.0999997900000213,43.0,2026-02-11,1
2026-02-11 20:01:06.766,6.0,1.0,0.0,0.0,2.0,1.0,2.0,3.0,29.0,44.0,0.3333332222222592,0.0,1.9999993333335555,15.0,2026-02-11,1
2026-02-11 20:01:07.780,9.0,2.0,2.0,2.0,2.0,0.0,1.0,2.0,27.0,61.0,0.99999950000025,1.9999990000005,1.4999997500000417,20.0,2026-02-11,1
2026-02-11 20:01:08.791,17.0,2.0,0.0,0.0,1.0,2.0,0.0,0.0,48.0,53.0,0.6666664444445185,0.0,5.666664777778407,22.0,2026-02-11,0
2026-02-11 20:01:09.812,34.0,29.0,8.0,25.0,13.0,8.0,7.0,17.0,48.0,54.0,1.3809523151927467,1.571428496598643,0.6296296179698219,141.0,2026-02-11,0
2026-02-11 20:01:10.818,5.0,3.0,6.0,6.0,2.0,2.0,10.0,3.0,40.0,69.0,0.7499998125000469,2.9999992500001875,0.3124999804687512,37.0,2026-02-11,1
2026-02-11 20:01:11.833,25.0,9.0,11.0,11.0,6.0,2.0,7.0,5.0,23.0,83.0,1.1249998593750177,2.749999656250043,0.8333333055555564,76.0,2026-02-11,1
2026-02-11 20:01:12.834,3.0,2.0,0.0,1.0,1.0,1.0,1.0,2.0,26.0,81.0,0.99999950000025,0.499999750000125,0.9999996666667778,11.0,2026-02-11,1
2026-02-11 20:01:13.846,15.0,22.0,1.0,5.0,5.0,6.0,4.0,6.0,26.0,57.0,1.9999998181818348,0.5454544958677732,0.8823528892733594,64.0,2026-02-11,1
2026-02-11 20:01:14.888,15.0,22.0,1.0,5.0,5.0,6.0,4.0,6.0,26.0,57.0,1.9999998181818348,0.5454544958677732,0.8823528892733594,64.0,2026-02-11,1
2026-02-11 20:01:15.920,48.0,5.0,1.0,2.0,0.0,0.0,0.0,1.0,21.0,53.0,3000000.0,3000000.0,15.999994666668444,57.0,2026-02-11,1
2026-02-11 20:01:16.935,35.0,3.0,0.0,1.0,1.0,0.0,1.0,1.0,17.0,47.0,2.9999970000030003,0.999999000001,17.499991250004374,42.0,2026-02-11,1
2026-02-11 20:01:17.944,53.0,50.0,16.0,16.0,11.0,10.0,35.0,11.0,13.0,54.0,2.3809522675737016,1.523809451247169,0.999999981132076,202.0,2026-02-11,1
2026-02-11 20:01:18.960,44.0,1.0,1.0,1.0,2.0,1.0,0.0,2.0,29.0,63.0,0.3333332222222592,0.6666664444445185,8.799998240000352,52.0,2026-02-11,1
2026-02-11 20:01:19.969,1.0,3.0,0.0,0.0,0.0,0.0,0.0,0.0,30.0,50.0,3000000.0,0.0,1000000.0,4.0,2026-02-11,1
2026-02-11 20:01:20.980,30.0,41.0,13.0,3.0,16.0,12.0,22.0,26.0,35.0,47.0,1.4642856619897977,0.5714285510204089,0.6818181663223144,163.0,2026-02-11,1
2026-02-11 20:01:22.005,23.0,21.0,6.0,7.0,19.0,1.0,2.0,2.0,26.0,44.0,1.0499999475000026,0.6499999675000016,0.6969696758494038,81.0,2026-02-11,1
2026-02-11 20:01:23.071,3.0,1.0,1.0,0.0,0.0,0.0,0.0,0.0,14.0,44.0,1000000.0,1000000.0,2.9999970000030003,5.0,2026-02-11,1
2026-02-11 20:01:24.077,7.0,0.0,1.0,0.0,0.0,0.0,0.0,0.0,14.0,66.0,0.0,1000000.0,6.9999930000070005,8.0,2026-02-11,1
2026-02-11 20:01:25.086,20.0,1.0,0.0,1.0,1.0,1.0,0.0,0.0,26.0,74.0,0.499999750000125,0.499999750000125,6.666664444445185,24.0,2026-02-11,1
2026-02-11 20:01:26.099,15.0,25.0,6.0,2.0,7.0,7.0,16.0,5.0,40.0,69.0,1.7857141581632745,0.5714285306122479,0.6818181508264477,83.0,2026-02-11,0
2026-02-11 20:01:27.112,24.0,4.0,4.0,7.0,3.0,5.0,3.0,1.0,51.0,70.0,0.4999999375000079,1.3749998281250215,1.263157828254851,51.0,2026-02-11,1
2026-02-11 20:01:28.125,8.0,1.0,0.0,3.0,2.0,1.0,2.0,4.0,61.0,60.0,0.3333332222222592,0.9999996666667778,1.3333331111111482,21.0,2026-02-11,0
2026-02-11 20:01:29.140,1.0,0.0,0.0,0.0,0.0,0.0,0.0,0.0,56.0,60.0,0.0,0.0,1000000.0,1.0,2026-02-11,0
2026-02-11 20:01:30.152,2.0,2.0,0.0,0.0,0.0,0.0,0.0,0.0,48.0,54.0,2000000.0,0.0,2000000.0,4.0,2026-02-11,0
2026-02-11 20:01:31.164,4.0,2.0,0.0,0.0,0.0,0.0,0.0,0.0,41.0,44.0,2000000.0,0.0,4000000.0,6.0,2026-02-11,1
2026-02-11 20:01:32.186,1.0,3.0,3.0,2.0,1.0,1.0,0.0,0.0,37.0,48.0,1.499999250000375,2.499998750000625,0.1428571224489825,11.0,2026-02-11,0
2026-02-11 20:01:33.212,5.0,5.0,0.0,1.0,0.0,0.0,1.0,0.0,20.0,41.0,3000000.0,1000000.0,4.999995000005001,12.0,2026-02-11,1
2026-02-11 20:01:34.216,24.0,5.0,0.0,2.0,0.0,0.0,0.0,0.0,17.0,50.0,3000000.0,2000000.0,11.999994000003,31.0,2026-02-11,1
2026-02-11 20:01:35.228,40.0,43.0,30.0,24.0,7.0,2.0,5.0,7.0,1.0,57.0,4.777777246913639,5.999999333333408,0.6349206248425298,158.0,2026-02-11,1
2026-02-11 20:01:36.238,25.0,2.0,0.0,2.0,1.0,1.0,3.0,2.0,1.0,53.0,0.99999950000025,0.99999950000025,6.24999843750039,36.0,2026-02-11,1
2026-02-11 20:01:37.245,3.0,5.0,2.0,0.0,3.0,1.0,0.0,1.0,13.0,54.0,1.249999687500078,0.4999998750000312,0.4999999166666805,15.0,2026-02-11,1
2026-02-11 20:01:38.261,1.0,2.0,0.0,1.0,1.0,1.0,0.0,0.0,26.0,56.0,0.99999950000025,0.499999750000125,0.3333332222222592,6.0,2026-02-11,0
2026-02-11 20:01:39.263,0.0,2.0,0.0,2.0,0.0,1.0,0.0,0.0,48.0,51.0,1.999998000002,1.999998000002,0.0,5.0,2026-02-11,0
2026-02-11 20:01:40.271,1.0,3.0,0.0,1.0,0.0,0.0,0.0,0.0,43.0,41.0,3000000.0,1000000.0,0.999999000001,5.0,2026-02-11,1
2026-02-11 20:01:41.282,44.0,57.0,14.0,11.0,13.0,12.0,12.0,8.0,41.0,41.0,2.279999908800004,0.9999999600000016,0.8799999824000004,171.0,2026-02-11,0
2026-02-11 20:01:42.364,22.0,5.0,1.0,0.0,1.0,1.0,3.0,1.0,40.0,38.0,2.499998750000625,0.499999750000125,7.333330888889703,34.0,2026-02-11,1
2026-02-11 20:01:43.374,28.0,11.0,4.0,6.0,4.0,7.0,15.0,14.0,40.0,38.0,0.9999999090909174,0.9090908264462886,1.3333332698412728,89.0,2026-02-11,0
2026-02-11 20:01:44.394,28.0,9.0,3.0,7.0,5.0,4.0,8.0,2.0,47.0,47.0,0.9999998888889012,1.1111109876543348,1.473684132963993,66.0,2026-02-11,0
2026-02-11 20:01:45.399,8.0,1.0,0.0,1.0,0.0,0.0,0.0,1.0,50.0,51.0,1000000.0,1000000.0,7.999992000008,11.0,2026-02-11,1
2026-02-11 20:01:46.414,23.0,2.0,1.0,0.0,2.0,3.0,1.0,1.0,57.0,53.0,0.399999920000016,0.199999960000008,3.833332694444551,33.0,2026-02-11,0
2026-02-11 20:01:47.428,17.0,5.0,5.0,2.0,3.0,2.0,4.0,5.0,53.0,57.0,0.99999980000004,1.399999720000056,1.416666548611121,43.0,2026-02-11,0
2026-02-11 20:01:48.444,0.0,1.0,0.0,0.0,0.0,1.0,2.0,1.0,61.0,54.0,0.999999000001,0.0,0.0,5.0,2026-02-11,0
2026-02-11 20:01:49.458,10.0,3.0,2.0,4.0,2.0,1.0,0.0,0.0,57.0,61.0,0.9999996666667778,1.9999993333335555,1.1111109876543348,22.0,2026-02-11,1
2026-02-11 20:01:51.489,16.0,7.0,2.0,1.0,2.0,1.0,0.0,1.0,41.0,63.0,2.333332555555814,0.9999996666667778,2.6666662222222963,30.0,2026-02-11,1
2026-02-11 20:01:52.503,20.0,11.0,2.0,0.0,1.0,4.0,2.0,1.0,47.0,48.0,2.199999560000088,0.399999920000016,2.85714244897965,41.0,2026-02-11,0
2026-02-11 20:01:53.515,24.0,4.0,3.0,7.0,2.0,2.0,3.0,4.0,34.0,60.0,0.9999997500000624,2.499999375000156,1.7142855918367434,49.0,2026-02-11,1
2026-02-11 20:01:54.529,24.0,24.0,9.0,9.0,14.0,2.0,5.0,3.0,26.0,51.0,1.4999999062500058,1.1249999296875044,0.7058823321799315,90.0,2026-02-11,1
2026-02-11 20:01:55.533,44.0,5.0,4.0,3.0,4.0,2.0,2.0,5.0,34.0,57.0,0.8333331944444675,1.1666664722222546,3.384615124260375,69.0,2026-02-11,1
2026-02-11 20:01:56.548,8.0,4.0,0.0,0.0,0.0,0.0,0.0,0.0,20.0,57.0,3000000.0,0.0,4279999.999999746,12.0,2026-02-11,1
2026-02-11 20:01:57.563,21.0,6.0,2.0,1.0,2.0,1.0,1.0,1.0,17.0,48.0,1.9999993333335555,0.9999996666667778,3.499999416666764,35.0,2026-02-11,1
2026-02-11 20:01:58.567,21.0,6.0,6.0,5.0,1.0,3.0,4.0,5.0,27.0,57.0,1.4999996250000938,2.749999312500172,1.399999906666673,51.0,2026-02-11,1
2026-02-11 20:01:59.571,2.0,0.0,0.0,0.0,0.0,0.0,0.0,0.0,30.0,75.0,0.0,0.0,2000000.0,2.0,2026-02-11,1
2026-02-11 20:02:00.585,49.0,33.0,6.0,7.0,3.0,2.0,9.0,5.0,21.0,70.0,6.599998680000264,2.599999480000104,2.722222070987663,114.0,2026-02-11,1
2026-02-11 20:02:01.595,49.0,33.0,6.0,7.0,3.0,2.0,9.0,5.0,21.0,70.0,6.599998680000264,2.599999480000104,2.722222070987663,114.0,2026-02-11,1
2026-02-11 20:02:02.608,3.0,2.0,1.0,2.0,0.0,0.0,0.0,1.0,30.0,41.0,2000000.0,3000000.0,0.9999996666667778,9.0,2026-02-11,1
2026-02-11 20:02:03.609,0.0,6.0,2.0,3.0,5.0,6.0,3.0,6.0,44.0,38.0,0.5454544958677732,0.4545454132231443,0.0,31.0,2026-02-11,0
2026-02-11 20:02:04.611,5.0,4.0,5.0,0.0,2.0,1.0,1.0,2.0,56.0,47.0,1.333332888889037,1.666666111111296,0.6249999218750099,20.0,2026-02-11,1
2026-02-11 20:02:05.621,45.0,19.0,3.0,6.0,17.0,8.0,23.0,9.0,48.0,56.0,0.7599999696000012,0.3599999856000005,1.3235293728373714,130.0,2026-02-11,0
2026-02-11 20:02:06.636,3.0,3.0,0.0,0.0,0.0,0.0,0.0,0.0,40.0,44.0,3000000.0,0.0,3000000.0,6.0,2026-02-11,1
2026-02-11 20:02:07.650,1.0,3.0,0.0,0.0,0.0,1.0,0.0,0.0,34.0,30.0,2.9999970000030003,0.0,0.999999000001,5.0,2026-02-11,1
2026-02-11 20:02:08.663,14.0,14.0,5.0,4.0,5.0,5.0,1.0,1.0,37.0,24.0,1.399999860000014,0.8999999100000091,0.7368420664819965,49.0,2026-02-11,0
2026-02-11 20:02:09.674,30.0,3.0,1.0,7.0,4.0,2.0,10.0,4.0,35.0,37.0,0.4999999166666805,1.3333331111111482,2.1428569897959293,61.0,2026-02-11,1
2026-02-11 20:02:10.682,40.0,56.0,79.0,69.0,18.0,26.0,21.0,19.0,43.0,54.0,1.2727272438016537,3.3636362871900847,0.2083333322482639,328.0,2026-02-11,0
2026-02-11 20:02:11.691,19.0,8.0,2.0,5.0,4.0,2.0,2.0,4.0,40.0,70.0,1.3333331111111482,1.1666664722222546,1.4615383491124347,46.0,2026-02-11,1
2026-02-11 20:02:12.702,45.0,33.0,15.0,7.0,4.0,7.0,7.0,7.0,35.0,70.0,2.999999727272752,1.9999998181818348,1.3636363223140509,125.0,2026-02-11,1
2026-02-11 20:02:13.718,34.0,10.0,3.0,2.0,2.0,3.0,9.0,5.0,30.0,63.0,1.99999960000008,0.99999980000004,3.3999996600000344,68.0,2026-02-11,1
2026-02-11 20:02:14.719,14.0,2.0,2.0,2.0,1.0,2.0,4.0,4.0,40.0,60.0,0.6666664444445185,1.333332888889037,1.999999714285755,31.0,2026-02-11,0
2026-02-11 20:02:15.733,13.0,12.0,15.0,9.0,5.0,5.0,5.0,2.0,40.0,67.0,1.199999880000012,2.399999760000024,0.3823529299307962,66.0,2026-02-11,0
2026-02-11 20:02:16.745,41.0,21.0,8.0,18.0,7.0,4.0,4.0,2.0,38.0,70.0,1.909090735537206,2.3636361487603503,1.1081080781592412,105.0,2026-02-11,1
2026-02-11 20:02:17.758,22.0,16.0,2.0,3.0,3.0,2.0,4.0,14.0,30.0,67.0,3.199999360000128,0.99999980000004,2.199999780000022,66.0,2026-02-11,1
2026-02-11 20:02:18.777,42.0,61.0,9.0,8.0,10.0,5.0,13.0,16.0,14.0,53.0,4.066666395555574,1.1333332577777828,1.3124999589843764,164.0,2026-02-11,1
2026-02-11 20:02:19.802,42.0,61.0,9.0,8.0,10.0,5.0,13.0,16.0,14.0,53.0,4.066666395555574,1.1333332577777828,1.3124999589843764,164.0,2026-02-11,1
2026-02-11 20:02:20.810,64.0,76.0,17.0,15.0,18.0,9.0,30.0,13.0,10.0,35.0,2.814814710562418,1.1851851412894392,1.0847457443263433,242.0,2026-02-11,1
2026-02-11 20:02:21.836,23.0,1.0,1.0,3.0,2.0,0.0,1.0,2.0,14.0,50.0,0.499999750000125,1.9999990000005,3.833332694444551,33.0,2026-02-11,1
2026-02-11 20:02:22.843,31.0,9.0,3.0,2.0,4.0,4.0,5.0,6.0,27.0,53.0,1.1249998593750177,0.6249999218750099,2.384615201183446,64.0,2026-02-11,1
2026-02-11 20:02:23.848,8.0,2.0,1.0,0.0,1.0,0.0,0.0,2.0,27.0,54.0,1.999998000002,0.999999000001,3.999998000001,14.0,2026-02-11,1
2026-02-11 20:02:24.862,39.0,12.0,9.0,13.0,2.0,5.0,16.0,5.0,37.0,67.0,1.71428546938779,3.142856693877615,1.344827539833533,101.0,2026-02-11,0
2026-02-11 20:02:25.875,87.0,12.0,11.0,6.0,6.0,14.0,14.0,29.0,48.0,64.0,0.5999999700000015,0.8499999575000021,2.3513512878013167,179.0,2026-02-11,0
2026-02-11 20:02:26.888,39.0,18.0,3.0,6.0,4.0,0.0,4.0,4.0,26.0,63.0,4.499998875000281,2.2499994375001404,2.999999769230788,78.0,2026-02-11,1
2026-02-11 20:02:27.901,9.0,11.0,8.0,5.0,9.0,4.0,5.0,6.0,29.0,66.0,0.8461537810650938,0.9999999230769292,0.3461538328402372,57.0,2026-02-11,1
2026-02-11 20:02:28.902,5.0,0.0,0.0,1.0,0.0,0.0,1.0,0.0,34.0,64.0,0.0,1000000.0,4.999995000005001,7.0,2026-02-11,1
2026-02-11 20:02:29.904,53.0,18.0,3.0,8.0,3.0,3.0,3.0,1.0,17.0,60.0,2.9999995000000834,1.8333330277778288,3.1176468754325364,92.0,2026-02-11,1
2026-02-11 20:02:30.910,43.0,1.0,2.0,1.0,2.0,3.0,1.0,1.0,47.0,67.0,0.199999960000008,0.599999880000024,5.374999328125084,54.0,2026-02-11,0
2026-02-11 20:02:31.918,62.0,9.0,7.0,9.0,11.0,5.0,8.0,15.0,48.0,69.0,0.5624999648437522,0.9999999375000038,1.9374999394531272,126.0,2026-02-11,0
2026-02-11 20:02:32.920,0.0,1.0,1.0,0.0,0.0,1.0,1.0,1.0,56.0,66.0,0.999999000001,0.999999000001,0.0,5.0,2026-02-11,0
2026-02-11 20:02:34.935,19.0,8.0,5.0,2.0,2.0,1.0,1.0,2.0,56.0,70.0,2.666665777778074,2.333332555555814,1.899999810000019,40.0,2026-02-11,1
2026-02-11 20:02:35.952,30.0,4.0,1.0,2.0,0.0,1.0,1.0,1.0,41.0,67.0,3.999996000004,2.9999970000030003,7.499998125000468,40.0,2026-02-11,1
2026-02-11 20:02:36.962,19.0,2.0,1.0,6.0,2.0,3.0,3.0,1.0,48.0,74.0,0.399999920000016,1.399999720000056,1.5833332013889,37.0,2026-02-11,0
2026-02-11 20:02:37.976,6.0,2.0,1.0,2.0,1.0,2.0,2.0,2.0,44.0,70.0,0.6666664444445185,0.9999996666667778,0.9999998333333612,18.0,2026-02-11,1
2026-02-11 20:02:38.978,10.0,11.0,1.0,1.0,2.0,2.0,1.0,1.0,48.0,57.0,2.749999312500172,0.4999998750000312,1.666666388888935,29.0,2026-02-11,1
2026-02-11 20:02:39.981,5.0,2.0,1.0,0.0,0.0,0.0,0.0,0.0,48.0,56.0,2000000.0,1000000.0,4.999995000005001,8.0,2026-02-11,1
2026-02-11 20:02:40.997,10.0,24.0,16.0,27.0,4.0,15.0,18.0,15.0,43.0,56.0,1.263157828254851,2.263157775623275,0.1612903199791883,129.0,2026-02-11,0
2026-02-11 20:02:42.000,35.0,53.0,15.0,18.0,31.0,14.0,32.0,20.0,35.0,51.0,1.177777751604939,0.7333333170370374,0.4487179429651546,218.0,2026-02-11,1
2026-02-11 20:02:43.004,47.0,7.0,2.0,4.0,2.0,6.0,1.0,0.0,44.0,57.0,0.8749998906250137,0.7499999062500118,3.3571426173469563,69.0,2026-02-11,0
2026-02-11 20:02:44.017,48.0,21.0,28.0,12.0,19.0,12.0,27.0,12.0,48.0,66.0,0.677419332986473,1.2903225390218536,0.676056328506249,179.0,2026-02-11,0
2026-02-11 20:02:45.028,9.0,9.0,6.0,4.0,4.0,2.0,4.0,5.0,41.0,61.0,1.4999997500000417,1.666666388888935,0.5624999648437522,43.0,2026-02-11,0
2026-02-11 20:02:46.046,24.0,19.0,0.0,3.0,5.0,3.0,6.0,3.0,40.0,51.0,2.374999703125037,0.3749999531250059,2.1818179834710927,63.0,2026-02-11,0
2026-02-11 20:02:47.059,7.0,1.0,0.0,0.0,0.0,0.0,0.0,0.0,24.0,41.0,1000000.0,0.0,4279999.999999746,8.0,2026-02-11,1
2026-02-11 20:02:48.062,2.0,14.0,0.0,6.0,7.0,2.0,2.0,1.0,17.0,27.0,1.5555553827160686,0.6666665925926009,0.133333324444445,34.0,2026-02-11,0
2026-02-11 20:02:49.065,21.0,3.0,3.0,0.0,1.0,1.0,1.0,3.0,23.0,27.0,1.499999250000375,1.499999250000375,4.199999160000168,33.0,2026-02-11,1
2026-02-11 20:02:50.080,15.0,11.0,3.0,3.0,0.0,2.0,1.0,1.0,24.0,40.0,5.499997250001375,2.99999850000075,1.8749997656250292,36.0,2026-02-11,1
2026-02-11 20:02:51.096,16.0,2.0,1.0,0.0,1.0,1.0,0.0,1.0,37.0,53.0,0.99999950000025,0.499999750000125,5.333331555556148,22.0,2026-02-11,0
2026-02-11 20:02:52.110,21.0,4.0,2.0,1.0,2.0,1.0,3.0,1.0,41.0,60.0,1.333332888889037,0.9999996666667778,3.499999416666764,35.0,2026-02-11,1
2026-02-11 20:02:53.125,35.0,16.0,2.0,8.0,7.0,6.0,11.0,7.0,43.0,53.0,1.230769136094682,0.7692307100591762,1.5217390642722146,92.0,2026-02-11,0
2026-02-11 20:02:54.127,31.0,11.0,1.0,2.0,1.0,2.0,4.0,2.0,40.0,47.0,3.666665444444852,0.9999996666667778,5.166665805555699,54.0,2026-02-11,1
2026-02-11 20:02:55.142,48.0,12.0,2.0,2.0,3.0,2.0,1.0,1.0,34.0,38.0,2.399999520000096,0.799999840000032,5.333332740740807,71.0,2026-02-11,1
2026-02-11 20:02:56.154,3.0,1.0,1.0,0.0,0.0,0.0,0.0,0.0,37.0,40.0,1000000.0,1000000.0,2.9999970000030003,5.0,2026-02-11,0
2026-02-11 20:02:57.174,30.0,2.0,1.0,1.0,3.0,0.0,1.0,3.0,35.0,44.0,0.6666664444445185,0.6666664444445185,5.99999880000024,41.0,2026-02-11,1
2026-02-11 20:02:58.186,27.0,7.0,2.0,3.0,6.0,1.0,1.0,1.0,35.0,51.0,0.9999998571428776,0.7142856122449125,2.249999812500016,48.0,2026-02-11,1
2026-02-11 20:02:59.201,29.0,12.0,3.0,7.0,4.0,8.0,3.0,5.0,43.0,57.0,0.9999999166666736,0.8333332638888947,1.3181817582644657,71.0,2026-02-11,0
2026-02-11 20:03:00.205,4.0,0.0,0.0,0.0,0.0,0.0,0.0,0.0,43.0,56.0,0.0,0.0,4000000.0,4.0,2026-02-11,0
2026-02-11 20:03:01.220,11.0,8.0,1.0,2.0,4.0,2.0,1.0,2.0,44.0,47.0,1.3333331111111482,0.4999999166666805,1.2222220864197684,31.0,2026-02-11,0
2026-02-11 20:03:02.223,32.0,2.0,0.0,0.0,0.0,0.0,1.0,2.0,48.0,43.0,2000000.0,0.0,4279999.999999746,37.0,2026-02-11,1
2026-02-11 20:03:03.225,19.0,7.0,6.0,6.0,4.0,9.0,11.0,5.0,51.0,48.0,0.5384614970414233,0.9230768520710114,0.7599999696000012,67.0,2026-02-11,0
2026-02-11 20:03:04.234,53.0,36.0,42.0,35.0,24.0,25.0,46.0,29.0,51.0,56.0,0.7346938625572681,1.5714285393586014,0.4206349172965483,290.0,2026-02-11,0
2026-02-11 20:03:05.249,59.0,6.0,2.0,1.0,9.0,2.0,5.0,2.0,53.0,57.0,0.5454544958677732,0.2727272479338866,4.214285413265328,86.0,2026-02-11,0
2026-02-11 20:03:06.252,13.0,3.0,1.0,3.0,3.0,3.0,4.0,1.0,63.0,64.0,0.4999999166666805,0.6666665555555741,1.299999870000013,31.0,2026-02-11,0
2026-02-11 20:03:07.266,19.0,37.0,6.0,5.0,4.0,1.0,9.0,3.0,38.0,53.0,7.399998520000296,2.199999560000088,1.1874999257812546,84.0,2026-02-11,1
2026-02-11 20:03:08.279,34.0,18.0,18.0,19.0,13.0,3.0,3.0,3.0,26.0,53.0,1.1249999296875044,2.312499855468759,0.6415094218583128,111.0,2026-02-11,1
2026-02-11 20:03:09.289,17.0,15.0,6.0,4.0,4.0,2.0,3.0,5.0,16.0,56.0,2.4999995833334028,1.666666388888935,1.0624999335937542,56.0,2026-02-11,1
2026-02-11 20:03:10.304,8.0,8.0,0.0,3.0,3.0,1.0,1.0,2.0,20.0,48.0,1.999999500000125,0.7499998125000469,1.14285697959186,26.0,2026-02-11,1
2026-02-11 20:03:11.335,8.0,8.0,0.0,3.0,3.0,1.0,1.0,2.0,20.0,48.0,1.999999500000125,0.7499998125000469,1.14285697959186,26.0,2026-02-11,1
2026-02-11 20:03:12.338,1.0,9.0,0.0,1.0,1.0,1.0,2.0,1.0,29.0,30.0,4.499997750001125,0.499999750000125,0.3333332222222592,16.0,2026-02-11,1
2026-02-11 20:03:13.353,1.0,9.0,0.0,1.0,1.0,1.0,2.0,1.0,29.0,30.0,4.499997750001125,0.499999750000125,0.3333332222222592,16.0,2026-02-11,1
2026-02-11 20:03:14.366,2.0,0.0,0.0,1.0,0.0,2.0,1.0,1.0,51.0,47.0,0.0,0.499999750000125,0.6666664444445185,7.0,2026-02-11,0
2026-02-11 20:03:15.377,2.0,0.0,0.0,1.0,0.0,2.0,1.0,1.0,51.0,47.0,0.0,0.499999750000125,0.6666664444445185,7.0,2026-02-11,0
2026-02-11 20:03:16.389,1.0,3.0,1.0,0.0,0.0,2.0,3.0,1.0,57.0,43.0,1.499999250000375,0.499999750000125,0.3333332222222592,11.0,2026-02-11,0
2026-02-11 20:03:17.405,62.0,83.0,100.0,34.0,76.0,69.0,50.0,24.0,63.0,50.0,0.572413789155767,0.9241379246611178,0.2222222214257268,498.0,2026-02-11,0
2026-02-11 20:03:19.556,29.0,10.0,0.0,3.0,2.0,2.0,1.0,3.0,43.0,40.0,2.499999375000156,0.7499998125000469,4.142856551020492,50.0,2026-02-11,1
2026-02-11 20:03:20.560,42.0,15.0,1.0,1.0,0.0,1.0,2.0,1.0,38.0,38.0,14.999985000015002,1.999998000002,13.999995333334889,63.0,2026-02-11,1
2026-02-11 20:03:21.575,77.0,21.0,16.0,2.0,6.0,8.0,7.0,4.0,34.0,43.0,1.4999998928571503,1.2857141938775576,2.40624992480469,141.0,2026-02-11,1
2026-02-11 20:03:22.592,15.0,14.0,11.0,15.0,2.0,4.0,4.0,16.0,24.0,44.0,2.333332944444509,4.333332611111231,0.468749985351563,81.0,2026-02-11,1
2026-02-11 20:03:23.614,14.0,6.0,3.0,3.0,4.0,2.0,5.0,10.0,26.0,54.0,0.9999998333333612,0.9999998333333612,1.166666569444453,47.0,2026-02-11,1
2026-02-11 20:03:24.636,26.0,2.0,0.0,0.0,0.0,0.0,0.0,0.0,37.0,57.0,2000000.0,0.0,4279999.999999746,28.0,2026-02-11,1
2026-02-11 20:03:25.657,20.0,3.0,0.0,0.0,0.0,0.0,0.0,0.0,35.0,38.0,3000000.0,0.0,4279999.999999746,23.0,2026-02-11,1
2026-02-11 20:03:26.661,49.0,1.0,2.0,7.0,1.0,2.0,2.0,3.0,43.0,44.0,0.3333332222222592,2.9999990000003334,4.083332993055584,67.0,2026-02-11,0
2026-02-11 20:03:27.675,3.0,6.0,0.0,0.0,1.0,1.0,0.0,1.0,40.0,27.0,2.99999850000075,0.0,1.499999250000375,12.0,2026-02-11,1
2026-02-11 20:03:28.693,23.0,9.0,5.0,1.0,2.0,1.0,1.0,2.0,34.0,37.0,2.9999990000003334,1.9999993333335555,2.55555527160497,44.0,2026-02-11,1
2026-02-11 20:03:29.714,6.0,0.0,0.0,0.0,0.0,0.0,0.0,0.0,35.0,50.0,0.0,0.0,4279999.999999746,6.0,2026-02-11,1
2026-02-11 20:03:30.718,70.0,41.0,30.0,19.0,15.0,8.0,25.0,5.0,23.0,40.0,1.7826086181474512,2.1304346899811004,0.972222208719136,213.0,2026-02-11,1
2026-02-11 20:03:31.727,25.0,5.0,0.0,1.0,1.0,0.0,2.0,2.0,21.0,53.0,4.999995000005001,0.999999000001,12.499993750003124,36.0,2026-02-11,1
2026-02-11 20:03:32.742,20.0,58.0,6.0,26.0,1.0,6.0,11.0,6.0,17.0,48.0,8.285713102040985,4.57142791836744,0.5128204996712693,134.0,2026-02-11,1
2026-02-11 20:03:33.753,23.0,1.0,0.0,0.0,0.0,0.0,0.0,0.0,17.0,51.0,1000000.0,0.0,4279999.999999746,24.0,2026-02-11,1
2026-02-11 20:03:34.762,20.0,5.0,6.0,6.0,9.0,5.0,3.0,5.0,29.0,51.0,0.3571428316326549,0.8571427959183717,0.7692307396449716,59.0,2026-02-11,1
2026-02-11 20:03:35.770,21.0,3.0,3.0,2.0,0.0,2.0,2.0,1.0,40.0,63.0,1.499999250000375,2.499998750000625,2.9999995714286327,34.0,2026-02-11,1
2026-02-11 20:03:36.778,27.0,7.0,13.0,4.0,1.0,3.0,5.0,7.0,44.0,78.0,1.7499995625001092,4.249998937500266,1.2857142244897988,67.0,2026-02-11,1
2026-02-11 20:03:37.817,23.0,44.0,8.0,9.0,6.0,2.0,4.0,9.0,29.0,74.0,5.499999312500086,2.124999734375033,0.9199999632000014,105.0,2026-02-11,1
2026-02-11 20:03:38.922,24.0,7.0,6.0,1.0,3.0,2.0,8.0,9.0,21.0,70.0,1.399999720000056,1.399999720000056,1.9999998333333475,60.0,2026-02-11,1
2026-02-11 20:03:39.929,27.0,40.0,13.0,20.0,12.0,5.0,11.0,13.0,8.0,63.0,2.352941038062292,1.9411763564013904,0.5399999892000003,141.0,2026-02-11,1
2026-02-11 20:03:40.936,14.0,18.0,7.0,6.0,2.0,5.0,1.0,3.0,10.0,51.0,2.571428204081685,1.8571425918367723,0.6999999650000017,56.0,2026-02-11,1
2026-02-11 20:03:41.947,13.0,19.0,11.0,8.0,9.0,4.0,7.0,8.0,21.0,60.0,1.4615383491124347,1.4615383491124347,0.4062499873046879,79.0,2026-02-11,1
2026-02-11 20:03:43.981,29.0,3.0,0.0,1.0,0.0,2.0,0.0,1.0,30.0,54.0,1.499999250000375,0.499999750000125,9.666663444445518,36.0,2026-02-11,1
2026-02-11 20:03:44.990,32.0,16.0,13.0,21.0,11.0,15.0,42.0,57.0,47.0,60.0,0.6153845917159773,1.3076922573964516,0.5333333244444446,207.0,2026-02-11,0
2026-02-11 20:03:46.004,6.0,5.0,1.0,6.0,1.0,1.0,5.0,10.0,47.0,64.0,2.499998750000625,3.499998250000875,0.6666665925926009,35.0,2026-02-11,1
2026-02-11 20:03:47.007,14.0,4.0,4.0,4.0,2.0,2.0,1.0,4.0,54.0,67.0,0.9999997500000624,1.999999500000125,1.166666569444453,35.0,2026-02-11,1
2026-02-11 20:03:48.020,12.0,5.0,2.0,7.0,1.0,1.0,2.0,2.0,43.0,78.0,2.499998750000625,4.499997750001125,1.0909089917355463,32.0,2026-02-11,1
2026-02-11 20:03:49.032,76.0,80.0,49.0,60.0,36.0,20.0,26.0,100.0,34.0,78.0,1.428571403061225,1.946428536670919,0.4606060578145087,447.0,2026-02-11,1
2026-02-11 20:03:50.033,19.0,3.0,4.0,12.0,8.0,5.0,6.0,7.0,41.0,81.0,0.2307692130177528,1.230769136094682,0.655172391200952,64.0,2026-02-11,1
2026-02-11 20:03:51.044,29.0,2.0,0.0,3.0,1.0,0.0,0.0,2.0,30.0,81.0,1.999998000002,2.9999970000030003,7.249998187500453,37.0,2026-02-11,1
2026-02-11 20:03:52.060,9.0,27.0,2.0,5.0,1.0,6.0,14.0,4.0,30.0,64.0,3.857142306122528,0.9999998571428776,0.6428570969387788,68.0,2026-02-11,1
2026-02-11 20:03:54.078,36.0,13.0,0.0,2.0,2.0,3.0,1.0,1.0,29.0,51.0,2.599999480000104,0.399999920000016,5.14285640816337,58.0,2026-02-11,1
2026-02-11 20:03:55.093,12.0,6.0,2.0,6.0,5.0,3.0,3.0,3.0,38.0,48.0,0.7499999062500118,0.9999998750000156,0.7499999531250029,40.0,2026-02-11,0
2026-02-11 20:03:56.107,23.0,4.0,1.0,3.0,1.0,4.0,2.0,6.0,50.0,57.0,0.799999840000032,0.799999840000032,2.55555527160497,44.0,2026-02-11,0
2026-02-11 20:03:57.122,35.0,8.0,4.0,1.0,1.0,1.0,3.0,16.0,40.0,47.0,3.999998000001,2.499998750000625,4.999999285714388,69.0,2026-02-11,1
2026-02-11 20:03:58.124,19.0,14.0,3.0,2.0,2.0,2.0,3.0,4.0,37.0,53.0,3.4999991250002185,1.249999687500078,2.1111108765432363,49.0,2026-02-11,1
2026-02-11 20:03:59.132,12.0,6.0,15.0,1.0,3.0,4.0,1.0,2.0,37.0,63.0,0.857142734693895,2.28571395918372,0.5217391077504736,44.0,2026-02-11,0
2026-02-11 20:04:00.142,42.0,27.0,13.0,19.0,5.0,4.0,12.0,5.0,20.0,66.0,2.999999666666704,3.5555551604938715,1.0243902189173115,127.0,2026-02-11,1
2026-02-11 20:04:01.157,26.0,8.0,9.0,4.0,1.0,2.0,6.0,5.0,24.0,75.0,2.666665777778074,4.33333188888937,1.6249998984375065,61.0,2026-02-11,1
2026-02-11 20:04:02.159,7.0,1.0,0.0,0.0,0.0,0.0,0.0,0.0,29.0,75.0,1000000.0,0.0,4279999.999999746,8.0,2026-02-11,1
2026-02-11 20:04:03.171,61.0,7.0,5.0,10.0,5.0,3.0,7.0,9.0,26.0,69.0,0.8749998906250137,1.8749997656250292,2.652173797731574,107.0,2026-02-11,1
2026-02-11 20:04:04.174,51.0,11.0,0.0,4.0,1.0,1.0,2.0,2.0,26.0,61.0,5.499997250001375,1.9999990000005,8.49999858333357,72.0,2026-02-11,1
2026-02-11 20:04:05.185,5.0,0.0,0.0,1.0,1.0,0.0,1.0,2.0,35.0,56.0,0.0,0.999999000001,2.499998750000625,10.0,2026-02-11,1
2026-02-11 20:04:06.199,4.0,1.0,1.0,0.0,0.0,0.0,0.0,0.0,34.0,67.0,1000000.0,1000000.0,3.999996000004,6.0,2026-02-11,1
2026-02-11 20:04:07.214,38.0,10.0,2.0,6.0,7.0,3.0,5.0,5.0,35.0,60.0,0.99999990000001,0.7999999200000081,2.111110993827167,76.0,2026-02-11,1
2026-02-11 20:04:08.232,20.0,9.0,2.0,2.0,2.0,1.0,1.0,3.0,37.0,61.0,2.9999990000003334,1.333332888889037,2.85714244897965,40.0,2026-02-11,1
2026-02-11 20:04:09.234,26.0,54.0,20.0,23.0,10.0,7.0,20.0,4.0,23.0,60.0,3.1764704013840936,2.529411615916964,0.4333333261111112,164.0,2026-02-11,1
2026-02-11 20:04:10.297,21.0,37.0,7.0,8.0,26.0,12.0,26.0,49.0,24.0,43.0,0.973684184903048,0.3947368317174518,0.3962264076183697,186.0,2026-02-11,1
2026-02-11 20:04:11.306,24.0,14.0,1.0,12.0,4.0,1.0,1.0,2.0,11.0,47.0,2.799999440000112,2.599999480000104,1.3333332592592633,59.0,2026-02-11,1
2026-02-11 20:04:12.318,20.0,39.0,18.0,44.0,30.0,6.0,32.0,33.0,8.0,53.0,1.0833333032407415,1.7222221743827175,0.2040816305705956,222.0,2026-02-11,1
2026-02-11 20:04:13.334,20.0,2.0,0.0,2.0,0.0,0.0,0.0,0.0,7.0,54.0,2000000.0,2000000.0,9.9999950000025,24.0,2026-02-11,1
2026-02-11 20:04:14.349,52.0,24.0,3.0,8.0,2.0,11.0,6.0,6.0,11.0,57.0,1.8461537041420228,0.8461537810650938,2.1666665763888924,112.0,2026-02-11,1
2026-02-11 20:04:15.368,11.0,0.0,0.0,1.0,0.0,0.0,1.0,1.0,26.0,63.0,0.0,1000000.0,10.999989000011,14.0,2026-02-11,1
2026-02-11 20:04:16.383,26.0,4.0,1.0,3.0,2.0,3.0,9.0,5.0,43.0,56.0,0.799999840000032,0.799999840000032,2.8888885679012706,53.0,2026-02-11,0
2026-02-11 20:04:17.393,26.0,5.0,5.0,10.0,3.0,2.0,2.0,5.0,51.0,64.0,0.99999980000004,2.99999940000012,1.299999935000003,58.0,2026-02-11,0
2026-02-11 20:04:19.413,39.0,11.0,4.0,9.0,10.0,6.0,4.0,3.0,51.0,69.0,0.6874999570312527,0.8124999492187531,1.344827539833533,86.0,2026-02-11,0
2026-02-11 20:04:20.429,12.0,14.0,0.0,6.0,6.0,7.0,12.0,6.0,54.0,57.0,1.0769229940828466,0.4615384260355057,0.6315789141274255,63.0,2026-02-11,0
2026-02-11 20:04:22.433,100.0,55.0,7.0,14.0,16.0,11.0,30.0,13.0,43.0,53.0,2.037036961591224,0.7777777489711944,2.083333289930557,246.0,2026-02-11,0
2026-02-11 20:04:23.437,49.0,5.0,6.0,3.0,2.0,5.0,7.0,2.0,51.0,50.0,0.7142856122449125,1.2857141020408425,3.0624998085937616,79.0,2026-02-11,0
2026-02-11 20:04:24.452,4.0,1.0,0.0,3.0,5.0,4.0,1.0,2.0,66.0,48.0,0.1111110987654334,0.3333332962963004,0.3333333055555579,20.0,2026-02-11,0
2026-02-11 20:04:25.469,12.0,8.0,2.0,4.0,4.0,4.0,2.0,1.0,63.0,53.0,0.9999998750000156,0.7499999062500118,0.8571427959183717,37.0,2026-02-11,0
2026-02-11 20:04:26.482,29.0,29.0,5.0,8.0,6.0,10.0,13.0,13.0,67.0,54.0,1.812499886718757,0.8124999492187531,0.9999999655172426,113.0,2026-02-11,0
2026-02-11 20:04:27.494,22.0,9.0,2.0,13.0,8.0,5.0,6.0,9.0,66.0,53.0,0.6923076390532585,1.1538460650887643,0.7857142576530622,74.0,2026-02-11,0
2026-02-11 20:04:28.509,10.0,6.0,2.0,8.0,1.0,5.0,9.0,17.0,53.0,57.0,0.9999998333333612,1.666666388888935,0.6249999609375024,58.0,2026-02-11,0
2026-02-11 20:04:29.522,4.0,1.0,0.0,0.0,0.0,0.0,0.0,0.0,48.0,60.0,1000000.0,0.0,4000000.0,5.0,2026-02-11,1
2026-02-11 20:04:30.524,32.0,44.0,7.0,1.0,9.0,5.0,7.0,4.0,40.0,53.0,3.142856918367363,0.5714285306122479,1.454545388429755,109.0,2026-02-11,1
2026-02-11 20:04:31.539,52.0,10.0,7.0,11.0,3.0,3.0,2.0,9.0,34.0,56.0,1.666666388888935,2.9999995000000834,2.1666665763888924,97.0,2026-02-11,1
2026-02-11 20:04:32.555,37.0,23.0,2.0,12.0,8.0,7.0,4.0,7.0,27.0,48.0,1.533333231111118,0.9333332711111152,1.275862024970275,100.0,2026-02-11,1
2026-02-11 20:04:33.592,14.0,15.0,3.0,37.0,37.0,32.0,25.0,47.0,43.0,50.0,0.2173913011972275,0.5797101365259401,0.1284403657941251,210.0,2026-02-11,0
2026-02-11 20:04:34.599,77.0,2.0,2.0,13.0,14.0,6.0,9.0,9.0,60.0,66.0,0.0999999950000002,0.7499999625000018,2.199999937142859,132.0,2026-02-11,0
2026-02-11 20:04:35.613,75.0,14.0,17.0,28.0,17.0,20.0,10.0,21.0,74.0,67.0,0.378378368151936,1.2162161833455087,0.9146341351873888,202.0,2026-02-11,0
2026-02-11 20:04:36.626,42.0,26.0,39.0,37.0,23.0,25.0,52.0,14.0,77.0,81.0,0.5416666553819447,1.583333300347223,0.3387096746878252,258.0,2026-02-11,1
2026-02-11 20:04:37.639,51.0,3.0,7.0,14.0,5.0,7.0,2.0,8.0,69.0,91.0,0.2499999791666684,1.749999854166679,1.545454498622591,97.0,2026-02-11,1
2026-02-11 20:04:38.654,53.0,20.0,3.0,0.0,0.0,1.0,1.0,2.0,44.0,77.0,19.999980000020003,2.9999970000030003,13.249996687500827,80.0,2026-02-11,1
2026-02-11 20:04:39.698,16.0,1.0,0.0,0.0,0.0,0.0,0.0,0.0,41.0,60.0,1000000.0,0.0,4279999.999999746,17.0,2026-02-11,1
2026-02-11 20:04:40.716,27.0,4.0,1.0,2.0,2.0,0.0,0.0,1.0,29.0,51.0,1.9999990000005,1.499999250000375,5.399998920000216,37.0,2026-02-11,1
2026-02-11 20:04:41.732,46.0,9.0,0.0,2.0,1.0,3.0,2.0,2.0,23.0,29.0,2.2499994375001404,0.4999998750000312,7.666665388889101,65.0,2026-02-11,1
2026-02-11 20:04:42.746,19.0,9.0,7.0,11.0,8.0,6.0,6.0,5.0,41.0,47.0,0.6428570969387788,1.2857141938775576,0.5937499814453131,71.0,2026-02-11,0
2026-02-11 20:04:43.758,17.0,0.0,0.0,0.0,0.0,1.0,0.0,0.0,47.0,60.0,0.0,0.0,16.999983000017,18.0,2026-02-11,0
2026-02-11 20:04:45.787,18.0,4.0,3.0,1.0,2.0,1.0,2.0,1.0,50.0,63.0,1.333332888889037,1.333332888889037,2.571428204081685,32.0,2026-02-11,1
2026-02-11 20:04:46.802,53.0,10.0,20.0,31.0,17.0,8.0,6.0,8.0,48.0,84.0,0.3999999840000006,2.039999918400003,0.6973684118767315,153.0,2026-02-11,1
2026-02-11 20:04:47.817,19.0,3.0,0.0,1.0,0.0,0.0,1.0,0.0,40.0,74.0,3000000.0,1000000.0,18.999981000019,24.0,2026-02-11,1
2026-02-11 20:04:48.830,43.0,5.0,0.0,2.0,4.0,1.0,2.0,2.0,26.0,61.0,0.99999980000004,0.399999920000016,6.142856265306247,59.0,2026-02-11,1
2026-02-11 20:04:49.845,56.0,21.0,15.0,6.0,7.0,8.0,2.0,4.0,29.0,61.0,1.399999906666673,1.399999906666673,1.5555555123456803,119.0,2026-02-11,1
2026-02-11 20:04:50.848,48.0,0.0,0.0,1.0,3.0,1.0,1.0,1.0,41.0,48.0,0.0,0.2499999375000156,9.599998080000384,55.0,2026-02-11,0
2026-02-11 20:04:51.866,15.0,3.0,1.0,1.0,2.0,0.0,2.0,1.0,50.0,43.0,1.499999250000375,0.99999950000025,3.749999062500234,25.0,2026-02-11,1
2026-02-11 20:04:52.877,13.0,6.0,1.0,3.0,5.0,4.0,6.0,4.0,57.0,37.0,0.6666665925926009,0.4444443950617339,0.9999999230769292,42.0,2026-02-11,0
2026-02-11 20:04:53.881,29.0,5.0,11.0,3.0,2.0,2.0,4.0,2.0,43.0,48.0,1.249999687500078,3.4999991250002185,1.6111110216049431,58.0,2026-02-11,1
2026-02-11 20:04:54.896,14.0,11.0,0.0,1.0,3.0,0.0,0.0,1.0,29.0,48.0,3.666665444444852,0.3333332222222592,3.4999991250002185,30.0,2026-02-11,1
2026-02-11 20:04:55.907,43.0,19.0,7.0,4.0,6.0,1.0,3.0,1.0,13.0,48.0,2.714285326530668,1.5714283469388075,2.3888887561728467,84.0,2026-02-11,1
2026-02-11 20:04:57.194,0.0,0.0,0.0,0.0,0.0,0.0,0.0,0.0,17.0,40.0,0.0,0.0,0.0,0.0,2026-02-11,0
2026-02-11 20:04:58.199,8.0,12.0,9.0,7.0,4.0,2.0,0.0,2.0,14.0,34.0,1.999999666666722,2.6666662222222963,0.3636363471074387,44.0,2026-02-11,1
2026-02-11 20:04:59.213,31.0,11.0,1.0,4.0,4.0,1.0,3.0,0.0,21.0,43.0,2.199999560000088,0.99999980000004,3.0999996900000317,55.0,2026-02-11,1
2026-02-11 20:05:00.217,15.0,1.0,0.0,4.0,1.0,2.0,1.0,2.0,48.0,51.0,0.3333332222222592,1.333332888889037,2.1428568367347376,26.0,2026-02-11,0
2026-02-11 20:05:01.221,44.0,19.0,23.0,14.0,11.0,2.0,6.0,2.0,21.0,70.0,1.4615383491124347,2.846153627218952,0.8799999824000004,121.0,2026-02-11,1
2026-02-11 20:05:02.225,1.0,1.0,1.0,1.0,0.0,0.0,0.0,0.0,21.0,70.0,1000000.0,2000000.0,0.499999750000125,4.0,2026-02-11,1
2026-02-11 20:05:03.229,1.0,3.0,6.0,2.0,2.0,2.0,1.0,1.0,26.0,84.0,0.7499998125000469,1.999999500000125,0.0833333263888894,18.0,2026-02-11,1
2026-02-11 20:05:04.241,2.0,5.0,0.0,2.0,2.0,1.0,1.0,1.0,16.0,70.0,1.666666111111296,0.6666664444445185,0.399999920000016,14.0,2026-02-11,1
2026-02-11 20:05:05.248,34.0,6.0,0.0,2.0,1.0,1.0,0.0,2.0,26.0,57.0,2.99999850000075,0.99999950000025,8.499997875000531,46.0,2026-02-11,1
2026-02-11 20:05:06.277,12.0,6.0,1.0,1.0,1.0,1.0,0.0,3.0,29.0,51.0,2.99999850000075,0.99999950000025,2.9999992500001875,25.0,2026-02-11,1
2026-02-11 20:05:07.289,3.0,1.0,0.0,0.0,0.0,0.0,0.0,0.0,21.0,35.0,1000000.0,0.0,3000000.0,4.0,2026-02-11,1
2026-02-11 20:05:08.291,2.0,3.0,1.0,0.0,0.0,0.0,0.0,0.0,4.0,38.0,3000000.0,1000000.0,1.999998000002,6.0,2026-02-11,1
2026-02-11 20:05:09.304,6.0,4.0,1.0,0.0,1.0,2.0,1.0,0.0,13.0,38.0,1.333332888889037,0.3333332222222592,1.4999996250000938,15.0,2026-02-11,1
2026-02-11 20:05:10.319,1.0,1.0,1.0,0.0,5.0,1.0,2.0,1.0,23.0,41.0,0.1666666388888935,0.1666666388888935,0.1428571224489825,12.0,2026-02-11,0
2026-02-11 20:05:11.319,7.0,0.0,1.0,2.0,3.0,2.0,3.0,3.0,44.0,53.0,0.0,0.599999880000024,0.8749998906250137,21.0,2026-02-11,0
2026-02-11 20:05:12.323,24.0,4.0,1.0,3.0,5.0,2.0,3.0,2.0,64.0,54.0,0.57142848979593,0.57142848979593,2.1818179834710927,44.0,2026-02-11,0
2026-02-11 20:05:13.328,2.0,1.0,1.0,0.0,0.0,0.0,0.0,0.0,48.0,64.0,1000000.0,1000000.0,1.999998000002,4.0,2026-02-11,0
2026-02-11 20:05:14.343,17.0,7.0,0.0,3.0,2.0,1.0,2.0,10.0,40.0,60.0,2.333332555555814,0.9999996666667778,2.83333286111119,42.0,2026-02-11,1
2026-02-11 20:05:15.359,33.0,5.0,0.0,2.0,2.0,1.0,1.0,1.0,23.0,48.0,1.666666111111296,0.6666664444445185,6.599998680000264,45.0,2026-02-11,1
2026-02-11 20:05:16.364,14.0,2.0,0.0,1.0,1.0,1.0,0.0,0.0,24.0,47.0,0.99999950000025,0.499999750000125,4.666665111111629,19.0,2026-02-11,1
2026-02-11 20:05:17.370,6.0,3.0,3.0,4.0,3.0,1.0,2.0,1.0,30.0,48.0,0.7499998125000469,1.7499995625001092,0.5454544958677732,23.0,2026-02-11,1
2026-02-11 20:05:18.385,7.0,2.0,0.0,3.0,0.0,1.0,0.0,1.0,37.0,61.0,1.999998000002,2.9999970000030003,1.7499995625001092,14.0,2026-02-11,0
2026-02-11 20:05:19.403,3.0,2.0,1.0,2.0,1.0,0.0,1.0,1.0,34.0,74.0,1.999998000002,2.9999970000030003,0.7499998125000469,11.0,2026-02-11,1
2026-02-11 20:05:20.418,1.0,1.0,0.0,2.0,2.0,1.0,1.0,1.0,35.0,78.0,0.3333332222222592,0.6666664444445185,0.199999960000008,9.0,2026-02-11,1
2026-02-11 20:05:21.437,6.0,8.0,2.0,1.0,0.0,2.0,2.0,2.0,40.0,64.0,3.999998000001,1.499999250000375,1.199999760000048,23.0,2026-02-11,1
2026-02-11 20:05:22.445,4.0,1.0,0.0,0.0,0.0,0.0,0.0,0.0,37.0,63.0,1000000.0,0.0,4000000.0,5.0,2026-02-11,1
2026-02-11 20:05:23.460,4.0,1.0,3.0,1.0,2.0,1.0,0.0,1.0,44.0,69.0,0.3333332222222592,1.333332888889037,0.57142848979593,13.0,2026-02-11,0
2026-02-11 20:05:30.509,28.0,23.0,3.0,10.0,8.0,5.0,16.0,9.0,35.0,64.0,1.7692306331361052,0.9999999230769292,1.0769230355029602,102.0,2026-02-11,1
2026-02-11 20:05:37.578,25.0,1.0,1.0,6.0,4.0,6.0,6.0,2.0,48.0,77.0,0.099999990000001,0.699999930000007,1.4705881487889323,51.0,2026-02-11,0
2026-02-11 20:05:38.599,2.0,3.0,0.0,1.0,2.0,0.0,1.0,2.0,51.0,67.0,1.499999250000375,0.499999750000125,0.6666664444445185,11.0,2026-02-11,0
2026-02-11 20:05:40.622,35.0,6.0,1.0,0.0,5.0,5.0,4.0,1.0,57.0,47.0,0.599999940000006,0.099999990000001,3.18181789256201,57.0,2026-02-11,0
2026-02-11 20:05:41.636,11.0,6.0,3.0,1.0,4.0,3.0,1.0,4.0,56.0,43.0,0.857142734693895,0.57142848979593,0.9999999090909174,33.0,2026-02-11,0
2026-02-11 20:05:42.652,23.0,68.0,11.0,58.0,40.0,92.0,100.0,22.0,69.0,43.0,0.5151515112488522,0.5227272687672176,0.1144278601272245,414.0,2026-02-11,0
2026-02-11 20:05:43.653,23.0,68.0,11.0,58.0,40.0,92.0,100.0,22.0,69.0,43.0,0.5151515112488522,0.5227272687672176,0.1144278601272245,414.0,2026-02-11,0
2026-02-11 20:05:45.678,40.0,14.0,2.0,3.0,4.0,6.0,4.0,15.0,63.0,44.0,1.399999860000014,0.499999950000005,2.6666664888889007,88.0,2026-02-11,0
2026-02-11 20:05:46.692,33.0,7.0,1.0,21.0,5.0,15.0,12.0,3.0,70.0,50.0,0.3499999825000008,1.0999999450000026,0.7857142670068032,97.0,2026-02-11,0
2026-02-11 20:05:47.696,23.0,1.0,1.0,0.0,0.0,2.0,3.0,2.0,78.0,57.0,0.499999750000125,0.499999750000125,7.666664111111962,32.0,2026-02-11,0
2026-02-11 20:05:48.713,12.0,6.0,0.0,4.0,2.0,4.0,13.0,2.0,70.0,56.0,0.9999998333333612,0.6666665555555741,1.199999880000012,43.0,2026-02-11,0
2026-02-11 20:05:49.749,51.0,31.0,15.0,17.0,7.0,19.0,11.0,8.0,74.0,63.0,1.1923076464497058,1.2307691834319543,0.8793103296670634,159.0,2026-02-11,0
2026-02-11 20:05:50.753,34.0,16.0,0.0,5.0,1.0,6.0,7.0,2.0,63.0,48.0,2.28571395918372,0.7142856122449125,2.833333097222242,71.0,2026-02-11,0
2026-02-11 20:05:51.760,0.0,1.0,0.0,0.0,0.0,0.0,0.0,0.0,50.0,37.0,1000000.0,0.0,0.0,1.0,2026-02-11,0
2026-02-11 20:05:52.772,17.0,36.0,14.0,13.0,33.0,35.0,13.0,15.0,54.0,37.0,0.5294117569204153,0.3970588176903115,0.1789473665373961,176.0,2026-02-11,0
2026-02-11 20:05:53.783,5.0,2.0,0.0,0.0,0.0,0.0,1.0,1.0,53.0,20.0,2000000.0,0.0,4279999.999999746,9.0,2026-02-11,1
2026-02-11 20:05:54.786,55.0,2.0,0.0,1.0,0.0,2.0,3.0,2.0,60.0,29.0,0.99999950000025,0.499999750000125,18.33332722222426,65.0,2026-02-11,0
2026-02-11 20:05:55.795,25.0,18.0,7.0,5.0,11.0,9.0,20.0,5.0,66.0,34.0,0.8999999550000022,0.5999999700000015,0.7812499755859383,100.0,2026-02-11,0
2026-02-11 20:05:56.806,1.0,0.0,0.0,0.0,0.0,0.0,0.0,0.0,56.0,34.0,0.0,0.0,1000000.0,1.0,2026-02-11,0
2026-02-11 20:05:57.820,1.0,1.0,1.0,0.0,0.0,0.0,1.0,1.0,50.0,50.0,1000000.0,1000000.0,0.999999000001,5.0,2026-02-11,0
2026-02-11 20:05:59.847,38.0,4.0,2.0,1.0,0.0,1.0,0.0,0.0,40.0,51.0,3.999996000004,2.9999970000030003,9.499997625000594,46.0,2026-02-11,1
2026-02-11 20:06:00.909,2.0,6.0,0.0,1.0,0.0,1.0,2.0,0.0,35.0,37.0,5.999994000006001,0.999999000001,0.99999950000025,12.0,2026-02-11,1
2026-02-11 20:06:01.916,5.0,0.0,0.0,2.0,1.0,0.0,1.0,0.0,35.0,51.0,0.0,1.999998000002,1.666666111111296,9.0,2026-02-11,1
2026-02-11 20:06:02.927,1.0,0.0,0.0,0.0,0.0,0.0,0.0,0.0,38.0,38.0,0.0,0.0,1000000.0,1.0,2026-02-11,0
2026-02-11 20:06:03.942,0.0,0.0,0.0,0.0,0.0,0.0,0.0,0.0,54.0,34.0,0.0,0.0,0.0,0.0,2026-02-11,0
2026-02-11 20:06:04.957,39.0,2.0,1.0,0.0,0.0,0.0,1.0,0.0,54.0,48.0,2000000.0,1000000.0,38.999961000039,43.0,2026-02-11,1
2026-02-11 20:06:05.959,1.0,1.0,0.0,0.0,0.0,0.0,0.0,0.0,61.0,20.0,1000000.0,0.0,1000000.0,2.0,2026-02-11,0
2026-02-11 20:06:06.967,26.0,5.0,2.0,3.0,7.0,3.0,1.0,1.0,66.0,27.0,0.499999950000005,0.499999950000005,1.7333332177777856,48.0,2026-02-11,0
2026-02-11 20:06:07.985,1.0,0.0,0.0,0.0,0.0,0.0,0.0,0.0,61.0,29.0,0.0,0.0,1000000.0,1.0,2026-02-11,0
2026-02-11 20:06:09.001,24.0,3.0,0.0,0.0,1.0,1.0,1.0,0.0,64.0,23.0,1.499999250000375,0.0,11.999994000003,30.0,2026-02-11,1
2026-02-11 20:06:10.003,25.0,6.0,2.0,3.0,2.0,3.0,1.0,1.0,63.0,40.0,1.199999760000048,0.99999980000004,2.499999750000025,43.0,2026-02-11,0
2026-02-11 20:06:11.007,65.0,3.0,0.0,1.0,0.0,3.0,1.0,2.0,67.0,35.0,0.9999996666667778,0.3333332222222592,16.249995937501016,75.0,2026-02-11,1
2026-02-11 20:06:12.008,5.0,1.0,0.0,0.0,1.0,1.0,0.0,0.0,67.0,30.0,0.499999750000125,0.0,2.499998750000625,8.0,2026-02-11,0
2026-02-11 20:06:13.009,6.0,0.0,0.0,0.0,0.0,0.0,0.0,0.0,56.0,48.0,0.0,0.0,4279999.999999746,6.0,2026-02-11,0
2026-02-11 20:06:14.011,16.0,1.0,3.0,1.0,1.0,3.0,1.0,1.0,63.0,56.0,0.2499999375000156,0.9999997500000624,1.9999997500000315,27.0,2026-02-11,0
2026-02-11 20:06:15.012,28.0,9.0,2.0,10.0,16.0,13.0,7.0,10.0,63.0,61.0,0.3103448168846615,0.4137930891795486,0.6829268126115412,95.0,2026-02-11,0
2026-02-11 20:06:19.060,8.0,0.0,0.0,0.0,0.0,1.0,0.0,0.0,64.0,64.0,0.0,0.0,7.999992000008,9.0,2026-02-11,0
2026-02-11 20:06:21.089,4.0,0.0,0.0,0.0,0.0,0.0,0.0,0.0,83.0,53.0,0.0,0.0,4000000.0,4.0,2026-02-11,0
2026-02-11 20:06:22.101,11.0,0.0,0.0,0.0,0.0,0.0,0.0,0.0,75.0,48.0,0.0,0.0,4279999.999999746,11.0,2026-02-11,0
2026-02-11 20:06:23.103,40.0,0.0,1.0,0.0,0.0,1.0,2.0,1.0,75.0,56.0,0.0,0.999999000001,19.999990000005,45.0,2026-02-11,0
2026-02-11 20:06:24.107,4.0,6.0,1.0,1.0,4.0,1.0,1.0,1.0,57.0,51.0,1.199999760000048,0.399999920000016,0.57142848979593,19.0,2026-02-11,0
2026-02-11 20:06:25.108,25.0,0.0,0.0,0.0,2.0,2.0,1.0,1.0,64.0,54.0,0.0,0.0,6.24999843750039,31.0,2026-02-11,0
2026-02-11 20:06:26.135,44.0,9.0,6.0,11.0,3.0,4.0,1.0,2.0,61.0,57.0,1.2857141020408425,2.428571081632702,1.833333256944448,80.0,2026-02-11,0
2026-02-11 20:06:27.145,49.0,9.0,3.0,1.0,1.0,2.0,1.0,1.0,48.0,50.0,2.9999990000003334,1.333332888889037,6.999999000000143,67.0,2026-02-11,1
2026-02-11 20:06:28.159,12.0,4.0,2.0,1.0,12.0,2.0,2.0,2.0,56.0,53.0,0.2857142653061239,0.2142856989795929,0.7058823114186875,37.0,2026-02-11,0
2026-02-11 20:06:29.170,3.0,0.0,0.0,0.0,0.0,0.0,0.0,0.0,44.0,47.0,0.0,0.0,3000000.0,3.0,2026-02-11,0
2026-02-11 20:06:30.182,29.0,2.0,6.0,4.0,5.0,5.0,3.0,2.0,51.0,48.0,0.199999980000002,0.99999990000001,1.4499999275000035,56.0,2026-02-11,0
2026-02-11 20:06:31.196,19.0,16.0,0.0,8.0,8.0,13.0,11.0,3.0,64.0,43.0,0.7619047256235845,0.3809523628117922,0.655172391200952,78.0,2026-02-11,0
2026-02-11 20:06:32.206,23.0,2.0,0.0,1.0,1.0,1.0,1.0,1.0,64.0,44.0,0.99999950000025,0.499999750000125,7.666664111111962,30.0,2026-02-11,0
2026-02-11 20:06:33.220,55.0,10.0,4.0,0.0,5.0,3.0,4.0,3.0,61.0,50.0,1.2499998437500195,0.4999999375000079,4.583332951388921,84.0,2026-02-11,0
2026-02-11 20:06:34.234,6.0,2.0,4.0,10.0,6.0,8.0,2.0,0.0,64.0,50.0,0.1428571326530619,0.9999999285714336,0.2142857066326533,38.0,2026-02-11,0
2026-02-11 20:06:35.250,37.0,3.0,0.0,0.0,1.0,1.0,1.0,0.0,60.0,44.0,1.499999250000375,0.0,18.499990750004624,43.0,2026-02-11,1
2026-02-11 20:06:36.263,24.0,1.0,1.0,2.0,0.0,1.0,1.0,0.0,57.0,56.0,0.999999000001,2.9999970000030003,5.999998500000375,30.0,2026-02-11,0
2026-02-11 20:06:37.267,45.0,9.0,4.0,4.0,7.0,7.0,5.0,1.0,64.0,57.0,0.6428570969387788,0.5714285306122479,2.0454544524793428,82.0,2026-02-11,0
2026-02-11 20:06:38.276,28.0,3.0,2.0,4.0,3.0,3.0,2.0,1.0,60.0,53.0,0.4999999166666805,0.9999998333333612,2.3333331388889054,46.0,2026-02-11,0
2026-02-11 20:06:39.288,11.0,1.0,0.0,0.0,0.0,0.0,0.0,0.0,61.0,60.0,1000000.0,0.0,4279999.999999746,12.0,2026-02-11,1
2026-02-11 20:06:40.345,17.0,1.0,0.0,4.0,0.0,1.0,2.0,0.0,61.0,57.0,0.999999000001,3.999996000004,3.399999320000136,25.0,2026-02-11,0
2026-02-11 20:06:41.415,31.0,1.0,3.0,5.0,5.0,2.0,2.0,1.0,60.0,67.0,0.1428571224489825,1.14285697959186,2.066666528888898,50.0,2026-02-11,0
2026-02-11 20:06:42.427,6.0,1.0,2.0,0.0,1.0,1.0,0.0,0.0,66.0,87.0,0.499999750000125,0.99999950000025,1.4999996250000938,11.0,2026-02-11,1
2026-02-11 20:06:43.688,6.0,1.0,2.0,0.0,1.0,1.0,0.0,0.0,66.0,87.0,0.499999750000125,0.99999950000025,1.4999996250000938,11.0,2026-02-11,1
2026-02-11 20:06:44.698,22.0,12.0,0.0,4.0,4.0,3.0,2.0,0.0,60.0,61.0,1.71428546938779,0.57142848979593,1.9999998181818348,47.0,2026-02-11,0
2026-02-11 20:06:45.711,19.0,0.0,2.0,2.0,0.0,1.0,0.0,0.0,48.0,64.0,0.0,3.999996000004,3.799999240000152,24.0,2026-02-11,0
2026-02-11 20:06:46.721,39.0,9.0,2.0,10.0,2.0,5.0,1.0,0.0,50.0,63.0,1.2857141020408425,1.71428546938779,2.052631470914133,68.0,2026-02-11,0
2026-02-11 20:06:47.730,7.0,3.0,6.0,6.0,2.0,4.0,1.0,3.0,53.0,70.0,0.4999999166666805,1.999999666666722,0.3888888672839518,32.0,2026-02-11,1
2026-02-11 20:06:48.745,3.0,2.0,0.0,2.0,2.0,0.0,0.0,0.0,48.0,83.0,0.99999950000025,0.99999950000025,0.7499998125000469,9.0,2026-02-11,0
2026-02-11 20:06:49.757,9.0,1.0,0.0,0.0,0.0,0.0,0.0,0.0,43.0,64.0,1000000.0,0.0,4279999.999999746,10.0,2026-02-11,1
2026-02-11 20:06:50.773,11.0,3.0,1.0,1.0,0.0,0.0,0.0,0.0,35.0,60.0,3000000.0,2000000.0,5.499997250001375,16.0,2026-02-11,1
2026-02-11 20:06:51.786,9.0,7.0,1.0,4.0,7.0,5.0,4.0,2.0,37.0,44.0,0.5833332847222263,0.4166666319444473,0.5294117335640156,39.0,2026-02-11,0
2026-02-11 20:06:52.798,41.0,10.0,0.0,1.0,2.0,1.0,1.0,1.0,34.0,29.0,3.3333322222225923,0.3333332222222592,10.24999743750064,57.0,2026-02-11,1
2026-02-11 20:06:53.811,28.0,16.0,1.0,8.0,2.0,3.0,1.0,2.0,27.0,29.0,3.199999360000128,1.799999640000072,1.9999998571428677,61.0,2026-02-11,1
2026-02-11 20:06:54.817,1.0,0.0,0.0,0.0,0.0,0.0,0.0,0.0,40.0,26.0,0.0,0.0,1000000.0,1.0,2026-02-11,0
2026-02-11 20:07:02.870,85.0,3.0,9.0,8.0,8.0,1.0,1.0,4.0,27.0,43.0,0.3333332962963004,1.888888679012369,3.269230643491129,119.0,2026-02-11,1
2026-02-11 20:07:03.874,6.0,2.0,1.0,1.0,1.0,0.0,0.0,0.0,27.0,60.0,1.999998000002,1.999998000002,1.9999993333335555,11.0,2026-02-11,1
2026-02-11 20:07:04.888,1.0,0.0,0.0,0.0,0.0,0.0,0.0,0.0,40.0,64.0,0.0,0.0,1000000.0,1.0,2026-02-11,0
2026-02-11 20:07:05.903,14.0,1.0,1.0,0.0,0.0,0.0,0.0,0.0,23.0,74.0,1000000.0,1000000.0,13.999986000014,16.0,2026-02-11,1
2026-02-11 20:07:07.929,21.0,2.0,3.0,7.0,3.0,2.0,1.0,1.0,29.0,70.0,0.399999920000016,1.99999960000008,1.399999906666673,40.0,2026-02-11,1
2026-02-11 20:07:08.941,7.0,3.0,2.0,0.0,2.0,1.0,0.0,1.0,40.0,69.0,0.9999996666667778,0.6666664444445185,1.399999720000056,16.0,2026-02-11,1
2026-02-11 20:07:09.942,40.0,2.0,1.0,1.0,1.0,3.0,1.0,2.0,44.0,69.0,0.4999998750000312,0.4999998750000312,6.66666555555574,51.0,2026-02-11,0
2026-02-11 20:07:10.957,1.0,10.0,5.0,2.0,2.0,1.0,3.0,8.0,47.0,64.0,3.3333322222225923,2.333332555555814,0.099999990000001,32.0,2026-02-11,1
2026-02-11 20:07:11.976,6.0,0.0,0.0,1.0,0.0,0.0,0.0,0.0,48.0,63.0,0.0,1000000.0,5.999994000006001,7.0,2026-02-11,0
2026-02-11 20:07:12.981,34.0,6.0,1.0,2.0,2.0,1.0,2.0,1.0,47.0,56.0,1.9999993333335555,0.9999996666667778,5.66666572222238,49.0,2026-02-11,1
2026-02-11 20:07:13.994,15.0,1.0,1.0,0.0,0.0,0.0,0.0,0.0,34.0,66.0,1000000.0,1000000.0,14.999985000015002,17.0,2026-02-11,1
2026-02-11 20:07:15.009,17.0,2.0,2.0,2.0,2.0,2.0,1.0,1.0,47.0,75.0,0.4999998750000312,0.9999997500000624,2.124999734375033,29.0,2026-02-11,1
2026-02-11 20:07:16.023,14.0,3.0,0.0,1.0,0.0,0.0,0.0,0.0,37.0,57.0,3000000.0,1000000.0,13.999986000014,18.0,2026-02-11,1
2026-02-11 20:07:17.040,4.0,1.0,0.0,0.0,0.0,1.0,0.0,0.0,44.0,61.0,0.999999000001,0.0,3.999996000004,6.0,2026-02-11,0
2026-02-11 20:07:18.049,39.0,7.0,2.0,3.0,2.0,2.0,1.0,2.0,47.0,51.0,1.7499995625001092,1.249999687500078,4.333332851851906,58.0,2026-02-11,1
2026-02-11 20:07:19.056,4.0,1.0,0.0,1.0,0.0,0.0,0.0,0.0,26.0,48.0,1000000.0,1000000.0,3.999996000004,6.0,2026-02-11,1
2026-02-11 20:07:20.059,30.0,4.0,2.0,0.0,1.0,3.0,2.0,0.0,41.0,56.0,0.9999997500000624,0.4999998750000312,4.9999991666668056,42.0,2026-02-11,1
2026-02-11 20:07:21.073,2.0,1.0,0.0,1.0,1.0,0.0,0.0,0.0,37.0,57.0,0.999999000001,0.999999000001,0.99999950000025,5.0,2026-02-11,0
2026-02-11 20:07:22.089,62.0,2.0,1.0,3.0,2.0,2.0,0.0,0.0,43.0,63.0,0.4999998750000312,0.9999997500000624,7.7499990312501215,72.0,2026-02-11,0
2026-02-11 20:07:23.091,21.0,16.0,1.0,5.0,5.0,2.0,0.0,1.0,47.0,50.0,2.28571395918372,0.857142734693895,1.61538449112427,51.0,2026-02-11,0
2026-02-11 20:07:24.096,1.0,2.0,0.0,1.0,0.0,0.0,0.0,0.0,35.0,50.0,2000000.0,1000000.0,0.999999000001,4.0,2026-02-11,1
2026-02-11 20:07:25.108,6.0,11.0,2.0,0.0,2.0,1.0,1.0,3.0,24.0,40.0,3.666665444444852,0.6666664444445185,1.199999760000048,26.0,2026-02-11,1
2026-02-11 20:07:26.119,10.0,2.0,3.0,6.0,3.0,0.0,1.0,0.0,8.0,44.0,0.6666664444445185,2.9999990000003334,0.8333332638888947,25.0,2026-02-11,1
2026-02-11 20:07:27.134,9.0,4.0,2.0,9.0,1.0,5.0,0.0,0.0,24.0,63.0,0.6666665555555741,1.8333330277778288,0.5294117335640156,30.0,2026-02-11,1
2026-02-11 20:11:40.673,7.0,10.0,1.0,7.0,0.0,0.0,2.0,1.0,44.0,40.0,3000000.0,3000000.0,0.8749998906250137,28.0,2026-02-11,1
2026-02-11 20:11:41.678,3.0,1.0,0.0,0.0,0.0,0.0,0.0,0.0,40.0,24.0,1000000.0,0.0,3000000.0,4.0,2026-02-11,0
2026-02-11 20:11:42.692,1.0,0.0,0.0,0.0,0.0,0.0,0.0,0.0,43.0,16.0,0.0,0.0,1000000.0,1.0,2026-02-11,0
2026-02-11 20:11:43.704,2.0,2.0,4.0,1.0,0.0,0.0,0.0,3.0,41.0,26.0,2000000.0,3000000.0,0.399999920000016,12.0,2026-02-11,0
2026-02-11 20:11:44.706,4.0,11.0,8.0,3.0,3.0,2.0,8.0,1.0,47.0,29.0,2.199999560000088,2.199999560000088,0.2499999843750009,40.0,2026-02-11,0
2026-02-11 20:11:45.710,32.0,10.0,1.0,2.0,1.0,1.0,2.0,1.0,44.0,21.0,4.99999750000125,1.499999250000375,6.399998720000256,50.0,2026-02-11,1
2026-02-11 20:11:46.716,18.0,9.0,3.0,1.0,0.0,0.0,2.0,2.0,38.0,30.0,3000000.0,3000000.0,4.499998875000281,35.0,2026-02-11,1
2026-02-11 20:11:47.730,14.0,3.0,3.0,1.0,4.0,1.0,1.0,3.0,40.0,16.0,0.599999880000024,0.799999840000032,1.5555553827160686,30.0,2026-02-11,0
2026-02-11 20:11:48.745,4.0,1.0,0.0,1.0,0.0,0.0,0.0,0.0,41.0,14.0,1000000.0,1000000.0,3.999996000004,6.0,2026-02-11,1
2026-02-11 20:11:49.750,1.0,1.0,0.0,0.0,0.0,0.0,0.0,0.0,37.0,23.0,1000000.0,0.0,1000000.0,2.0,2026-02-11,0
2026-02-11 20:11:50.753,25.0,11.0,6.0,5.0,1.0,4.0,5.0,2.0,47.0,27.0,2.199999560000088,2.199999560000088,1.562499902343756,59.0,2026-02-11,0
2026-02-11 20:11:51.768,9.0,1.0,0.0,1.0,0.0,0.0,0.0,0.0,38.0,34.0,1000000.0,1000000.0,8.999991000009,11.0,2026-02-11,1
2026-02-11 20:11:52.776,5.0,5.0,1.0,0.0,1.0,0.0,0.0,0.0,30.0,21.0,4.999995000005001,0.999999000001,2.499998750000625,12.0,2026-02-11,1
2026-02-11 20:11:53.779,12.0,11.0,3.0,1.0,3.0,1.0,4.0,2.0,37.0,14.0,2.749999312500172,0.9999997500000624,1.4999998125000236,37.0,2026-02-11,1
2026-02-11 20:11:54.790,22.0,7.0,3.0,3.0,1.0,0.0,1.0,1.0,26.0,14.0,6.9999930000070005,5.999994000006001,3.142856693877615,38.0,2026-02-11,1
2026-02-11 20:11:55.805,10.0,13.0,0.0,7.0,2.0,1.0,3.0,1.0,27.0,3.0,4.33333188888937,2.333332555555814,0.99999990000001,37.0,2026-02-11,1
2026-02-11 20:11:56.810,56.0,4.0,3.0,2.0,1.0,1.0,0.0,1.0,37.0,17.0,1.9999990000005,2.499998750000625,7.99999885714302,68.0,2026-02-11,1
2026-02-11 20:11:57.818,0.0,2.0,5.0,1.0,1.0,0.0,2.0,0.0,35.0,44.0,1.999998000002,5.999994000006001,0.0,11.0,2026-02-11,0
2026-02-11 20:11:58.825,14.0,12.0,3.0,3.0,2.0,1.0,1.0,1.0,34.0,37.0,3.999998666667111,1.9999993333335555,1.5555553827160686,37.0,2026-02-11,1
2026-02-11 20:11:59.848,28.0,5.0,9.0,5.0,1.0,0.0,5.0,3.0,29.0,60.0,4.999995000005001,13.999986000014,1.8666665422222304,56.0,2026-02-11,1
2026-02-11 20:12:00.860,6.0,1.0,2.0,0.0,0.0,0.0,0.0,1.0,26.0,74.0,1000000.0,2000000.0,2.99999850000075,10.0,2026-02-11,1
2026-02-11 20:12:01.883,26.0,4.0,1.0,3.0,0.0,1.0,1.0,2.0,30.0,60.0,3.999996000004,3.999996000004,5.199998960000208,38.0,2026-02-11,1
2026-02-11 20:12:02.890,0.0,1.0,1.0,0.0,0.0,0.0,0.0,0.0,34.0,69.0,1000000.0,1000000.0,0.0,2.0,2026-02-11,1
2026-02-11 20:12:03.914,5.0,0.0,0.0,0.0,0.0,0.0,0.0,0.0,38.0,64.0,0.0,0.0,4279999.999999746,5.0,2026-02-11,0
2026-02-11 20:12:04.927,54.0,10.0,5.0,3.0,1.0,1.0,4.0,2.0,26.0,53.0,4.99999750000125,3.999998000001,5.399999460000054,80.0,2026-02-11,1
2026-02-11 20:12:05.945,20.0,5.0,1.0,2.0,5.0,1.0,2.0,2.0,37.0,37.0,0.8333331944444675,0.4999999166666805,2.2222219753086696,38.0,2026-02-11,0
2026-02-11 20:12:06.946,18.0,3.0,3.0,3.0,1.0,1.0,2.0,1.0,38.0,34.0,1.499999250000375,2.99999850000075,2.249999718750036,32.0,2026-02-11,1
2026-02-11 20:12:07.961,5.0,5.0,0.0,1.0,1.0,1.0,2.0,3.0,51.0,11.0,2.499998750000625,0.499999750000125,1.666666111111296,18.0,2026-02-11,1
2026-02-11 20:12:08.965,29.0,5.0,3.0,7.0,1.0,2.0,3.0,1.0,60.0,24.0,1.666666111111296,3.3333322222225923,2.230769059171611,51.0,2026-02-11,1
2026-02-11 20:12:09.975,2.0,6.0,8.0,0.0,1.0,0.0,0.0,0.0,44.0,50.0,5.999994000006001,7.999992000008,0.2222221975308669,17.0,2026-02-11,1
2026-02-11 20:12:10.985,12.0,14.0,0.0,7.0,1.0,1.0,3.0,1.0,41.0,38.0,6.99999650000175,3.499998250000875,1.3333331851852015,39.0,2026-02-11,1
2026-02-11 20:12:11.999,2.0,1.0,0.0,2.0,0.0,0.0,0.0,0.0,35.0,64.0,1000000.0,2000000.0,0.99999950000025,5.0,2026-02-11,1
2026-02-11 20:12:13.003,37.0,8.0,8.0,3.0,1.0,0.0,1.0,1.0,23.0,66.0,7.999992000008,10.999989000011,3.0833330763889104,59.0,2026-02-11,1
2026-02-11 20:12:14.003,14.0,14.0,1.0,5.0,8.0,2.0,3.0,1.0,34.0,44.0,1.399999860000014,0.599999940000006,0.8749999453125034,48.0,2026-02-11,1
2026-02-11 20:12:15.016,2.0,11.0,12.0,6.0,3.0,0.0,7.0,1.0,23.0,61.0,3.666665444444852,5.999998000000667,0.095238090702948,42.0,2026-02-11,1
2026-02-11 20:12:16.036,5.0,2.0,0.0,0.0,0.0,0.0,0.0,0.0,26.0,41.0,2000000.0,0.0,4279999.999999746,7.0,2026-02-11,1
2026-02-11 20:12:17.047,18.0,3.0,4.0,4.0,2.0,1.0,1.0,1.0,34.0,43.0,0.9999996666667778,2.666665777778074,1.6363634876033195,34.0,2026-02-11,1
2026-02-11 20:12:18.063,2.0,0.0,0.0,0.0,0.0,0.0,0.0,0.0,34.0,75.0,0.0,0.0,2000000.0,2.0,2026-02-11,1
2026-02-11 20:12:19.067,5.0,1.0,0.0,0.0,0.0,0.0,0.0,0.0,50.0,56.0,1000000.0,0.0,4279999.999999746,6.0,2026-02-11,1
2026-02-11 20:12:20.072,2.0,1.0,0.0,0.0,0.0,0.0,0.0,0.0,50.0,61.0,1000000.0,0.0,2000000.0,3.0,2026-02-11,0
2026-02-11 20:12:21.077,4.0,1.0,0.0,0.0,0.0,0.0,0.0,0.0,43.0,35.0,1000000.0,0.0,4000000.0,5.0,2026-02-11,1
2026-02-11 20:12:22.082,16.0,6.0,1.0,2.0,2.0,0.0,2.0,4.0,40.0,4.0,2.99999850000075,1.499999250000375,3.199999360000128,33.0,2026-02-11,1
2026-02-11 20:12:23.095,28.0,3.0,1.0,0.0,1.0,0.0,3.0,1.0,35.0,7.0,2.9999970000030003,0.999999000001,13.9999930000035,37.0,2026-02-11,1
2026-02-11 20:12:24.096,20.0,2.0,2.0,3.0,1.0,1.0,3.0,1.0,43.0,17.0,0.99999950000025,2.499998750000625,2.85714244897965,33.0,2026-02-11,0
2026-02-11 20:12:25.109,0.0,6.0,1.0,4.0,1.0,0.0,4.0,2.0,44.0,30.0,5.999994000006001,4.999995000005001,0.0,18.0,2026-02-11,1
2026-02-11 20:12:26.122,6.0,4.0,1.0,5.0,3.0,0.0,2.0,0.0,47.0,40.0,1.333332888889037,1.9999993333335555,0.6666665925926009,21.0,2026-02-11,1
2026-02-11 20:12:27.132,4.0,9.0,2.0,4.0,7.0,1.0,2.0,1.0,41.0,41.0,1.1249998593750177,0.7499999062500118,0.2857142653061239,30.0,2026-02-11,0
2026-02-11 20:12:28.134,25.0,5.0,3.0,1.0,1.0,1.0,1.0,1.0,40.0,37.0,2.499998750000625,1.9999990000005,4.166665972222338,38.0,2026-02-11,1
2026-02-11 20:12:29.149,5.0,2.0,1.0,0.0,0.0,0.0,0.0,1.0,35.0,37.0,2000000.0,1000000.0,4.999995000005001,9.0,2026-02-11,1
2026-02-11 20:12:30.163,16.0,3.0,2.0,6.0,0.0,0.0,1.0,1.0,29.0,47.0,3000000.0,3000000.0,1.9999997500000315,29.0,2026-02-11,1
2026-02-11 20:12:31.178,13.0,5.0,4.0,4.0,3.0,1.0,1.0,0.0,30.0,56.0,1.249999687500078,1.999999500000125,1.083333243055563,31.0,2026-02-11,1
2026-02-11 20:12:32.189,1.0,2.0,0.0,0.0,1.0,1.0,1.0,1.0,38.0,48.0,0.99999950000025,0.0,0.499999750000125,7.0,2026-02-11,0
2026-02-11 20:12:33.192,1.0,1.0,0.0,0.0,0.0,0.0,0.0,0.0,40.0,44.0,1000000.0,0.0,1000000.0,2.0,2026-02-11,0
2026-02-11 20:12:34.207,2.0,4.0,2.0,7.0,0.0,0.0,0.0,1.0,43.0,41.0,3000000.0,3000000.0,0.2222221975308669,16.0,2026-02-11,1
2026-02-11 20:12:35.222,6.0,3.0,0.0,2.0,0.0,1.0,1.0,0.0,51.0,35.0,2.9999970000030003,1.999998000002,1.9999993333335555,13.0,2026-02-11,1
2026-02-11 20:12:36.224,8.0,8.0,5.0,6.0,1.0,2.0,1.0,2.0,44.0,48.0,2.666665777778074,3.666665444444852,0.5714285306122479,33.0,2026-02-11,1
2026-02-11 20:12:37.233,24.0,4.0,3.0,2.0,2.0,0.0,2.0,3.0,47.0,51.0,1.9999990000005,2.499998750000625,3.42857093877558,40.0,2026-02-11,1
2026-02-11 20:12:38.242,63.0,14.0,0.0,8.0,3.0,2.0,4.0,1.0,50.0,38.0,2.799999440000112,1.599999680000064,4.84615347337281,95.0,2026-02-11,1
2026-02-11 20:12:39.255,1.0,2.0,0.0,1.0,0.0,0.0,0.0,0.0,35.0,43.0,2000000.0,1000000.0,0.999999000001,4.0,2026-02-11,1
2026-02-11 20:12:40.256,27.0,1.0,0.0,0.0,0.0,0.0,0.0,0.0,30.0,35.0,1000000.0,0.0,4279999.999999746,28.0,2026-02-11,1
2026-02-11 20:12:41.267,2.0,2.0,0.0,1.0,0.0,0.0,0.0,0.0,35.0,30.0,2000000.0,1000000.0,1.999998000002,5.0,2026-02-11,1
2026-02-11 20:12:42.277,5.0,0.0,0.0,0.0,0.0,0.0,0.0,0.0,38.0,38.0,0.0,0.0,4279999.999999746,5.0,2026-02-11,0
2026-02-11 20:12:43.278,4.0,4.0,0.0,0.0,0.0,0.0,0.0,0.0,44.0,16.0,3000000.0,0.0,4000000.0,8.0,2026-02-11,1
2026-02-11 20:12:44.295,2.0,3.0,5.0,2.0,1.0,0.0,3.0,1.0,41.0,29.0,2.9999970000030003,6.9999930000070005,0.2499999687500039,17.0,2026-02-11,1
2026-02-11 20:12:45.302,9.0,10.0,4.0,4.0,2.0,0.0,1.0,1.0,37.0,34.0,4.99999750000125,3.999998000001,0.8999999100000091,31.0,2026-02-11,1
2026-02-11 20:12:46.303,10.0,3.0,0.0,1.0,0.0,0.0,0.0,0.0,23.0,29.0,3000000.0,1000000.0,9.99999000001,14.0,2026-02-11,1
2026-02-11 20:12:47.317,10.0,5.0,2.0,4.0,1.0,0.0,0.0,0.0,17.0,53.0,4.999995000005001,5.999994000006001,1.428571224489825,22.0,2026-02-11,1
2026-02-11 20:12:48.323,2.0,0.0,0.0,2.0,0.0,0.0,0.0,0.0,20.0,54.0,0.0,2000000.0,0.99999950000025,4.0,2026-02-11,0
2026-02-11 20:12:49.323,5.0,1.0,0.0,0.0,0.0,0.0,0.0,0.0,27.0,54.0,1000000.0,0.0,4279999.999999746,6.0,2026-02-11,1
2026-02-11 20:12:50.327,11.0,3.0,0.0,2.0,2.0,1.0,0.0,0.0,44.0,54.0,0.9999996666667778,0.6666664444445185,2.199999560000088,19.0,2026-02-11,1
2026-02-11 20:12:51.333,4.0,1.0,0.0,0.0,0.0,0.0,0.0,0.0,44.0,48.0,1000000.0,0.0,4000000.0,5.0,2026-02-11,1
2026-02-11 20:12:52.336,7.0,0.0,0.0,0.0,0.0,0.0,0.0,0.0,41.0,43.0,0.0,0.0,4279999.999999746,7.0,2026-02-11,0
2026-02-11 20:12:53.354,45.0,17.0,5.0,2.0,3.0,0.0,1.0,2.0,30.0,40.0,5.666664777778407,2.333332555555814,4.499999550000045,75.0,2026-02-11,1
2026-02-11 20:12:54.366,4.0,0.0,0.0,1.0,1.0,0.0,0.0,0.0,29.0,48.0,0.0,0.999999000001,1.9999990000005,6.0,2026-02-11,1
2026-02-11 20:12:55.379,0.0,1.0,0.0,0.0,0.0,0.0,0.0,0.0,38.0,53.0,1000000.0,0.0,0.0,1.0,2026-02-11,0
2026-02-11 20:12:56.394,1.0,2.0,0.0,0.0,0.0,0.0,0.0,2.0,40.0,43.0,2000000.0,0.0,1000000.0,5.0,2026-02-11,0
2026-02-11 20:12:57.405,2.0,6.0,1.0,1.0,1.0,0.0,0.0,1.0,44.0,37.0,5.999994000006001,1.999998000002,0.6666664444445185,12.0,2026-02-11,1
2026-02-11 20:12:58.409,0.0,0.0,0.0,0.0,0.0,1.0,0.0,0.0,53.0,26.0,0.0,0.0,0.0,1.0,2026-02-11,0
2026-02-11 20:12:59.410,9.0,2.0,5.0,1.0,0.0,0.0,0.0,1.0,48.0,40.0,2000000.0,3000000.0,1.4999997500000417,18.0,2026-02-11,1
2026-02-11 20:13:00.421,6.0,3.0,4.0,2.0,3.0,0.0,0.0,2.0,48.0,47.0,0.9999996666667778,1.9999993333335555,0.6666665925926009,20.0,2026-02-11,1
2026-02-11 20:13:01.433,4.0,6.0,2.0,0.0,0.0,0.0,0.0,0.0,50.0,53.0,3000000.0,2000000.0,1.9999990000005,12.0,2026-02-11,1
2026-02-11 20:13:02.446,4.0,4.0,5.0,0.0,1.0,0.0,1.0,1.0,30.0,66.0,3.999996000004,4.999995000005001,0.6666665555555741,16.0,2026-02-11,1
2026-02-11 20:13:03.453,5.0,2.0,2.0,1.0,1.0,0.0,0.0,1.0,35.0,57.0,1.999998000002,2.9999970000030003,1.249999687500078,12.0,2026-02-11,1
2026-02-11 20:13:04.454,13.0,2.0,2.0,7.0,2.0,0.0,1.0,1.0,38.0,64.0,0.99999950000025,4.499997750001125,1.1818180743801752,28.0,2026-02-11,0
2026-02-11 20:13:05.468,1.0,1.0,0.0,0.0,1.0,0.0,2.0,0.0,50.0,63.0,0.999999000001,0.0,0.999999000001,5.0,2026-02-11,0
2026-02-11 20:13:06.471,2.0,1.0,4.0,2.0,1.0,0.0,1.0,0.0,50.0,74.0,0.999999000001,5.999994000006001,0.285714244897965,11.0,2026-02-11,0
2026-02-11 20:13:07.483,0.0,1.0,0.0,1.0,0.0,0.0,0.0,0.0,47.0,75.0,1000000.0,1000000.0,0.0,2.0,2026-02-11,1
2026-02-11 20:13:08.490,0.0,3.0,0.0,1.0,0.0,0.0,0.0,0.0,48.0,51.0,3000000.0,1000000.0,0.0,4.0,2026-02-11,1
2026-02-11 20:13:09.496,1.0,1.0,1.0,1.0,2.0,0.0,0.0,1.0,47.0,56.0,0.499999750000125,0.99999950000025,0.2499999375000156,7.0,2026-02-11,0
2026-02-11 20:13:10.501,4.0,0.0,3.0,1.0,0.0,1.0,1.0,0.0,60.0,51.0,0.0,3.999996000004,0.799999840000032,10.0,2026-02-11,0
2026-02-11 20:13:11.515,4.0,1.0,0.0,0.0,0.0,0.0,0.0,0.0,63.0,40.0,1000000.0,0.0,4000000.0,5.0,2026-02-11,1
2026-02-11 20:13:12.519,4.0,2.0,1.0,2.0,0.0,0.0,0.0,2.0,63.0,56.0,2000000.0,3000000.0,1.333332888889037,11.0,2026-02-11,1
2026-02-11 20:13:13.531,0.0,1.0,0.0,0.0,1.0,0.0,2.0,1.0,64.0,44.0,0.999999000001,0.0,0.0,5.0,2026-02-11,0
2026-02-11 20:13:14.541,0.0,6.0,0.0,1.0,1.0,0.0,1.0,1.0,50.0,21.0,5.999994000006001,0.999999000001,0.0,10.0,2026-02-11,1
2026-02-11 20:13:15.556,3.0,4.0,1.0,1.0,1.0,0.0,1.0,1.0,40.0,24.0,3.999996000004,1.999998000002,0.9999996666667778,12.0,2026-02-11,1
2026-02-11 20:13:16.611,0.0,2.0,2.0,1.0,1.0,0.0,1.0,0.0,43.0,23.0,1.999998000002,2.9999970000030003,0.0,7.0,2026-02-11,0
2026-02-11 20:13:17.624,1.0,0.0,0.0,1.0,0.0,1.0,1.0,0.0,54.0,51.0,0.0,0.999999000001,0.499999750000125,4.0,2026-02-11,0
2026-02-11 20:13:18.677,1.0,0.0,0.0,1.0,0.0,0.0,2.0,1.0,69.0,61.0,0.0,1000000.0,0.999999000001,5.0,2026-02-11,0
2026-02-11 20:13:19.720,1.0,4.0,2.0,0.0,1.0,0.0,1.0,0.0,56.0,53.0,3.999996000004,1.999998000002,0.3333332222222592,9.0,2026-02-11,1
2026-02-11 20:13:20.721,1.0,3.0,0.0,1.0,0.0,0.0,1.0,0.0,56.0,44.0,3000000.0,1000000.0,0.999999000001,6.0,2026-02-11,1
2026-02-11 20:13:21.735,1.0,0.0,1.0,0.0,1.0,0.0,1.0,2.0,48.0,53.0,0.0,0.999999000001,0.499999750000125,6.0,2026-02-11,0
2026-02-11 20:13:22.738,0.0,3.0,3.0,2.0,1.0,0.0,2.0,2.0,38.0,54.0,2.9999970000030003,4.999995000005001,0.0,13.0,2026-02-11,1
2026-02-11 20:13:23.743,0.0,0.0,0.0,3.0,0.0,1.0,1.0,1.0,57.0,74.0,0.0,2.9999970000030003,0.0,6.0,2026-02-11,0
2026-02-11 20:13:24.758,4.0,3.0,0.0,1.0,1.0,2.0,0.0,2.0,69.0,64.0,0.9999996666667778,0.3333332222222592,0.9999997500000624,13.0,2026-02-11,1
2026-02-11 20:13:25.774,2.0,2.0,1.0,2.0,0.0,0.0,1.0,1.0,66.0,60.0,2000000.0,3000000.0,0.6666664444445185,9.0,2026-02-11,0
2026-02-11 20:13:26.780,0.0,1.0,1.0,1.0,1.0,0.0,0.0,1.0,74.0,51.0,0.999999000001,1.999998000002,0.0,5.0,2026-02-11,0
2026-02-11 20:13:27.783,2.0,2.0,0.0,1.0,0.0,0.0,1.0,1.0,66.0,35.0,2000000.0,1000000.0,1.999998000002,7.0,2026-02-11,0
2026-02-11 20:13:28.787,0.0,3.0,1.0,2.0,1.0,0.0,1.0,2.0,54.0,51.0,2.9999970000030003,2.9999970000030003,0.0,10.0,2026-02-11,1
2026-02-11 20:13:29.793,2.0,1.0,0.0,0.0,0.0,0.0,0.0,0.0,60.0,34.0,1000000.0,0.0,2000000.0,3.0,2026-02-11,0
2026-02-11 20:13:30.799,0.0,5.0,0.0,0.0,2.0,0.0,1.0,1.0,47.0,14.0,2.499998750000625,0.0,0.0,9.0,2026-02-11,0
2026-02-11 20:13:31.806,1.0,9.0,0.0,0.0,1.0,0.0,1.0,1.0,38.0,1.0,8.999991000009,0.0,0.999999000001,13.0,2026-02-11,1
2026-02-11 20:13:32.901,3.0,3.0,1.0,1.0,1.0,1.0,1.0,1.0,43.0,1.0,1.499999250000375,0.99999950000025,0.7499998125000469,12.0,2026-02-11,0
2026-02-11 20:13:33.911,0.0,4.0,2.0,9.0,3.0,1.0,1.0,1.0,37.0,17.0,0.9999997500000624,2.749999312500172,0.0,21.0,2026-02-11,0
2026-02-11 20:13:34.916,0.0,2.0,3.0,2.0,10.0,1.0,1.0,0.0,53.0,40.0,0.1818181652892577,0.4545454132231443,0.0,19.0,2026-02-11,0
2026-02-11 20:13:35.921,0.0,2.0,1.0,6.0,1.0,0.0,0.0,0.0,57.0,70.0,1.999998000002,6.9999930000070005,0.0,10.0,2026-02-11,0
2026-02-11 20:13:36.924,2.0,2.0,2.0,6.0,4.0,1.0,1.0,1.0,56.0,80.0,0.399999920000016,1.599999680000064,0.1538461420118352,19.0,2026-02-11,0
2026-02-11 20:13:37.930,7.0,5.0,0.0,2.0,1.0,1.0,1.0,0.0,56.0,67.0,2.499998750000625,0.99999950000025,1.7499995625001092,17.0,2026-02-11,1
2026-02-11 20:13:38.934,2.0,3.0,4.0,0.0,0.0,0.0,0.0,1.0,47.0,75.0,3000000.0,3000000.0,0.4999998750000312,10.0,2026-02-11,1
2026-02-11 20:13:39.938,3.0,5.0,0.0,2.0,1.0,1.0,1.0,1.0,50.0,57.0,2.499998750000625,0.99999950000025,0.7499998125000469,14.0,2026-02-11,0
2026-02-11 20:13:40.944,1.0,1.0,0.0,1.0,0.0,0.0,1.0,0.0,56.0,47.0,1000000.0,1000000.0,0.999999000001,4.0,2026-02-11,0
2026-02-11 20:13:41.961,0.0,3.0,0.0,3.0,2.0,0.0,0.0,1.0,56.0,50.0,1.499999250000375,1.499999250000375,0.0,9.0,2026-02-11,0
2026-02-11 20:13:43.094,1.0,4.0,1.0,3.0,0.0,0.0,1.0,1.0,53.0,47.0,3000000.0,3000000.0,0.2499999375000156,11.0,2026-02-11,1
2026-02-11 20:13:44.110,0.0,2.0,2.0,0.0,0.0,0.0,1.0,0.0,48.0,57.0,2000000.0,2000000.0,0.0,5.0,2026-02-11,0
2026-02-11 20:13:45.160,5.0,1.0,0.0,1.0,1.0,0.0,0.0,0.0,48.0,57.0,0.999999000001,0.999999000001,2.499998750000625,8.0,2026-02-11,0
2026-02-11 20:13:46.165,2.0,4.0,0.0,2.0,1.0,1.0,2.0,1.0,51.0,54.0,1.9999990000005,0.99999950000025,0.4999998750000312,13.0,2026-02-11,0
2026-02-11 20:13:47.174,3.0,0.0,2.0,4.0,0.0,0.0,1.0,1.0,56.0,67.0,0.0,3000000.0,0.4999999166666805,11.0,2026-02-11,0
2026-02-11 20:13:48.184,0.0,3.0,4.0,0.0,0.0,0.0,5.0,2.0,53.0,70.0,3000000.0,3000000.0,0.0,14.0,2026-02-11,1
2026-02-11 20:13:49.185,41.0,53.0,16.0,5.0,4.0,3.0,7.0,3.0,37.0,70.0,7.571427489796073,2.9999995714286327,1.4642856619897977,132.0,2026-02-11,1
2026-02-11 20:13:50.189,4.0,1.0,1.0,0.0,0.0,0.0,0.0,0.0,26.0,77.0,1000000.0,1000000.0,3.999996000004,6.0,2026-02-11,1
2026-02-11 20:13:51.194,2.0,0.0,0.0,0.0,0.0,0.0,1.0,0.0,40.0,66.0,0.0,0.0,2000000.0,3.0,2026-02-11,0
2026-02-11 20:13:52.195,0.0,5.0,1.0,1.0,1.0,0.0,1.0,4.0,47.0,53.0,4.999995000005001,1.999998000002,0.0,13.0,2026-02-11,1
2026-02-11 20:13:53.202,1.0,3.0,2.0,1.0,0.0,0.0,1.0,0.0,48.0,61.0,3000000.0,3000000.0,0.3333332222222592,8.0,2026-02-11,1
2026-02-11 20:13:54.204,5.0,2.0,1.0,1.0,1.0,0.0,2.0,1.0,53.0,63.0,1.999998000002,1.999998000002,1.666666111111296,13.0,2026-02-11,0
2026-02-11 20:13:55.205,2.0,4.0,1.0,1.0,4.0,1.0,0.0,6.0,50.0,48.0,0.799999840000032,0.399999920000016,0.285714244897965,19.0,2026-02-11,0
2026-02-11 20:13:56.208,0.0,0.0,2.0,1.0,0.0,0.0,3.0,1.0,56.0,63.0,0.0,3000000.0,0.0,7.0,2026-02-11,0
2026-02-11 20:13:57.213,1.0,7.0,1.0,1.0,0.0,1.0,0.0,1.0,60.0,54.0,6.9999930000070005,1.999998000002,0.3333332222222592,12.0,2026-02-11,1
2026-02-11 20:13:58.216,1.0,1.0,2.0,3.0,0.0,0.0,1.0,3.0,57.0,64.0,1000000.0,3000000.0,0.199999960000008,11.0,2026-02-11,0
2026-02-11 20:13:59.219,1.0,0.0,1.0,1.0,3.0,1.0,1.0,2.0,64.0,74.0,0.0,0.4999998750000312,0.1666666388888935,10.0,2026-02-11,0
2026-02-11 20:14:00.225,1.0,2.0,0.0,1.0,1.0,0.0,0.0,2.0,61.0,57.0,1.999998000002,0.999999000001,0.499999750000125,7.0,2026-02-11,0
2026-02-11 20:14:01.227,1.0,2.0,3.0,1.0,1.0,1.0,1.0,1.0,66.0,70.0,0.99999950000025,1.9999990000005,0.1666666388888935,11.0,2026-02-11,0
2026-02-11 20:14:02.230,0.0,3.0,3.0,1.0,0.0,0.0,1.0,3.0,60.0,64.0,3000000.0,3000000.0,0.0,11.0,2026-02-11,1
2026-02-11 20:14:03.234,1.0,4.0,0.0,1.0,3.0,0.0,1.0,1.0,44.0,60.0,1.333332888889037,0.3333332222222592,0.2499999375000156,11.0,2026-02-11,0
2026-02-11 20:14:04.240,2.0,1.0,0.0,2.0,1.0,0.0,2.0,1.0,41.0,67.0,0.999999000001,1.999998000002,0.6666664444445185,9.0,2026-02-11,0
2026-02-11 20:14:05.243,5.0,1.0,0.0,4.0,2.0,1.0,1.0,1.0,47.0,64.0,0.3333332222222592,1.333332888889037,0.7142856122449125,15.0,2026-02-11,0
2026-02-11 20:14:06.246,1.0,7.0,11.0,2.0,0.0,0.0,2.0,0.0,44.0,67.0,3000000.0,3000000.0,0.0769230710059176,23.0,2026-02-11,1
2026-02-11 20:14:07.253,19.0,1.0,1.0,5.0,2.0,0.0,2.0,1.0,47.0,81.0,0.499999750000125,2.99999850000075,2.374999703125037,31.0,2026-02-11,1
2026-02-11 20:14:08.258,0.0,0.0,1.0,1.0,2.0,0.0,3.0,0.0,54.0,83.0,0.0,0.99999950000025,0.0,7.0,2026-02-11,0
2026-02-11 20:14:09.266,0.0,3.0,0.0,1.0,1.0,1.0,2.0,1.0,51.0,70.0,1.499999250000375,0.499999750000125,0.0,9.0,2026-02-11,1
2026-02-11 20:14:10.268,3.0,1.0,3.0,2.0,1.0,1.0,2.0,2.0,66.0,74.0,0.499999750000125,2.499998750000625,0.4285713673469475,15.0,2026-02-11,0
2026-02-11 20:14:11.274,4.0,3.0,2.0,2.0,0.0,1.0,1.0,1.0,74.0,69.0,2.9999970000030003,3.999996000004,0.799999840000032,14.0,2026-02-11,1
2026-02-11 20:14:12.282,3.0,4.0,3.0,0.0,1.0,0.0,3.0,1.0,61.0,64.0,3.999996000004,2.9999970000030003,0.7499998125000469,15.0,2026-02-11,1
2026-02-11 20:14:13.285,1.0,2.0,3.0,2.0,1.0,0.0,4.0,0.0,51.0,81.0,1.999998000002,4.999995000005001,0.1666666388888935,13.0,2026-02-11,0
2026-02-11 20:14:14.300,0.0,1.0,0.0,15.0,1.0,0.0,1.0,1.0,38.0,90.0,0.999999000001,14.999985000015002,0.0,19.0,2026-02-11,0
2026-02-11 20:14:15.314,0.0,2.0,0.0,1.0,0.0,0.0,2.0,1.0,30.0,75.0,2000000.0,1000000.0,0.0,6.0,2026-02-11,1
2026-02-11 20:14:16.326,1.0,4.0,1.0,2.0,1.0,1.0,3.0,0.0,43.0,63.0,1.9999990000005,1.499999250000375,0.199999960000008,13.0,2026-02-11,0
2026-02-11 20:14:17.328,0.0,2.0,0.0,0.0,1.0,0.0,0.0,1.0,54.0,40.0,1.999998000002,0.0,0.0,4.0,2026-02-11,0
2026-02-11 20:14:18.343,2.0,1.0,0.0,0.0,0.0,0.0,0.0,0.0,56.0,35.0,1000000.0,0.0,2000000.0,3.0,2026-02-11,0
2026-02-11 20:14:19.358,4.0,7.0,1.0,4.0,0.0,0.0,1.0,1.0,48.0,41.0,3000000.0,3000000.0,0.799999840000032,18.0,2026-02-11,1
2026-02-11 20:14:20.368,2.0,2.0,0.0,1.0,0.0,0.0,0.0,0.0,48.0,40.0,2000000.0,1000000.0,1.999998000002,5.0,2026-02-11,0
2026-02-11 20:14:21.380,3.0,13.0,1.0,0.0,2.0,1.0,3.0,1.0,38.0,27.0,4.33333188888937,0.3333332222222592,0.7499998125000469,24.0,2026-02-11,1
2026-02-11 20:14:22.392,5.0,5.0,0.0,2.0,2.0,0.0,6.0,1.0,40.0,29.0,2.499998750000625,0.99999950000025,1.249999687500078,21.0,2026-02-11,1
2026-02-11 20:14:23.432,9.0,2.0,0.0,0.0,0.0,0.0,1.0,2.0,50.0,23.0,2000000.0,0.0,4279999.999999746,14.0,2026-02-11,1
2026-02-11 20:14:24.448,5.0,1.0,0.0,1.0,0.0,0.0,1.0,0.0,44.0,30.0,1000000.0,1000000.0,4.999995000005001,8.0,2026-02-11,1
2026-02-11 20:14:25.458,0.0,4.0,0.0,1.0,0.0,1.0,2.0,1.0,54.0,40.0,3.999996000004,0.999999000001,0.0,9.0,2026-02-11,1
2026-02-11 20:14:26.462,3.0,6.0,1.0,0.0,0.0,0.0,3.0,3.0,53.0,40.0,3000000.0,1000000.0,2.9999970000030003,16.0,2026-02-11,1
2026-02-11 20:14:27.473,4.0,0.0,0.0,1.0,0.0,0.0,0.0,0.0,53.0,53.0,0.0,1000000.0,3.999996000004,5.0,2026-02-11,0
2026-02-11 20:14:28.493,20.0,14.0,8.0,3.0,0.0,1.0,1.0,1.0,47.0,50.0,13.999986000014,10.999989000011,1.6666665277777897,48.0,2026-02-11,1
2026-02-11 20:14:29.541,5.0,3.0,2.0,0.0,0.0,0.0,1.0,1.0,44.0,57.0,3000000.0,2000000.0,2.499998750000625,12.0,2026-02-11,1
2026-02-11 20:14:30.607,4.0,6.0,2.0,3.0,1.0,1.0,3.0,1.0,44.0,66.0,2.99999850000075,2.499998750000625,0.57142848979593,21.0,2026-02-11,1
2026-02-11 20:14:31.633,1.0,1.0,0.0,3.0,0.0,0.0,4.0,1.0,44.0,67.0,1000000.0,3000000.0,0.3333332222222592,10.0,2026-02-11,0
2026-02-11 20:14:32.753,0.0,2.0,0.0,0.0,0.0,0.0,0.0,1.0,50.0,47.0,2000000.0,0.0,0.0,3.0,2026-02-11,0
2026-02-11 20:14:33.755,21.0,3.0,0.0,8.0,3.0,1.0,1.0,2.0,47.0,48.0,0.7499998125000469,1.999999500000125,1.749999854166679,39.0,2026-02-11,1
2026-02-11 20:14:34.758,29.0,29.0,16.0,21.0,5.0,2.0,28.0,20.0,40.0,51.0,4.142856551020492,5.285713530612353,0.6590908941115706,150.0,2026-02-11,1
2026-02-11 20:14:35.765,68.0,27.0,2.0,52.0,3.0,2.0,31.0,19.0,27.0,51.0,5.399998920000216,10.799997840000431,1.1525423533467398,204.0,2026-02-11,1
2026-02-11 20:14:36.772,39.0,29.0,13.0,8.0,26.0,4.0,22.0,26.0,29.0,67.0,0.9666666344444454,0.6999999766666675,0.7647058673587085,167.0,2026-02-11,1
2026-02-11 20:14:37.777,3.0,7.0,1.0,6.0,1.0,0.0,4.0,3.0,23.0,64.0,6.9999930000070005,6.9999930000070005,0.3749999531250059,25.0,2026-02-11,1
2026-02-11 20:14:38.778,18.0,6.0,0.0,2.0,1.0,0.0,6.0,4.0,27.0,54.0,5.999994000006001,1.999998000002,5.999998000000667,37.0,2026-02-11,1
2026-02-11 20:14:39.793,10.0,1.0,0.0,2.0,0.0,0.0,3.0,2.0,43.0,53.0,1000000.0,2000000.0,4.99999750000125,18.0,2026-02-11,1
2026-02-11 20:14:40.810,8.0,9.0,4.0,1.0,3.0,1.0,4.0,5.0,41.0,53.0,2.2499994375001404,1.249999687500078,0.8888887901234679,35.0,2026-02-11,1
2026-02-11 20:14:41.816,6.0,0.0,0.0,0.0,0.0,0.0,0.0,0.0,56.0,53.0,0.0,0.0,4279999.999999746,6.0,2026-02-11,0
2026-02-11 20:14:42.828,0.0,4.0,1.0,0.0,1.0,0.0,1.0,1.0,53.0,51.0,3.999996000004,0.999999000001,0.0,8.0,2026-02-11,1
2026-02-11 20:14:43.843,1.0,2.0,0.0,1.0,1.0,1.0,1.0,1.0,54.0,41.0,0.99999950000025,0.499999750000125,0.3333332222222592,8.0,2026-02-11,0
2026-02-11 20:14:44.850,1.0,0.0,0.0,0.0,0.0,0.0,0.0,0.0,53.0,51.0,0.0,0.0,1000000.0,1.0,2026-02-11,0
2026-02-11 20:14:45.861,9.0,1.0,3.0,5.0,1.0,0.0,1.0,1.0,40.0,64.0,0.999999000001,7.999992000008,0.9999998888889012,21.0,2026-02-11,0
2026-02-11 20:14:46.866,48.0,4.0,0.0,1.0,1.0,0.0,5.0,3.0,47.0,61.0,3.999996000004,0.999999000001,23.999988000006,62.0,2026-02-11,1
2026-02-11 20:14:47.879,0.0,1.0,4.0,1.0,0.0,0.0,1.0,0.0,43.0,81.0,1000000.0,3000000.0,0.0,7.0,2026-02-11,1
2026-02-11 20:14:48.891,1.0,1.0,1.0,1.0,1.0,0.0,0.0,0.0,47.0,78.0,0.999999000001,1.999998000002,0.3333332222222592,5.0,2026-02-11,0
2026-02-11 20:14:49.897,3.0,0.0,0.0,0.0,0.0,0.0,0.0,1.0,54.0,69.0,0.0,0.0,3000000.0,4.0,2026-02-11,0
2026-02-11 20:14:50.900,11.0,0.0,0.0,0.0,0.0,0.0,1.0,3.0,60.0,75.0,0.0,0.0,4279999.999999746,15.0,2026-02-11,1
2026-02-11 20:14:51.910,75.0,11.0,7.0,1.0,3.0,1.0,6.0,6.0,54.0,61.0,2.749999312500172,1.999999500000125,6.249999479166711,110.0,2026-02-11,1
2026-02-11 20:14:52.918,36.0,8.0,0.0,0.0,0.0,0.0,1.0,1.0,48.0,43.0,3000000.0,0.0,4279999.999999746,46.0,2026-02-11,1
2026-02-11 20:14:53.923,2.0,1.0,2.0,3.0,2.0,1.0,3.0,2.0,53.0,44.0,0.3333332222222592,1.666666111111296,0.2499999687500039,16.0,2026-02-11,0
2026-02-11 20:14:54.924,3.0,7.0,1.0,1.0,1.0,0.0,1.0,2.0,43.0,40.0,6.9999930000070005,1.999998000002,0.9999996666667778,16.0,2026-02-11,1
2026-02-11 20:14:55.927,2.0,0.0,0.0,0.0,0.0,0.0,0.0,0.0,53.0,38.0,0.0,0.0,2000000.0,2.0,2026-02-11,0
2026-02-11 20:14:56.941,2.0,2.0,3.0,3.0,1.0,1.0,4.0,0.0,60.0,61.0,0.99999950000025,2.99999850000075,0.2499999687500039,16.0,2026-02-11,0
2026-02-11 20:14:57.954,2.0,5.0,4.0,1.0,0.0,0.0,0.0,0.0,50.0,57.0,3000000.0,3000000.0,0.399999920000016,12.0,2026-02-11,1
2026-02-11 20:14:58.959,12.0,3.0,1.0,3.0,1.0,1.0,1.0,0.0,60.0,69.0,1.499999250000375,1.9999990000005,1.999999666666722,22.0,2026-02-11,1
2026-02-11 20:14:59.963,3.0,1.0,1.0,3.0,2.0,0.0,1.0,1.0,56.0,77.0,0.499999750000125,1.9999990000005,0.4999999166666805,12.0,2026-02-11,0
2026-02-11 20:15:00.969,2.0,0.0,0.0,0.0,0.0,0.0,0.0,0.0,64.0,64.0,0.0,0.0,2000000.0,2.0,2026-02-11,0
2026-02-11 20:15:01.978,56.0,2.0,4.0,4.0,1.0,1.0,0.0,2.0,69.0,70.0,0.99999950000025,3.999998000001,5.599999440000056,70.0,2026-02-11,1
2026-02-11 20:15:02.987,8.0,6.0,9.0,4.0,3.0,0.0,1.0,1.0,56.0,75.0,1.9999993333335555,4.33333188888937,0.4999999687500019,32.0,2026-02-11,1
2026-02-11 20:15:03.990,6.0,1.0,2.0,2.0,0.0,0.0,0.0,0.0,47.0,80.0,1000000.0,3000000.0,1.4999996250000938,11.0,2026-02-11,1
2026-02-11 20:15:05.004,5.0,7.0,1.0,2.0,2.0,1.0,0.0,1.0,40.0,78.0,2.333332555555814,0.9999996666667778,0.8333331944444675,19.0,2026-02-11,1
2026-02-11 20:15:06.019,3.0,3.0,3.0,1.0,0.0,0.0,1.0,1.0,26.0,74.0,3000000.0,3000000.0,0.7499998125000469,12.0,2026-02-11,1
2026-02-11 20:15:07.020,2.0,1.0,2.0,3.0,1.0,0.0,1.0,3.0,35.0,77.0,0.999999000001,4.999995000005001,0.333333277777787,13.0,2026-02-11,1
2026-02-11 20:15:08.021,5.0,2.0,5.0,0.0,4.0,0.0,1.0,1.0,40.0,70.0,0.4999998750000312,1.249999687500078,0.5555554938271674,18.0,2026-02-11,1
2026-02-11 20:15:09.027,8.0,5.0,0.0,1.0,1.0,0.0,3.0,2.0,27.0,67.0,4.999995000005001,0.999999000001,3.999998000001,20.0,2026-02-11,1
2026-02-11 20:15:10.037,2.0,0.0,0.0,1.0,2.0,0.0,1.0,2.0,40.0,61.0,0.0,0.499999750000125,0.6666664444445185,8.0,2026-02-11,0
2026-02-11 20:15:11.049,7.0,3.0,5.0,3.0,0.0,0.0,1.0,2.0,27.0,63.0,3000000.0,3000000.0,0.8749998906250137,21.0,2026-02-11,1
2026-02-11 20:15:12.056,2.0,4.0,0.0,1.0,1.0,1.0,1.0,1.0,34.0,54.0,1.9999990000005,0.499999750000125,0.6666664444445185,11.0,2026-02-11,1
2026-02-11 20:15:13.070,13.0,6.0,2.0,1.0,0.0,1.0,1.0,0.0,38.0,78.0,5.999994000006001,2.9999970000030003,3.2499991875002032,24.0,2026-02-11,1
2026-02-11 20:15:14.083,10.0,4.0,0.0,1.0,3.0,1.0,1.0,1.0,53.0,57.0,0.9999997500000624,0.2499999375000156,1.99999960000008,21.0,2026-02-11,1
2026-02-11 20:15:15.087,14.0,11.0,0.0,5.0,1.0,1.0,0.0,0.0,47.0,56.0,5.499997250001375,2.499998750000625,1.999999714285755,32.0,2026-02-11,1
2026-02-11 20:15:16.103,2.0,7.0,1.0,5.0,3.0,1.0,1.0,1.0,48.0,35.0,1.7499995625001092,1.4999996250000938,0.199999980000002,21.0,2026-02-11,0
2026-02-11 20:15:17.111,6.0,13.0,1.0,4.0,1.0,1.0,1.0,1.0,44.0,30.0,6.499996750001625,2.499998750000625,0.857142734693895,28.0,2026-02-11,1
2026-02-11 20:15:18.126,7.0,13.0,1.0,2.0,1.0,1.0,0.0,1.0,40.0,29.0,6.499996750001625,1.499999250000375,1.399999720000056,26.0,2026-02-11,1
2026-02-11 20:15:19.141,54.0,6.0,6.0,1.0,3.0,2.0,2.0,0.0,44.0,35.0,1.199999760000048,1.399999720000056,4.499999625000031,74.0,2026-02-11,0
2026-02-11 20:15:20.154,5.0,0.0,0.0,0.0,0.0,0.0,0.0,0.0,50.0,29.0,0.0,0.0,4279999.999999746,5.0,2026-02-11,0
2026-02-11 20:15:21.159,5.0,1.0,0.0,0.0,0.0,0.0,0.0,0.0,47.0,37.0,1000000.0,0.0,4279999.999999746,6.0,2026-02-11,1
2026-02-11 20:15:22.178,3.0,2.0,0.0,0.0,0.0,0.0,0.0,0.0,51.0,24.0,2000000.0,0.0,3000000.0,5.0,2026-02-11,0
2026-02-11 20:15:23.401,14.0,6.0,0.0,2.0,1.0,1.0,0.0,0.0,50.0,17.0,2.99999850000075,0.99999950000025,3.4999991250002185,24.0,2026-02-11,1
2026-02-11 20:15:24.404,8.0,3.0,0.0,3.0,5.0,1.0,3.0,0.0,50.0,21.0,0.4999999166666805,0.4999999166666805,0.8888887901234679,23.0,2026-02-11,0
2026-02-11 20:15:25.406,0.0,2.0,0.0,3.0,0.0,0.0,2.0,0.0,51.0,26.0,2000000.0,3000000.0,0.0,7.0,2026-02-11,0
2026-02-11 20:15:26.418,0.0,0.0,1.0,0.0,0.0,1.0,2.0,0.0,63.0,56.0,0.0,0.999999000001,0.0,4.0,2026-02-11,0
2026-02-11 20:15:27.432,0.0,0.0,0.0,0.0,0.0,0.0,0.0,0.0,75.0,63.0,0.0,0.0,0.0,0.0,2026-02-11,0
2026-02-11 20:15:28.437,0.0,1.0,0.0,2.0,1.0,0.0,1.0,0.0,77.0,69.0,0.999999000001,1.999998000002,0.0,5.0,2026-02-11,0
2026-02-11 20:15:29.440,2.0,3.0,3.0,6.0,1.0,1.0,0.0,0.0,83.0,75.0,1.499999250000375,4.499997750001125,0.1818181652892577,16.0,2026-02-11,1
2026-02-11 20:15:30.441,17.0,3.0,4.0,1.0,1.0,1.0,1.0,1.0,75.0,70.0,1.499999250000375,2.499998750000625,2.428571081632702,29.0,2026-02-11,1
2026-02-11 20:15:31.456,2.0,2.0,0.0,4.0,0.0,0.0,0.0,0.0,63.0,77.0,2000000.0,3000000.0,0.4999998750000312,8.0,2026-02-11,1
2026-02-11 20:15:32.471,0.0,0.0,0.0,1.0,0.0,0.0,0.0,0.0,67.0,78.0,0.0,1000000.0,0.0,1.0,2026-02-11,0
2026-02-11 20:15:33.502,0.0,6.0,1.0,0.0,3.0,0.0,1.0,0.0,54.0,61.0,1.9999993333335555,0.3333332222222592,0.0,11.0,2026-02-11,0
2026-02-11 20:15:34.505,2.0,1.0,0.0,0.0,0.0,0.0,0.0,0.0,56.0,57.0,1000000.0,0.0,2000000.0,3.0,2026-02-11,0
2026-02-11 20:15:35.509,23.0,5.0,1.0,4.0,1.0,0.0,1.0,1.0,51.0,50.0,4.999995000005001,4.999995000005001,3.833332694444551,36.0,2026-02-11,1
2026-02-11 20:15:36.520,3.0,2.0,1.0,1.0,1.0,0.0,1.0,2.0,43.0,50.0,1.999998000002,1.999998000002,0.9999996666667778,11.0,2026-02-11,0
2026-02-11 20:15:37.523,0.0,1.0,2.0,2.0,2.0,0.0,2.0,1.0,54.0,63.0,0.499999750000125,1.9999990000005,0.0,10.0,2026-02-11,0
2026-02-11 20:15:38.527,1.0,2.0,5.0,0.0,0.0,0.0,1.0,0.0,43.0,70.0,2000000.0,3000000.0,0.199999960000008,9.0,2026-02-11,1
2026-02-11 20:15:39.533,0.0,2.0,0.0,2.0,0.0,1.0,1.0,0.0,54.0,69.0,1.999998000002,1.999998000002,0.0,6.0,2026-02-11,0
2026-02-11 20:15:40.542,4.0,2.0,3.0,5.0,0.0,1.0,1.0,1.0,53.0,78.0,1.999998000002,7.999992000008,0.4444443950617339,17.0,2026-02-11,1
2026-02-11 20:15:41.545,3.0,1.0,0.0,6.0,1.0,0.0,0.0,1.0,51.0,83.0,0.999999000001,5.999994000006001,0.4285713673469475,12.0,2026-02-11,0
2026-02-11 20:15:42.560,4.0,3.0,1.0,1.0,0.0,0.0,1.0,1.0,56.0,74.0,3000000.0,2000000.0,1.9999990000005,11.0,2026-02-11,1
2026-02-11 20:15:43.568,3.0,3.0,2.0,1.0,1.0,2.0,1.0,1.0,57.0,75.0,0.9999996666667778,0.9999996666667778,0.4999999166666805,14.0,2026-02-11,1
2026-02-11 20:15:44.569,2.0,1.0,1.0,5.0,4.0,0.0,1.0,1.0,57.0,69.0,0.2499999375000156,1.4999996250000938,0.199999980000002,15.0,2026-02-11,0
2026-02-11 20:15:45.573,1.0,2.0,0.0,1.0,0.0,1.0,4.0,0.0,64.0,56.0,1.999998000002,0.999999000001,0.499999750000125,9.0,2026-02-11,0
2026-02-11 20:15:46.574,0.0,0.0,1.0,2.0,0.0,0.0,1.0,1.0,70.0,66.0,0.0,3000000.0,0.0,5.0,2026-02-11,0
2026-02-11 20:15:47.578,4.0,7.0,0.0,1.0,0.0,0.0,1.0,0.0,57.0,57.0,3000000.0,1000000.0,3.999996000004,13.0,2026-02-11,1
2026-02-11 20:15:48.585,1.0,1.0,1.0,0.0,1.0,1.0,1.0,0.0,70.0,51.0,0.499999750000125,0.499999750000125,0.3333332222222592,6.0,2026-02-11,0
2026-02-11 20:15:49.593,0.0,2.0,0.0,1.0,1.0,1.0,3.0,3.0,70.0,50.0,0.99999950000025,0.499999750000125,0.0,11.0,2026-02-11,0
2026-02-11 20:15:50.603,1.0,1.0,1.0,1.0,0.0,0.0,2.0,2.0,67.0,43.0,1000000.0,2000000.0,0.499999750000125,8.0,2026-02-11,0
2026-02-11 20:15:51.611,0.0,2.0,3.0,0.0,0.0,0.0,2.0,2.0,75.0,56.0,2000000.0,3000000.0,0.0,9.0,2026-02-11,0
2026-02-11 20:15:52.618,1.0,1.0,2.0,1.0,3.0,0.0,1.0,2.0,63.0,61.0,0.3333332222222592,0.9999996666667778,0.1666666388888935,11.0,2026-02-11,0
2026-02-11 20:15:53.622,4.0,4.0,4.0,2.0,1.0,0.0,2.0,2.0,51.0,69.0,3.999996000004,5.999994000006001,0.57142848979593,19.0,2026-02-11,1
2026-02-11 20:15:54.625,3.0,0.0,1.0,0.0,0.0,0.0,0.0,0.0,54.0,77.0,0.0,1000000.0,2.9999970000030003,4.0,2026-02-11,0
2026-02-11 20:15:55.635,2.0,0.0,0.0,0.0,0.0,0.0,0.0,0.0,56.0,69.0,0.0,0.0,2000000.0,2.0,2026-02-11,0
2026-02-11 20:15:56.648,1.0,3.0,0.0,3.0,0.0,1.0,2.0,5.0,57.0,66.0,2.9999970000030003,2.9999970000030003,0.2499999375000156,15.0,2026-02-11,1
2026-02-11 20:15:57.660,4.0,6.0,0.0,1.0,0.0,0.0,2.0,2.0,54.0,53.0,3000000.0,1000000.0,3.999996000004,15.0,2026-02-11,1
2026-02-11 20:15:58.674,1.0,4.0,2.0,1.0,0.0,0.0,1.0,0.0,43.0,47.0,3000000.0,3000000.0,0.3333332222222592,9.0,2026-02-11,1
2026-02-11 20:15:59.679,2.0,1.0,0.0,1.0,0.0,0.0,0.0,0.0,37.0,48.0,1000000.0,1000000.0,1.999998000002,4.0,2026-02-11,0
2026-02-11 20:16:00.685,1.0,1.0,2.0,7.0,0.0,0.0,1.0,1.0,26.0,61.0,1000000.0,3000000.0,0.1111110987654334,13.0,2026-02-11,1
2026-02-11 20:16:01.687,0.0,4.0,3.0,0.0,1.0,0.0,1.0,1.0,34.0,74.0,3.999996000004,2.9999970000030003,0.0,10.0,2026-02-11,1
2026-02-11 20:16:02.690,1.0,1.0,2.0,0.0,1.0,0.0,1.0,1.0,43.0,77.0,0.999999000001,1.999998000002,0.3333332222222592,7.0,2026-02-11,0
2026-02-11 20:16:03.703,1.0,9.0,2.0,1.0,2.0,1.0,1.0,1.0,43.0,69.0,2.9999990000003334,0.9999996666667778,0.1666666388888935,18.0,2026-02-11,1
2026-02-11 20:16:04.710,0.0,1.0,0.0,1.0,1.0,0.0,0.0,2.0,53.0,57.0,0.999999000001,0.999999000001,0.0,5.0,2026-02-11,0
2026-02-11 20:16:05.724,13.0,1.0,4.0,1.0,1.0,0.0,1.0,1.0,53.0,66.0,0.999999000001,4.999995000005001,2.166666305555616,22.0,2026-02-11,0
2026-02-11 20:16:06.736,0.0,0.0,5.0,3.0,0.0,0.0,0.0,1.0,44.0,78.0,0.0,3000000.0,0.0,9.0,2026-02-11,0
2026-02-11 20:16:07.747,1.0,5.0,0.0,0.0,2.0,0.0,1.0,1.0,43.0,67.0,2.499998750000625,0.0,0.499999750000125,10.0,2026-02-11,0
2026-02-11 20:16:08.760,2.0,3.0,2.0,3.0,1.0,0.0,0.0,0.0,37.0,70.0,2.9999970000030003,4.999995000005001,0.333333277777787,11.0,2026-02-11,1
2026-02-11 20:16:09.772,2.0,1.0,2.0,3.0,1.0,0.0,1.0,1.0,40.0,75.0,0.999999000001,4.999995000005001,0.333333277777787,11.0,2026-02-11,0
2026-02-11 20:16:10.773,1.0,4.0,0.0,3.0,2.0,0.0,2.0,1.0,41.0,53.0,1.9999990000005,1.499999250000375,0.199999960000008,13.0,2026-02-11,0
2026-02-11 20:16:11.786,2.0,2.0,1.0,2.0,0.0,0.0,0.0,2.0,48.0,70.0,2000000.0,3000000.0,0.6666664444445185,9.0,2026-02-11,1
2026-02-11 20:16:12.801,1.0,5.0,1.0,10.0,1.0,1.0,0.0,2.0,50.0,70.0,2.499998750000625,5.499997250001375,0.0769230710059176,21.0,2026-02-11,1
2026-02-11 20:16:13.814,2.0,2.0,2.0,0.0,0.0,0.0,1.0,0.0,48.0,61.0,2000000.0,2000000.0,0.99999950000025,7.0,2026-02-11,0
2026-02-11 20:16:14.820,0.0,8.0,4.0,1.0,3.0,1.0,0.0,1.0,47.0,63.0,1.999999500000125,1.249999687500078,0.0,18.0,2026-02-11,0
2026-02-11 20:16:15.851,1.0,1.0,2.0,0.0,1.0,0.0,1.0,1.0,47.0,64.0,0.999999000001,1.999998000002,0.3333332222222592,7.0,2026-02-11,0
2026-02-11 20:16:16.865,2.0,4.0,3.0,1.0,1.0,0.0,1.0,2.0,37.0,60.0,3.999996000004,3.999996000004,0.399999920000016,14.0,2026-02-11,1
2026-02-11 20:16:17.869,0.0,5.0,2.0,5.0,1.0,0.0,1.0,1.0,27.0,63.0,4.999995000005001,6.9999930000070005,0.0,15.0,2026-02-11,1
2026-02-11 20:16:18.873,5.0,1.0,1.0,0.0,0.0,0.0,2.0,1.0,34.0,60.0,1000000.0,1000000.0,4.999995000005001,10.0,2026-02-11,1
2026-02-11 20:16:19.878,2.0,1.0,1.0,2.0,1.0,1.0,2.0,0.0,40.0,64.0,0.499999750000125,1.499999250000375,0.399999920000016,10.0,2026-02-11,0
2026-02-11 20:16:20.882,1.0,1.0,1.0,1.0,2.0,0.0,0.0,1.0,53.0,64.0,0.499999750000125,0.99999950000025,0.2499999375000156,7.0,2026-02-11,0
2026-02-11 20:16:21.884,3.0,4.0,3.0,1.0,0.0,0.0,1.0,1.0,60.0,64.0,3000000.0,3000000.0,0.7499998125000469,13.0,2026-02-11,1
2026-02-11 20:16:22.885,0.0,3.0,1.0,1.0,1.0,0.0,1.0,0.0,51.0,64.0,2.9999970000030003,1.999998000002,0.0,7.0,2026-02-11,1
2026-02-11 20:16:23.898,0.0,2.0,1.0,2.0,1.0,0.0,0.0,1.0,50.0,63.0,1.999998000002,2.9999970000030003,0.0,7.0,2026-02-11,0
2026-02-11 20:16:24.901,8.0,1.0,3.0,2.0,1.0,1.0,2.0,1.0,51.0,67.0,0.499999750000125,2.499998750000625,1.14285697959186,19.0,2026-02-11,0
2026-02-11 20:16:25.915,1.0,3.0,1.0,3.0,0.0,0.0,1.0,1.0,51.0,69.0,3000000.0,3000000.0,0.2499999375000156,10.0,2026-02-11,1
2026-02-11 20:16:26.923,0.0,2.0,0.0,1.0,0.0,0.0,1.0,2.0,56.0,66.0,2000000.0,1000000.0,0.0,6.0,2026-02-11,0
2026-02-11 20:16:27.927,1.0,2.0,0.0,2.0,0.0,0.0,1.0,3.0,53.0,64.0,2000000.0,2000000.0,0.499999750000125,9.0,2026-02-11,0
2026-02-11 20:16:28.933,2.0,3.0,1.0,4.0,0.0,0.0,1.0,3.0,44.0,60.0,3000000.0,3000000.0,0.399999920000016,14.0,2026-02-11,1
2026-02-11 20:16:29.948,1.0,2.0,0.0,0.0,0.0,0.0,1.0,2.0,54.0,51.0,2000000.0,0.0,1000000.0,6.0,2026-02-11,0
2026-02-11 20:16:30.949,11.0,4.0,3.0,4.0,0.0,0.0,1.0,1.0,34.0,63.0,3000000.0,3000000.0,1.5714283469388075,24.0,2026-02-11,1
2026-02-11 20:16:31.950,2.0,2.0,0.0,2.0,0.0,0.0,1.0,2.0,35.0,61.0,2000000.0,2000000.0,0.99999950000025,9.0,2026-02-11,1
2026-02-11 20:16:32.960,1.0,2.0,0.0,0.0,0.0,0.0,1.0,3.0,35.0,51.0,2000000.0,0.0,1000000.0,7.0,2026-02-11,1
2026-02-11 20:16:33.964,1.0,3.0,1.0,0.0,0.0,1.0,0.0,1.0,37.0,53.0,2.9999970000030003,0.999999000001,0.499999750000125,7.0,2026-02-11,1
2026-02-11 20:16:34.966,0.0,2.0,0.0,2.0,2.0,0.0,1.0,1.0,53.0,44.0,0.99999950000025,0.99999950000025,0.0,8.0,2026-02-11,0
2026-02-11 20:16:35.969,1.0,4.0,0.0,2.0,1.0,0.0,2.0,1.0,50.0,41.0,3.999996000004,1.999998000002,0.3333332222222592,11.0,2026-02-11,1
2026-02-11 20:16:36.981,2.0,1.0,0.0,0.0,0.0,0.0,0.0,0.0,41.0,44.0,1000000.0,0.0,2000000.0,3.0,2026-02-11,0
2026-02-11 20:16:37.985,12.0,2.0,2.0,2.0,0.0,1.0,0.0,0.0,41.0,53.0,1.999998000002,3.999996000004,2.399999520000096,19.0,2026-02-11,0
2026-02-11 20:16:38.989,0.0,0.0,1.0,2.0,0.0,1.0,0.0,1.0,54.0,63.0,0.0,2.9999970000030003,0.0,5.0,2026-02-11,0
2026-02-11 20:16:39.996,1.0,2.0,0.0,1.0,1.0,0.0,1.0,3.0,53.0,67.0,1.999998000002,0.999999000001,0.499999750000125,9.0,2026-02-11,0
2026-02-11 20:16:41.002,1.0,4.0,0.0,3.0,0.0,0.0,1.0,2.0,60.0,69.0,3000000.0,3000000.0,0.3333332222222592,11.0,2026-02-11,1
2026-02-11 20:16:42.012,0.0,1.0,4.0,1.0,1.0,0.0,2.0,1.0,56.0,74.0,0.999999000001,4.999995000005001,0.0,10.0,2026-02-11,0
2026-02-11 20:16:43.016,0.0,1.0,2.0,2.0,1.0,0.0,0.0,1.0,48.0,74.0,0.999999000001,3.999996000004,0.0,7.0,2026-02-11,0
2026-02-11 20:16:44.018,3.0,3.0,2.0,2.0,1.0,0.0,1.0,1.0,48.0,78.0,2.9999970000030003,3.999996000004,0.599999880000024,13.0,2026-02-11,1
2026-02-11 20:16:45.033,1.0,2.0,0.0,1.0,1.0,1.0,1.0,1.0,60.0,75.0,0.99999950000025,0.499999750000125,0.3333332222222592,8.0,2026-02-11,0
2026-02-11 20:16:46.037,0.0,0.0,0.0,1.0,1.0,0.0,1.0,1.0,63.0,70.0,0.0,0.999999000001,0.0,4.0,2026-02-11,0
2026-02-11 20:16:47.046,3.0,0.0,0.0,0.0,0.0,0.0,0.0,0.0,67.0,63.0,0.0,0.0,3000000.0,3.0,2026-02-11,0
2026-02-11 20:16:48.059,10.0,1.0,1.0,2.0,1.0,0.0,1.0,1.0,75.0,63.0,0.999999000001,2.9999970000030003,2.499999375000156,17.0,2026-02-11,0
2026-02-11 20:16:49.070,8.0,3.0,6.0,3.0,1.0,0.0,1.0,1.0,63.0,75.0,2.9999970000030003,8.999991000009,0.7999999200000081,23.0,2026-02-11,1
2026-02-11 20:16:50.073,10.0,3.0,2.0,0.0,1.0,1.0,2.0,1.0,61.0,69.0,1.499999250000375,0.99999950000025,2.499999375000156,20.0,2026-02-11,1
2026-02-11 20:16:51.087,0.0,5.0,0.0,2.0,2.0,0.0,1.0,2.0,44.0,63.0,2.499998750000625,0.99999950000025,0.0,12.0,2026-02-11,0
2026-02-11 20:16:52.094,0.0,1.0,2.0,0.0,1.0,0.0,1.0,0.0,44.0,61.0,0.999999000001,1.999998000002,0.0,5.0,2026-02-11,0
2026-02-11 20:16:53.099,1.0,2.0,4.0,4.0,0.0,0.0,1.0,1.0,44.0,63.0,2000000.0,3000000.0,0.1249999843750019,13.0,2026-02-11,0
2026-02-11 20:16:54.109,4.0,1.0,2.0,2.0,0.0,0.0,1.0,0.0,44.0,74.0,1000000.0,3000000.0,0.9999997500000624,10.0,2026-02-11,1
2026-02-11 20:16:55.113,13.0,7.0,1.0,0.0,1.0,0.0,3.0,1.0,40.0,70.0,6.9999930000070005,0.999999000001,6.499996750001625,26.0,2026-02-11,1
2026-02-11 20:16:56.116,1.0,3.0,0.0,1.0,1.0,1.0,2.0,1.0,40.0,61.0,1.499999250000375,0.499999750000125,0.3333332222222592,10.0,2026-02-11,0
2026-02-11 20:16:57.117,25.0,2.0,1.0,0.0,0.0,0.0,1.0,4.0,43.0,50.0,2000000.0,1000000.0,24.999975000025003,33.0,2026-02-11,1
2026-02-11 20:16:58.131,17.0,4.0,1.0,1.0,0.0,0.0,0.0,1.0,35.0,38.0,3000000.0,2000000.0,8.499995750002125,24.0,2026-02-11,1
2026-02-11 20:16:59.138,2.0,1.0,1.0,2.0,0.0,1.0,1.0,0.0,53.0,48.0,0.999999000001,2.9999970000030003,0.4999998750000312,8.0,2026-02-11,0
2026-02-11 20:17:00.153,0.0,1.0,0.0,2.0,0.0,1.0,1.0,0.0,60.0,56.0,0.999999000001,1.999998000002,0.0,5.0,2026-02-11,0
2026-02-11 20:17:01.165,0.0,1.0,0.0,1.0,1.0,0.0,1.0,2.0,67.0,53.0,0.999999000001,0.999999000001,0.0,6.0,2026-02-11,0
2026-02-11 20:17:02.180,0.0,0.0,0.0,0.0,0.0,0.0,0.0,0.0,81.0,51.0,0.0,0.0,0.0,0.0,2026-02-11,0
2026-02-11 20:17:03.187,1.0,3.0,0.0,0.0,1.0,1.0,0.0,1.0,81.0,40.0,1.499999250000375,0.0,0.499999750000125,7.0,2026-02-11,0
2026-02-11 20:17:04.190,0.0,1.0,3.0,0.0,0.0,1.0,1.0,1.0,77.0,48.0,0.999999000001,2.9999970000030003,0.0,7.0,2026-02-11,0
2026-02-11 20:17:05.205,2.0,1.0,0.0,3.0,1.0,0.0,0.0,0.0,67.0,60.0,0.999999000001,2.9999970000030003,0.4999998750000312,7.0,2026-02-11,0
2026-02-11 20:17:06.216,1.0,3.0,0.0,0.0,1.0,0.0,1.0,0.0,56.0,56.0,2.9999970000030003,0.0,0.999999000001,6.0,2026-02-11,1
2026-02-11 20:17:07.218,20.0,5.0,0.0,0.0,0.0,0.0,1.0,1.0,48.0,48.0,3000000.0,0.0,4279999.999999746,27.0,2026-02-11,1
2026-02-11 20:17:08.229,11.0,8.0,2.0,1.0,1.0,2.0,2.0,1.0,43.0,34.0,2.666665777778074,0.9999996666667778,1.8333330277778288,28.0,2026-02-11,1
2026-02-11 20:17:11.306,1.0,2.0,0.0,0.0,0.0,0.0,0.0,0.0,38.0,14.0,2000000.0,0.0,1000000.0,3.0,2026-02-11,0
2026-02-11 20:17:14.354,0.0,0.0,0.0,0.0,0.0,0.0,0.0,0.0,38.0,30.0,0.0,0.0,0.0,0.0,2026-02-11,0
2026-02-11 20:17:15.367,28.0,8.0,3.0,0.0,2.0,1.0,1.0,1.0,40.0,41.0,2.666665777778074,0.9999996666667778,4.6666658888890185,44.0,2026-02-11,1
2026-02-11 20:17:16.371,1.0,6.0,2.0,6.0,0.0,0.0,2.0,1.0,30.0,50.0,3000000.0,3000000.0,0.1249999843750019,18.0,2026-02-11,1
2026-02-11 20:17:17.379,14.0,2.0,1.0,1.0,1.0,0.0,1.0,3.0,43.0,61.0,1.999998000002,1.999998000002,4.666665111111629,23.0,2026-02-11,0
2026-02-11 20:17:18.389,1.0,0.0,0.0,1.0,1.0,0.0,1.0,1.0,50.0,56.0,0.0,0.999999000001,0.499999750000125,5.0,2026-02-11,0
2026-02-11 20:17:19.398,0.0,0.0,1.0,0.0,0.0,0.0,1.0,0.0,60.0,69.0,0.0,1000000.0,0.0,2.0,2026-02-11,0
2026-02-11 20:17:20.401,0.0,1.0,0.0,0.0,1.0,0.0,1.0,1.0,61.0,61.0,0.999999000001,0.0,0.0,4.0,2026-02-11,0
2026-02-11 20:17:21.415,0.0,1.0,0.0,0.0,0.0,0.0,1.0,0.0,64.0,57.0,1000000.0,0.0,0.0,2.0,2026-02-11,0
2026-02-11 20:17:22.429,0.0,4.0,0.0,2.0,0.0,0.0,1.0,1.0,56.0,51.0,3000000.0,2000000.0,0.0,8.0,2026-02-11,1
2026-02-11 20:17:23.433,1.0,0.0,0.0,2.0,0.0,0.0,1.0,0.0,56.0,50.0,0.0,2000000.0,0.499999750000125,4.0,2026-02-11,0
2026-02-11 20:17:24.435,0.0,0.0,4.0,2.0,0.0,0.0,2.0,2.0,60.0,69.0,0.0,3000000.0,0.0,10.0,2026-02-11,0
2026-02-11 20:17:25.438,2.0,2.0,1.0,2.0,0.0,0.0,0.0,0.0,51.0,80.0,2000000.0,3000000.0,0.6666664444445185,7.0,2026-02-11,1
2026-02-11 20:17:26.441,1.0,3.0,0.0,0.0,0.0,0.0,0.0,1.0,54.0,70.0,3000000.0,0.0,1000000.0,5.0,2026-02-11,1
2026-02-11 20:17:27.443,0.0,0.0,1.0,0.0,0.0,0.0,0.0,0.0,51.0,74.0,0.0,1000000.0,0.0,1.0,2026-02-11,0
2026-02-11 20:17:28.447,0.0,1.0,1.0,0.0,2.0,0.0,1.0,0.0,60.0,54.0,0.499999750000125,0.499999750000125,0.0,5.0,2026-02-11,0
2026-02-11 20:17:29.458,2.0,0.0,0.0,1.0,0.0,0.0,1.0,0.0,67.0,60.0,0.0,1000000.0,1.999998000002,4.0,2026-02-11,0
2026-02-11 20:17:30.473,1.0,1.0,1.0,4.0,2.0,1.0,1.0,1.0,74.0,77.0,0.3333332222222592,1.666666111111296,0.1249999843750019,12.0,2026-02-11,0
2026-02-11 20:17:31.478,9.0,5.0,3.0,0.0,0.0,1.0,0.0,0.0,70.0,67.0,4.999995000005001,2.9999970000030003,2.2499994375001404,18.0,2026-02-11,1
2026-02-11 20:17:32.482,79.0,2.0,1.0,1.0,0.0,0.0,0.0,0.0,41.0,74.0,2000000.0,2000000.0,39.49998025000987,83.0,2026-02-11,1
2026-02-11 20:17:33.485,0.0,3.0,0.0,0.0,1.0,0.0,1.0,1.0,27.0,56.0,2.9999970000030003,0.0,0.0,6.0,2026-02-11,1
2026-02-11 20:17:34.492,1.0,1.0,1.0,1.0,1.0,0.0,1.0,1.0,34.0,60.0,0.999999000001,1.999998000002,0.3333332222222592,7.0,2026-02-11,0
2026-02-11 20:17:35.497,2.0,2.0,2.0,1.0,1.0,0.0,2.0,3.0,57.0,60.0,1.999998000002,2.9999970000030003,0.4999998750000312,13.0,2026-02-11,0
2026-02-11 20:17:36.504,0.0,0.0,0.0,0.0,0.0,0.0,2.0,0.0,63.0,54.0,0.0,0.0,0.0,2.0,2026-02-11,0
2026-02-11 20:17:37.508,0.0,1.0,1.0,1.0,0.0,0.0,1.0,1.0,66.0,69.0,1000000.0,2000000.0,0.0,5.0,2026-02-11,0
2026-02-11 20:17:38.524,1.0,1.0,1.0,1.0,0.0,2.0,1.0,0.0,75.0,69.0,0.499999750000125,0.99999950000025,0.2499999375000156,7.0,2026-02-11,0
2026-02-11 20:17:39.529,1.0,2.0,0.0,1.0,2.0,0.0,2.0,1.0,70.0,60.0,0.99999950000025,0.499999750000125,0.3333332222222592,9.0,2026-02-11,0
2026-02-11 20:17:40.537,1.0,0.0,0.0,2.0,0.0,0.0,2.0,2.0,75.0,61.0,0.0,2000000.0,0.499999750000125,7.0,2026-02-11,0
2026-02-11 20:17:41.541,0.0,1.0,0.0,2.0,0.0,0.0,1.0,0.0,81.0,61.0,1000000.0,2000000.0,0.0,4.0,2026-02-11,0
2026-02-11 20:17:42.545,0.0,1.0,1.0,0.0,0.0,0.0,2.0,1.0,66.0,57.0,1000000.0,1000000.0,0.0,5.0,2026-02-11,0
2026-02-11 20:17:43.560,0.0,1.0,1.0,0.0,0.0,0.0,2.0,0.0,69.0,64.0,1000000.0,1000000.0,0.0,4.0,2026-02-11,0
2026-02-11 20:17:44.562,2.0,1.0,0.0,1.0,0.0,0.0,2.0,1.0,66.0,54.0,1000000.0,1000000.0,1.999998000002,7.0,2026-02-11,0
2026-02-11 20:17:45.577,0.0,1.0,0.0,1.0,0.0,0.0,1.0,1.0,64.0,54.0,1000000.0,1000000.0,0.0,4.0,2026-02-11,0
2026-02-11 20:17:46.579,0.0,2.0,1.0,1.0,0.0,1.0,1.0,2.0,75.0,54.0,1.999998000002,1.999998000002,0.0,8.0,2026-02-11,0
2026-02-11 20:17:47.582,0.0,0.0,0.0,0.0,0.0,1.0,1.0,1.0,90.0,47.0,0.0,0.0,0.0,3.0,2026-02-11,0
2026-02-11 20:17:48.584,0.0,1.0,0.0,1.0,0.0,0.0,1.0,2.0,84.0,51.0,1000000.0,1000000.0,0.0,5.0,2026-02-11,0
2026-02-11 20:17:49.592,0.0,2.0,1.0,0.0,1.0,0.0,2.0,2.0,83.0,47.0,1.999998000002,0.999999000001,0.0,8.0,2026-02-11,0
2026-02-11 20:17:50.594,1.0,3.0,2.0,1.0,1.0,1.0,2.0,1.0,75.0,50.0,1.499999250000375,1.499999250000375,0.199999960000008,12.0,2026-02-11,0
2026-02-11 20:17:51.595,1.0,1.0,0.0,1.0,1.0,0.0,1.0,0.0,63.0,53.0,0.999999000001,0.999999000001,0.499999750000125,5.0,2026-02-11,0
2026-02-11 20:17:52.609,4.0,3.0,2.0,1.0,1.0,0.0,1.0,1.0,64.0,51.0,2.9999970000030003,2.9999970000030003,0.9999997500000624,13.0,2026-02-11,1
2026-02-11 20:17:53.612,6.0,12.0,1.0,2.0,0.0,2.0,2.0,0.0,66.0,43.0,5.9999970000015,1.499999250000375,1.199999760000048,25.0,2026-02-11,1
2026-02-11 20:17:54.613,2.0,1.0,0.0,0.0,0.0,0.0,0.0,0.0,66.0,41.0,1000000.0,0.0,2000000.0,3.0,2026-02-11,0
2026-02-11 20:17:55.617,9.0,2.0,4.0,4.0,2.0,0.0,1.0,1.0,60.0,53.0,0.99999950000025,3.999998000001,0.8999999100000091,23.0,2026-02-11,0
2026-02-11 20:18:03.683,21.0,24.0,12.0,8.0,2.0,1.0,1.0,1.0,48.0,53.0,7.999997333334222,6.666664444445185,0.9130434385633288,70.0,2026-02-11,1
2026-02-11 20:18:04.686,66.0,18.0,1.0,6.0,8.0,2.0,6.0,2.0,44.0,53.0,1.7999998200000182,0.699999930000007,3.882352712802781,109.0,2026-02-11,0
2026-02-11 20:18:12.739,4.0,0.0,0.0,0.0,0.0,0.0,0.0,0.0,38.0,51.0,0.0,0.0,4000000.0,4.0,2026-02-11,0
2026-02-11 20:18:13.741,0.0,1.0,1.0,1.0,0.0,0.0,1.0,2.0,35.0,44.0,1000000.0,2000000.0,0.0,6.0,2026-02-11,1
2026-02-11 20:18:14.754,0.0,2.0,2.0,1.0,0.0,1.0,2.0,1.0,51.0,47.0,1.999998000002,2.9999970000030003,0.0,9.0,2026-02-11,0
2026-02-11 20:18:15.768,3.0,1.0,6.0,1.0,0.0,1.0,3.0,0.0,53.0,70.0,0.999999000001,6.9999930000070005,0.3749999531250059,15.0,2026-02-11,0
2026-02-11 20:18:16.769,1.0,0.0,3.0,0.0,0.0,1.0,0.0,0.0,67.0,83.0,0.0,2.9999970000030003,0.2499999375000156,5.0,2026-02-11,0
2026-02-11 20:18:17.775,0.0,6.0,1.0,1.0,0.0,1.0,1.0,0.0,70.0,74.0,5.999994000006001,1.999998000002,0.0,10.0,2026-02-11,1
2026-02-11 20:18:18.776,1.0,1.0,1.0,0.0,0.0,0.0,2.0,2.0,74.0,74.0,1000000.0,1000000.0,0.999999000001,7.0,2026-02-11,1
2026-02-11 20:18:19.780,0.0,2.0,0.0,0.0,2.0,0.0,0.0,0.0,75.0,44.0,0.99999950000025,0.0,0.0,4.0,2026-02-11,0
2026-02-11 20:18:20.788,1.0,3.0,0.0,1.0,0.0,0.0,2.0,1.0,63.0,26.0,3000000.0,1000000.0,0.999999000001,8.0,2026-02-11,1
2026-02-11 20:18:21.803,0.0,0.0,0.0,0.0,0.0,0.0,0.0,1.0,69.0,29.0,0.0,0.0,0.0,1.0,2026-02-11,0
2026-02-11 20:18:22.804,0.0,2.0,0.0,0.0,1.0,0.0,1.0,1.0,67.0,23.0,1.999998000002,0.0,0.0,5.0,2026-02-11,0
2026-02-11 20:18:23.816,2.0,4.0,0.0,1.0,1.0,0.0,1.0,0.0,63.0,27.0,3.999996000004,0.999999000001,0.99999950000025,9.0,2026-02-11,1
2026-02-11 20:18:24.817,24.0,3.0,1.0,1.0,0.0,0.0,0.0,0.0,64.0,35.0,3000000.0,2000000.0,11.999994000003,29.0,2026-02-11,1
2026-02-11 20:18:25.823,41.0,23.0,9.0,11.0,5.0,2.0,6.0,8.0,53.0,38.0,3.2857138163265978,2.85714244897965,1.518518462277094,105.0,2026-02-11,1
2026-02-11 20:18:26.827,10.0,1.0,0.0,0.0,0.0,0.0,0.0,0.0,35.0,41.0,1000000.0,0.0,4279999.999999746,11.0,2026-02-11,1
2026-02-11 20:18:33.873,7.0,4.0,1.0,0.0,0.0,0.0,0.0,0.0,29.0,44.0,3000000.0,1000000.0,6.9999930000070005,12.0,2026-02-11,1
2026-02-11 20:18:34.885,26.0,5.0,1.0,1.0,0.0,0.0,1.0,0.0,21.0,47.0,3000000.0,2000000.0,12.99999350000325,34.0,2026-02-11,1
2026-02-11 20:18:37.896,5.0,0.0,0.0,0.0,0.0,0.0,0.0,0.0,20.0,48.0,0.0,0.0,4279999.999999746,5.0,2026-02-11,1
2026-02-11 20:18:38.898,44.0,31.0,14.0,9.0,3.0,2.0,5.0,9.0,24.0,50.0,6.199998760000248,4.599999080000184,1.5714285153061245,117.0,2026-02-11,1
2026-02-11 20:18:41.934,2.0,0.0,0.0,0.0,0.0,0.0,0.0,0.0,20.0,48.0,0.0,0.0,2000000.0,2.0,2026-02-11,0
2026-02-11 20:18:42.949,20.0,1.0,1.0,1.0,0.0,0.0,0.0,0.0,26.0,53.0,1000000.0,2000000.0,9.9999950000025,23.0,2026-02-11,1
2026-02-11 20:18:43.953,3.0,0.0,0.0,0.0,0.0,0.0,0.0,0.0,34.0,61.0,0.0,0.0,3000000.0,3.0,2026-02-11,0
2026-02-11 20:18:44.956,34.0,4.0,2.0,3.0,1.0,0.0,0.0,0.0,40.0,66.0,3.999996000004,4.999995000005001,5.66666572222238,44.0,2026-02-11,1
2026-02-11 20:18:45.959,16.0,5.0,2.0,4.0,1.0,0.0,1.0,0.0,48.0,74.0,4.999995000005001,5.999994000006001,2.28571395918372,29.0,2026-02-11,1
2026-02-11 20:18:46.971,33.0,5.0,3.0,4.0,1.0,0.0,1.0,1.0,47.0,74.0,4.999995000005001,6.9999930000070005,4.124999484375065,48.0,2026-02-11,1
2026-02-11 20:18:47.974,20.0,9.0,4.0,1.0,1.0,0.0,1.0,1.0,37.0,63.0,8.999991000009,4.999995000005001,3.33333277777787,37.0,2026-02-11,1
2026-02-11 20:18:48.981,4.0,3.0,0.0,1.0,0.0,0.0,0.0,0.0,30.0,53.0,3000000.0,1000000.0,3.999996000004,8.0,2026-02-11,1
2026-02-11 20:18:49.994,7.0,2.0,0.0,1.0,0.0,0.0,0.0,0.0,27.0,47.0,2000000.0,1000000.0,6.9999930000070005,10.0,2026-02-11,1
2026-02-11 20:18:50.995,20.0,5.0,7.0,1.0,4.0,0.0,1.0,1.0,17.0,48.0,1.249999687500078,1.999999500000125,1.6666665277777897,39.0,2026-02-11,1
2026-02-11 20:18:51.996,13.0,5.0,0.0,1.0,2.0,1.0,0.0,0.0,30.0,35.0,1.666666111111296,0.3333332222222592,3.2499991875002032,22.0,2026-02-11,1
2026-02-11 20:18:53.000,3.0,4.0,1.0,1.0,3.0,3.0,2.0,0.0,48.0,30.0,0.6666665555555741,0.333333277777787,0.3749999531250059,17.0,2026-02-11,0
2026-02-11 20:18:54.010,3.0,3.0,1.0,1.0,0.0,0.0,0.0,0.0,47.0,37.0,3000000.0,2000000.0,1.499999250000375,8.0,2026-02-11,1
2026-02-11 20:18:55.015,65.0,16.0,7.0,5.0,3.0,0.0,1.0,1.0,51.0,30.0,5.333331555556148,3.999998666667111,4.333333044444464,98.0,2026-02-11,1
2026-02-11 20:18:56.020,25.0,1.0,1.0,0.0,0.0,0.0,0.0,0.0,50.0,48.0,1000000.0,1000000.0,24.999975000025003,27.0,2026-02-11,1
2026-02-11 20:18:57.026,9.0,2.0,1.0,2.0,1.0,0.0,0.0,0.0,37.0,57.0,1.999998000002,2.9999970000030003,2.2499994375001404,15.0,2026-02-11,0
2026-02-11 20:19:09.098,46.0,3.0,2.0,2.0,2.0,1.0,1.0,1.0,0.0,0.0,0.9999996666667778,1.333332888889037,6.571427632653196,58.0,2026-02-11,1
2026-02-11 20:19:12.117,44.0,2.0,0.0,0.0,0.0,0.0,0.0,0.0,0.0,0.0,2000000.0,0.0,4279999.999999746,46.0,2026-02-11,1
2026-02-11 20:19:13.129,6.0,2.0,0.0,1.0,1.0,0.0,0.0,0.0,0.0,0.0,1.999998000002,0.999999000001,2.99999850000075,10.0,2026-02-11,1
2026-02-11 20:19:14.137,12.0,19.0,2.0,8.0,3.0,2.0,4.0,2.0,30.0,57.0,3.799999240000152,1.99999960000008,0.7999999466666703,52.0,2026-02-11,1
2026-02-11 20:19:15.149,44.0,1.0,0.0,0.0,0.0,0.0,1.0,0.0,54.0,61.0,1000000.0,0.0,4279999.999999746,46.0,2026-02-11,1
2026-02-11 20:19:16.154,3.0,0.0,0.0,0.0,0.0,0.0,1.0,0.0,74.0,67.0,0.0,0.0,3000000.0,4.0,2026-02-11,0
2026-02-11 20:19:17.163,3.0,2.0,3.0,0.0,2.0,0.0,0.0,0.0,67.0,87.0,0.99999950000025,1.499999250000375,0.599999880000024,10.0,2026-02-11,0
2026-02-11 20:19:18.168,0.0,0.0,1.0,0.0,0.0,0.0,0.0,0.0,90.0,100.0,0.0,1000000.0,0.0,1.0,2026-02-11,0
2026-02-11 20:19:19.169,0.0,1.0,5.0,6.0,1.0,0.0,1.0,1.0,67.0,100.0,0.999999000001,10.999989000011,0.0,15.0,2026-02-11,0
2026-02-11 20:19:20.171,3.0,3.0,2.0,1.0,1.0,0.0,2.0,0.0,38.0,100.0,2.9999970000030003,2.9999970000030003,0.7499998125000469,12.0,2026-02-11,1
2026-02-11 20:19:21.178,0.0,2.0,1.0,1.0,0.0,1.0,1.0,1.0,61.0,91.0,1.999998000002,1.999998000002,0.0,7.0,2026-02-11,0
2026-02-11 20:19:22.182,1.0,2.0,2.0,2.0,0.0,0.0,1.0,1.0,50.0,77.0,2000000.0,3000000.0,0.2499999375000156,9.0,2026-02-11,1
2026-02-11 20:19:23.196,0.0,1.0,2.0,1.0,0.0,0.0,3.0,0.0,41.0,67.0,1000000.0,3000000.0,0.0,7.0,2026-02-11,0
2026-02-11 20:19:24.198,1.0,2.0,1.0,2.0,0.0,0.0,1.0,4.0,40.0,77.0,2000000.0,3000000.0,0.3333332222222592,11.0,2026-02-11,1
2026-02-11 20:19:25.210,0.0,1.0,0.0,1.0,0.0,1.0,3.0,2.0,43.0,78.0,0.999999000001,0.999999000001,0.0,8.0,2026-02-11,0
2026-02-11 20:19:26.213,0.0,1.0,1.0,1.0,0.0,1.0,2.0,1.0,54.0,77.0,0.999999000001,1.999998000002,0.0,7.0,2026-02-11,0
2026-02-11 20:19:27.219,0.0,2.0,0.0,0.0,0.0,0.0,2.0,0.0,70.0,54.0,2000000.0,0.0,0.0,4.0,2026-02-11,0
2026-02-11 20:19:28.224,0.0,1.0,1.0,0.0,1.0,0.0,1.0,0.0,83.0,47.0,0.999999000001,0.999999000001,0.0,4.0,2026-02-11,0
2026-02-11 20:19:29.227,1.0,0.0,1.0,2.0,0.0,0.0,1.0,1.0,69.0,57.0,0.0,3000000.0,0.3333332222222592,6.0,2026-02-11,0
2026-02-11 20:19:30.232,0.0,1.0,1.0,2.0,0.0,1.0,1.0,2.0,66.0,63.0,0.999999000001,2.9999970000030003,0.0,8.0,2026-02-11,0
2026-02-11 20:19:31.247,1.0,2.0,2.0,3.0,1.0,0.0,0.0,0.0,44.0,83.0,1.999998000002,4.999995000005001,0.1666666388888935,9.0,2026-02-11,0
2026-02-11 20:19:32.263,16.0,3.0,1.0,2.0,1.0,0.0,1.0,1.0,40.0,83.0,2.9999970000030003,2.9999970000030003,3.99999900000025,25.0,2026-02-11,1
2026-02-11 20:19:33.274,26.0,7.0,3.0,1.0,3.0,0.0,2.0,1.0,21.0,69.0,2.333332555555814,1.333332888889037,3.714285183673545,43.0,2026-02-11,1
2026-02-11 20:19:34.289,15.0,4.0,5.0,0.0,2.0,0.0,0.0,0.0,1.0,64.0,1.9999990000005,2.499998750000625,2.1428568367347376,26.0,2026-02-11,1
2026-02-11 20:19:35.297,8.0,7.0,0.0,2.0,1.0,0.0,1.0,1.0,3.0,47.0,6.9999930000070005,1.999998000002,2.666665777778074,20.0,2026-02-11,1
2026-02-11 20:19:36.301,11.0,9.0,6.0,2.0,3.0,0.0,1.0,0.0,1.0,47.0,2.9999990000003334,2.666665777778074,0.9999999090909174,32.0,2026-02-11,1
2026-02-11 20:19:37.314,12.0,7.0,0.0,0.0,1.0,0.0,1.0,0.0,1.0,24.0,6.9999930000070005,0.0,11.999988000012,21.0,2026-02-11,1
2026-02-11 20:19:38.317,1.0,1.0,0.0,1.0,1.0,0.0,1.0,1.0,1.0,17.0,0.999999000001,0.999999000001,0.499999750000125,6.0,2026-02-11,0
2026-02-11 20:19:39.320,0.0,0.0,1.0,0.0,1.0,0.0,1.0,1.0,21.0,24.0,0.0,0.999999000001,0.0,4.0,2026-02-11,0
2026-02-11 20:19:40.336,1.0,0.0,1.0,2.0,0.0,1.0,1.0,1.0,61.0,40.0,0.0,2.9999970000030003,0.2499999375000156,7.0,2026-02-11,0
2026-02-11 20:19:41.352,0.0,1.0,0.0,1.0,1.0,0.0,1.0,1.0,88.0,54.0,0.999999000001,0.999999000001,0.0,5.0,2026-02-11,0
2026-02-11 20:19:42.361,2.0,0.0,0.0,0.0,0.0,0.0,0.0,0.0,96.0,63.0,0.0,0.0,2000000.0,2.0,2026-02-11,0
2026-02-11 20:19:43.367,0.0,1.0,2.0,1.0,1.0,0.0,1.0,0.0,80.0,75.0,0.999999000001,2.9999970000030003,0.0,6.0,2026-02-11,0
2026-02-11 20:19:44.381,1.0,1.0,0.0,0.0,0.0,0.0,0.0,0.0,66.0,61.0,1000000.0,0.0,1000000.0,2.0,2026-02-11,0
2026-02-11 20:19:45.382,2.0,0.0,0.0,0.0,0.0,0.0,0.0,0.0,69.0,67.0,0.0,0.0,2000000.0,2.0,2026-02-11,0
2026-02-11 20:19:46.385,0.0,2.0,1.0,1.0,1.0,2.0,1.0,0.0,80.0,61.0,0.6666664444445185,0.6666664444445185,0.0,8.0,2026-02-11,0
2026-02-11 20:19:47.396,1.0,1.0,2.0,1.0,0.0,0.0,1.0,1.0,78.0,57.0,1000000.0,3000000.0,0.3333332222222592,7.0,2026-02-11,0
2026-02-11 20:19:48.400,0.0,1.0,1.0,0.0,0.0,0.0,1.0,1.0,83.0,61.0,1000000.0,1000000.0,0.0,4.0,2026-02-11,0
2026-02-11 20:19:49.405,13.0,0.0,1.0,2.0,0.0,1.0,3.0,1.0,83.0,69.0,0.0,2.9999970000030003,3.2499991875002032,21.0,2026-02-11,0
2026-02-11 20:19:50.421,0.0,0.0,0.0,0.0,0.0,0.0,1.0,0.0,74.0,75.0,0.0,0.0,0.0,1.0,2026-02-11,0
2026-02-11 20:19:51.447,0.0,0.0,1.0,0.0,0.0,0.0,1.0,1.0,88.0,77.0,0.0,1000000.0,0.0,3.0,2026-02-11,0
2026-02-11 20:19:52.452,0.0,0.0,0.0,0.0,0.0,0.0,1.0,2.0,93.0,80.0,0.0,0.0,0.0,3.0,2026-02-11,0
2026-02-11 20:19:53.458,12.0,2.0,2.0,1.0,1.0,1.0,1.0,1.0,88.0,70.0,0.99999950000025,1.499999250000375,2.399999520000096,21.0,2026-02-11,1
2026-02-11 20:19:54.461,2.0,1.0,2.0,1.0,1.0,1.0,0.0,1.0,90.0,74.0,0.499999750000125,1.499999250000375,0.399999920000016,9.0,2026-02-11,0
2026-02-11 20:19:55.475,3.0,1.0,0.0,0.0,0.0,0.0,0.0,0.0,69.0,57.0,1000000.0,0.0,3000000.0,4.0,2026-02-11,0
2026-02-11 20:19:56.484,2.0,0.0,0.0,0.0,0.0,0.0,0.0,0.0,77.0,53.0,0.0,0.0,2000000.0,2.0,2026-02-11,0
2026-02-11 20:19:57.490,3.0,1.0,0.0,5.0,1.0,0.0,1.0,0.0,69.0,60.0,0.999999000001,4.999995000005001,0.4999999166666805,11.0,2026-02-11,0
2026-02-11 20:19:58.500,49.0,28.0,21.0,13.0,9.0,14.0,17.0,17.0,64.0,56.0,1.2173912514177716,1.4782608052930084,0.8596491077254543,168.0,2026-02-11,0
2026-02-11 20:20:12.603,7.0,0.0,0.0,0.0,0.0,0.0,0.0,0.0,0.0,0.0,0.0,0.0,4279999.999999746,7.0,2026-02-11,1
2026-02-11 20:20:13.608,55.0,3.0,1.0,4.0,2.0,0.0,1.0,1.0,0.0,0.0,1.499999250000375,2.499998750000625,7.857141734694037,67.0,2026-02-11,1
2026-02-11 20:20:14.613,28.0,1.0,1.0,1.0,0.0,0.0,0.0,0.0,0.0,0.0,1000000.0,2000000.0,13.9999930000035,31.0,2026-02-11,1
2026-02-11 20:20:15.616,9.0,1.0,0.0,0.0,0.0,0.0,0.0,0.0,66.0,61.0,1000000.0,0.0,4279999.999999746,10.0,2026-02-11,1
2026-02-11 20:20:16.623,2.0,0.0,0.0,0.0,0.0,0.0,0.0,0.0,24.0,40.0,0.0,0.0,2000000.0,2.0,2026-02-11,0
2026-02-11 20:20:17.625,19.0,25.0,2.0,9.0,4.0,4.0,8.0,5.0,47.0,11.0,3.124999609375049,1.3749998281250215,0.9999999473684238,76.0,2026-02-11,1
2026-02-11 20:20:19.634,16.0,9.0,1.0,0.0,2.0,0.0,0.0,0.0,17.0,1.0,4.499997750001125,0.499999750000125,5.333331555556148,28.0,2026-02-11,1
2026-02-11 20:20:20.638,12.0,2.0,1.0,1.0,0.0,0.0,0.0,0.0,8.0,1.0,2000000.0,2000000.0,5.9999970000015,16.0,2026-02-11,1
2026-02-11 20:20:21.652,0.0,0.0,0.0,0.0,0.0,0.0,0.0,0.0,50.0,10.0,0.0,0.0,0.0,0.0,2026-02-11,0
2026-02-11 20:20:22.666,0.0,0.0,1.0,0.0,1.0,0.0,0.0,0.0,47.0,40.0,0.0,0.999999000001,0.0,2.0,2026-02-11,0
2026-02-11 20:20:23.669,0.0,0.0,0.0,1.0,0.0,0.0,1.0,0.0,74.0,67.0,0.0,1000000.0,0.0,2.0,2026-02-11,0
2026-02-11 20:20:24.670,0.0,0.0,0.0,0.0,0.0,0.0,0.0,2.0,96.0,74.0,0.0,0.0,0.0,2.0,2026-02-11,0
2026-02-11 20:20:25.673,0.0,1.0,0.0,1.0,0.0,0.0,2.0,0.0,91.0,81.0,1000000.0,1000000.0,0.0,4.0,2026-02-11,1
2026-02-11 20:20:26.688,0.0,0.0,0.0,1.0,0.0,0.0,1.0,1.0,94.0,81.0,0.0,1000000.0,0.0,3.0,2026-02-11,0
2026-02-11 20:20:27.703,0.0,0.0,0.0,0.0,0.0,0.0,0.0,1.0,100.0,70.0,0.0,0.0,0.0,1.0,2026-02-11,0
2026-02-11 20:20:28.708,0.0,1.0,0.0,0.0,0.0,0.0,0.0,0.0,100.0,63.0,1000000.0,0.0,0.0,1.0,2026-02-11,0
2026-02-11 20:20:29.710,1.0,0.0,0.0,0.0,0.0,0.0,2.0,2.0,100.0,57.0,0.0,0.0,1000000.0,5.0,2026-02-11,0
2026-02-11 20:20:30.713,0.0,0.0,0.0,0.0,1.0,0.0,1.0,4.0,100.0,41.0,0.0,0.0,0.0,6.0,2026-02-11,0
2026-02-11 20:20:31.727,0.0,0.0,0.0,0.0,1.0,0.0,1.0,4.0,100.0,37.0,0.0,0.0,0.0,6.0,2026-02-11,0
2026-02-11 20:20:32.730,0.0,0.0,1.0,1.0,1.0,1.0,1.0,4.0,100.0,48.0,0.0,0.99999950000025,0.0,9.0,2026-02-11,0
2026-02-11 20:20:33.732,0.0,0.0,0.0,1.0,2.0,0.0,1.0,0.0,100.0,43.0,0.0,0.499999750000125,0.0,4.0,2026-02-11,0
2026-02-11 20:20:34.746,1.0,1.0,0.0,3.0,1.0,1.0,1.0,0.0,100.0,51.0,0.499999750000125,1.499999250000375,0.199999960000008,8.0,2026-02-11,0
2026-02-11 20:20:35.754,1.0,0.0,0.0,0.0,1.0,0.0,0.0,1.0,100.0,48.0,0.0,0.0,0.999999000001,3.0,2026-02-11,0
2026-02-11 20:20:36.759,6.0,5.0,0.0,0.0,0.0,0.0,1.0,0.0,77.0,23.0,3000000.0,0.0,4279999.999999746,12.0,2026-02-11,1
2026-02-11 20:20:37.763,2.0,4.0,0.0,1.0,0.0,0.0,0.0,0.0,51.0,13.0,3000000.0,1000000.0,1.999998000002,7.0,2026-02-11,1
2026-02-11 20:20:38.768,0.0,2.0,3.0,1.0,1.0,0.0,0.0,1.0,34.0,21.0,1.999998000002,3.999996000004,0.0,8.0,2026-02-11,0
2026-02-11 20:20:39.773,31.0,2.0,0.0,1.0,0.0,0.0,0.0,0.0,1.0,29.0,2000000.0,1000000.0,30.999969000031,34.0,2026-02-11,1
2026-02-11 20:20:40.789,41.0,4.0,0.0,0.0,0.0,0.0,0.0,0.0,1.0,23.0,3000000.0,0.0,4279999.999999746,45.0,2026-02-11,1
2026-02-11 20:20:41.795,70.0,2.0,1.0,0.0,0.0,0.0,0.0,0.0,8.0,40.0,2000000.0,1000000.0,69.99993000007001,73.0,2026-02-11,1
2026-02-11 20:20:42.799,21.0,1.0,0.0,0.0,0.0,0.0,0.0,0.0,1.0,11.0,1000000.0,0.0,4279999.999999746,22.0,2026-02-11,1
2026-02-11 20:20:43.801,1.0,3.0,0.0,1.0,2.0,0.0,0.0,0.0,1.0,8.0,1.499999250000375,0.499999750000125,0.3333332222222592,7.0,2026-02-11,1
2026-02-11 20:20:44.812,5.0,3.0,2.0,4.0,1.0,0.0,1.0,1.0,13.0,47.0,2.9999970000030003,5.999994000006001,0.7142856122449125,17.0,2026-02-11,1
2026-02-11 20:20:45.818,0.0,1.0,1.0,1.0,0.0,0.0,1.0,1.0,21.0,51.0,1000000.0,2000000.0,0.0,5.0,2026-02-11,1
2026-02-11 20:20:46.831,4.0,6.0,2.0,4.0,0.0,0.0,1.0,1.0,38.0,70.0,3000000.0,3000000.0,0.6666665555555741,18.0,2026-02-11,1
2026-02-11 20:20:47.845,5.0,1.0,0.0,0.0,0.0,0.0,0.0,0.0,38.0,69.0,1000000.0,0.0,4279999.999999746,6.0,2026-02-11,1
2026-02-11 20:20:48.859,1.0,0.0,0.0,0.0,0.0,0.0,0.0,0.0,30.0,60.0,0.0,0.0,1000000.0,1.0,2026-02-11,0
2026-02-11 20:20:49.873,53.0,6.0,0.0,6.0,1.0,0.0,1.0,0.0,24.0,51.0,5.999994000006001,5.999994000006001,7.571427489796073,67.0,2026-02-11,1
2026-02-11 20:20:50.880,13.0,3.0,1.0,1.0,0.0,0.0,1.0,1.0,26.0,51.0,3000000.0,2000000.0,6.499996750001625,20.0,2026-02-11,1
2026-02-11 20:20:51.883,6.0,3.0,1.0,3.0,1.0,1.0,0.0,1.0,38.0,69.0,1.499999250000375,1.9999990000005,0.9999998333333612,16.0,2026-02-11,1
2026-02-11 20:20:52.889,15.0,1.0,0.0,0.0,2.0,0.0,3.0,2.0,60.0,56.0,0.499999750000125,0.0,7.499996250001875,23.0,2026-02-11,0
2026-02-11 20:20:53.901,7.0,2.0,1.0,0.0,1.0,0.0,1.0,10.0,57.0,57.0,1.999998000002,0.999999000001,3.499998250000875,22.0,2026-02-11,0
2026-02-11 20:20:54.918,5.0,2.0,2.0,1.0,0.0,0.0,1.0,2.0,57.0,64.0,2000000.0,3000000.0,1.666666111111296,13.0,2026-02-11,1
2026-02-11 20:20:55.922,41.0,4.0,0.0,1.0,2.0,0.0,1.0,1.0,48.0,53.0,1.9999990000005,0.499999750000125,13.666662111112627,50.0,2026-02-11,1
2026-02-11 20:20:56.926,7.0,1.0,0.0,0.0,1.0,0.0,0.0,0.0,50.0,48.0,0.999999000001,0.0,6.9999930000070005,9.0,2026-02-11,0
2026-02-11 20:20:57.928,7.0,26.0,3.0,1.0,7.0,1.0,1.0,3.0,47.0,24.0,3.249999593750051,0.4999999375000079,0.5833332847222263,49.0,2026-02-11,1
2026-02-11 20:20:58.940,2.0,1.0,1.0,0.0,0.0,0.0,0.0,0.0,57.0,17.0,1000000.0,1000000.0,1.999998000002,4.0,2026-02-11,0
2026-02-11 20:20:59.950,17.0,5.0,0.0,3.0,1.0,0.0,1.0,3.0,54.0,23.0,4.999995000005001,2.9999970000030003,4.249998937500266,30.0,2026-02-11,1
2026-02-11 20:21:00.956,1.0,3.0,0.0,0.0,1.0,0.0,1.0,0.0,40.0,26.0,2.9999970000030003,0.0,0.999999000001,6.0,2026-02-11,1
2026-02-11 20:21:01.962,3.0,3.0,3.0,2.0,3.0,0.0,1.0,0.0,47.0,54.0,0.9999996666667778,1.666666111111296,0.3749999531250059,15.0,2026-02-11,0
2026-02-11 20:21:02.983,3.0,4.0,0.0,1.0,0.0,0.0,1.0,0.0,26.0,40.0,3000000.0,1000000.0,2.9999970000030003,9.0,2026-02-11,1
2026-02-11 20:21:03.989,1.0,1.0,0.0,0.0,0.0,0.0,0.0,0.0,30.0,48.0,1000000.0,0.0,1000000.0,2.0,2026-02-11,1
2026-02-11 20:21:04.994,1.0,0.0,2.0,0.0,0.0,0.0,1.0,1.0,37.0,77.0,0.0,2000000.0,0.499999750000125,5.0,2026-02-11,0
2026-02-11 20:21:06.000,0.0,0.0,0.0,1.0,0.0,0.0,2.0,1.0,51.0,83.0,0.0,1000000.0,0.0,4.0,2026-02-11,0
2026-02-11 20:21:07.001,0.0,6.0,1.0,0.0,2.0,0.0,3.0,2.0,57.0,78.0,2.99999850000075,0.499999750000125,0.0,14.0,2026-02-11,1
2026-02-11 20:21:08.005,1.0,0.0,1.0,1.0,0.0,0.0,2.0,1.0,64.0,88.0,0.0,2000000.0,0.499999750000125,6.0,2026-02-11,0
2026-02-11 20:21:09.012,1.0,1.0,0.0,0.0,0.0,0.0,0.0,0.0,66.0,64.0,1000000.0,0.0,1000000.0,2.0,2026-02-11,0
2026-02-11 20:21:10.022,7.0,2.0,0.0,0.0,0.0,0.0,0.0,0.0,48.0,48.0,2000000.0,0.0,4279999.999999746,9.0,2026-02-11,1
2026-02-11 20:21:11.029,7.0,8.0,1.0,0.0,0.0,1.0,2.0,3.0,51.0,50.0,7.999992000008,0.999999000001,3.499998250000875,22.0,2026-02-11,1
2026-02-11 20:21:12.034,7.0,3.0,0.0,0.0,0.0,0.0,0.0,0.0,43.0,17.0,3000000.0,0.0,4279999.999999746,10.0,2026-02-11,1
2026-02-11 20:21:13.048,51.0,12.0,1.0,2.0,0.0,1.0,1.0,1.0,34.0,10.0,11.999988000012,2.9999970000030003,12.749996812500797,69.0,2026-02-11,1
2026-02-11 20:21:14.052,0.0,0.0,3.0,0.0,0.0,0.0,1.0,2.0,41.0,34.0,0.0,3000000.0,0.0,6.0,2026-02-11,0
2026-02-11 20:21:15.060,0.0,1.0,1.0,1.0,0.0,1.0,3.0,1.0,54.0,54.0,0.999999000001,1.999998000002,0.0,8.0,2026-02-11,0
2026-02-11 20:21:16.065,4.0,3.0,1.0,0.0,1.0,0.0,0.0,0.0,56.0,60.0,2.9999970000030003,0.999999000001,1.9999990000005,9.0,2026-02-11,1
2026-02-11 20:21:17.071,3.0,0.0,1.0,1.0,2.0,1.0,1.0,4.0,75.0,77.0,0.0,0.6666664444445185,0.599999880000024,13.0,2026-02-11,0
2026-02-11 20:21:18.074,64.0,77.0,22.0,33.0,49.0,25.0,68.0,58.0,78.0,51.0,1.040540526479182,0.7432432331994158,0.4961240271618292,396.0,2026-02-11,0
2026-02-11 20:21:34.220,10.0,1.0,0.0,0.0,0.0,0.0,0.0,0.0,0.0,0.0,1000000.0,0.0,4279999.999999746,11.0,2026-02-11,1
2026-02-11 20:21:35.225,100.0,36.0,7.0,5.0,1.0,1.0,0.0,0.0,0.0,0.0,17.9999910000045,5.9999970000015,7.142856632653098,150.0,2026-02-11,1
2026-02-11 20:21:36.241,13.0,4.0,0.0,3.0,0.0,0.0,1.0,0.0,0.0,0.0,3000000.0,3000000.0,4.33333188888937,21.0,2026-02-11,1
2026-02-11 20:21:37.254,4.0,1.0,0.0,0.0,0.0,0.0,0.0,0.0,69.0,29.0,1000000.0,0.0,4000000.0,5.0,2026-02-11,1
2026-02-11 20:21:38.268,1.0,0.0,0.0,0.0,0.0,0.0,0.0,0.0,88.0,60.0,0.0,0.0,1000000.0,1.0,2026-02-11,0
2026-02-11 20:21:39.284,3.0,0.0,1.0,1.0,0.0,0.0,0.0,1.0,83.0,74.0,0.0,2000000.0,1.499999250000375,6.0,2026-02-11,0
2026-02-11 20:21:40.298,1.0,0.0,0.0,0.0,0.0,0.0,0.0,2.0,93.0,97.0,0.0,0.0,1000000.0,3.0,2026-02-11,0
2026-02-11 20:21:41.313,1.0,2.0,0.0,1.0,0.0,0.0,1.0,0.0,96.0,100.0,2000000.0,1000000.0,0.999999000001,5.0,2026-02-11,1
2026-02-11 20:21:42.329,0.0,1.0,0.0,1.0,0.0,0.0,1.0,0.0,93.0,75.0,1000000.0,1000000.0,0.0,3.0,2026-02-11,1
2026-02-11 20:21:43.341,1.0,1.0,0.0,0.0,0.0,0.0,0.0,0.0,100.0,53.0,1000000.0,0.0,1000000.0,2.0,2026-02-11,0
2026-02-11 20:21:44.347,1.0,2.0,0.0,0.0,1.0,0.0,0.0,0.0,90.0,20.0,1.999998000002,0.0,0.999999000001,4.0,2026-02-11,0
2026-02-11 20:21:45.351,1.0,0.0,1.0,0.0,0.0,0.0,0.0,0.0,83.0,48.0,0.0,1000000.0,0.999999000001,2.0,2026-02-11,0
2026-02-11 20:21:46.354,2.0,0.0,0.0,0.0,0.0,0.0,0.0,0.0,69.0,41.0,0.0,0.0,2000000.0,2.0,2026-02-11,0
2026-02-11 20:21:47.359,2.0,0.0,0.0,0.0,0.0,0.0,0.0,0.0,69.0,41.0,0.0,0.0,2000000.0,2.0,2026-02-11,0
2026-02-11 20:21:48.372,3.0,3.0,1.0,3.0,0.0,0.0,0.0,0.0,51.0,69.0,3000000.0,3000000.0,0.7499998125000469,10.0,2026-02-11,1
2026-02-11 20:21:49.373,6.0,3.0,3.0,1.0,0.0,0.0,0.0,0.0,41.0,64.0,3000000.0,3000000.0,1.4999996250000938,13.0,2026-02-11,1
2026-02-11 20:21:50.375,33.0,3.0,1.0,2.0,1.0,0.0,0.0,0.0,37.0,74.0,2.9999970000030003,2.9999970000030003,8.249997937500515,40.0,2026-02-11,1
2026-02-11 20:22:01.454,35.0,9.0,14.0,22.0,13.0,3.0,15.0,11.0,35.0,69.0,0.5624999648437522,2.249999859375009,0.6730769101331364,122.0,2026-02-11,1
2026-02-11 20:22:02.460,86.0,1.0,2.0,5.0,0.0,1.0,1.0,0.0,54.0,80.0,0.999999000001,6.9999930000070005,10.749998656250169,96.0,2026-02-11,1
2026-02-11 20:22:03.461,24.0,0.0,0.0,0.0,0.0,0.0,0.0,0.0,66.0,83.0,0.0,0.0,4279999.999999746,24.0,2026-02-11,1
2026-02-11 20:22:09.482,55.0,9.0,0.0,7.0,3.0,1.0,2.0,0.0,74.0,77.0,2.2499994375001404,1.7499995625001092,4.999999545454587,77.0,2026-02-11,1
2026-02-11 20:22:10.498,26.0,1.0,0.0,2.0,0.0,0.0,0.0,0.0,74.0,74.0,1000000.0,2000000.0,12.99999350000325,29.0,2026-02-11,1
2026-02-11 20:22:12.503,8.0,0.0,0.0,0.0,0.0,0.0,0.0,0.0,77.0,67.0,0.0,0.0,4279999.999999746,8.0,2026-02-11,0
2026-02-11 20:22:13.518,2.0,0.0,0.0,0.0,0.0,0.0,0.0,0.0,84.0,56.0,0.0,0.0,2000000.0,2.0,2026-02-11,0
2026-02-11 20:22:14.531,0.0,0.0,2.0,0.0,0.0,0.0,1.0,0.0,96.0,75.0,0.0,2000000.0,0.0,3.0,2026-02-11,0
2026-02-11 20:22:15.540,3.0,1.0,1.0,2.0,1.0,1.0,5.0,0.0,100.0,75.0,0.499999750000125,1.499999250000375,0.599999880000024,14.0,2026-02-11,0
2026-02-11 20:22:16.543,0.0,0.0,0.0,0.0,0.0,0.0,1.0,1.0,100.0,56.0,0.0,0.0,0.0,2.0,2026-02-11,0
2026-02-11 20:22:17.559,0.0,0.0,0.0,0.0,0.0,0.0,3.0,4.0,100.0,54.0,0.0,0.0,0.0,7.0,2026-02-11,0
2026-02-11 20:22:18.572,0.0,0.0,0.0,1.0,0.0,0.0,5.0,2.0,100.0,54.0,0.0,1000000.0,0.0,8.0,2026-02-11,0
2026-02-11 20:22:19.573,0.0,1.0,0.0,2.0,1.0,1.0,2.0,0.0,100.0,51.0,0.499999750000125,0.99999950000025,0.0,7.0,2026-02-11,0
2026-02-11 20:22:20.583,1.0,0.0,0.0,3.0,0.0,1.0,2.0,0.0,100.0,69.0,0.0,2.9999970000030003,0.2499999375000156,7.0,2026-02-11,0
2026-02-11 20:22:21.598,1.0,1.0,1.0,2.0,1.0,0.0,3.0,1.0,100.0,78.0,0.999999000001,2.9999970000030003,0.2499999375000156,10.0,2026-02-11,0
2026-02-11 20:22:22.611,2.0,2.0,2.0,1.0,0.0,0.0,1.0,1.0,100.0,70.0,2000000.0,3000000.0,0.6666664444445185,9.0,2026-02-11,1
2026-02-11 20:22:23.623,0.0,1.0,1.0,1.0,1.0,0.0,2.0,2.0,100.0,64.0,0.999999000001,1.999998000002,0.0,8.0,2026-02-11,0
2026-02-11 20:22:24.632,0.0,4.0,0.0,1.0,2.0,0.0,1.0,1.0,83.0,44.0,1.9999990000005,0.499999750000125,0.0,9.0,2026-02-11,0
2026-02-11 20:22:25.633,2.0,2.0,0.0,1.0,0.0,0.0,1.0,3.0,88.0,30.0,2000000.0,1000000.0,1.999998000002,9.0,2026-02-11,0
2026-02-11 20:22:26.648,20.0,2.0,2.0,1.0,0.0,1.0,1.0,1.0,91.0,29.0,1.999998000002,2.9999970000030003,4.999998750000312,28.0,2026-02-11,0
2026-02-11 20:22:27.661,1.0,2.0,1.0,3.0,0.0,1.0,4.0,2.0,90.0,35.0,1.999998000002,3.999996000004,0.199999960000008,14.0,2026-02-11,0
2026-02-11 20:22:28.664,3.0,4.0,1.0,5.0,1.0,0.0,2.0,2.0,83.0,48.0,3.999996000004,5.999994000006001,0.4285713673469475,18.0,2026-02-11,1
2026-02-11 20:22:29.677,13.0,2.0,0.0,2.0,1.0,0.0,3.0,0.0,81.0,54.0,1.999998000002,1.999998000002,4.33333188888937,21.0,2026-02-11,0
2026-02-11 20:22:30.691,2.0,0.0,2.0,1.0,0.0,0.0,2.0,2.0,70.0,70.0,0.0,3000000.0,0.6666664444445185,9.0,2026-02-11,0
2026-02-12 19:10:05.688,35.0,8.0,4.0,13.0,7.0,9.0,5.0,2.0,60.0,74.0,0.4999999687500019,1.0624999335937542,1.060606028466484,83.0,2026-02-12,1
2026-02-12 19:10:06.692,3.0,7.0,1.0,3.0,0.0,3.0,0.0,2.0,50.0,63.0,2.333332555555814,1.333332888889037,0.4285713673469475,19.0,2026-02-12,0
2026-02-12 19:10:07.700,33.0,6.0,2.0,20.0,20.0,22.0,5.0,3.0,50.0,60.0,0.1428571394557824,0.5238095113378688,0.5156249919433595,111.0,2026-02-12,0
2026-02-12 19:10:08.711,30.0,2.0,2.0,5.0,8.0,10.0,2.0,0.0,78.0,50.0,0.1111111049382719,0.3888888672839518,1.199999952000002,59.0,2026-02-12,0
2026-02-12 19:10:09.716,17.0,6.0,2.0,3.0,23.0,10.0,1.0,2.0,90.0,30.0,0.1818181763085401,0.1515151469237834,0.4473684092797787,64.0,2026-02-12,0
2026-02-12 19:10:10.724,55.0,39.0,14.0,26.0,21.0,17.0,3.0,4.0,87.0,38.0,1.0263157624653747,1.0526315512465385,0.7051281960881001,179.0,2026-02-12,0
2026-02-12 19:10:11.730,15.0,0.0,2.0,4.0,4.0,6.0,1.0,5.0,87.0,51.0,0.0,0.599999940000006,0.9374999414062536,37.0,2026-02-12,0
2026-02-12 19:10:12.742,18.0,11.0,28.0,3.0,9.0,19.0,2.0,16.0,66.0,57.0,0.3928571288265311,1.107142817602042,0.3050847405917841,106.0,2026-02-12,0
2026-02-12 19:10:13.754,30.0,15.0,14.0,6.0,18.0,14.0,6.0,2.0,51.0,69.0,0.468749985351563,0.6249999804687506,0.5769230658284026,105.0,2026-02-12,0
2026-02-12 19:10:14.762,8.0,9.0,19.0,37.0,40.0,19.0,4.0,6.0,66.0,88.0,0.152542370295892,0.9491525262855504,0.0695652167863894,142.0,2026-02-12,1
2026-02-12 19:10:15.774,27.0,7.0,6.0,6.0,12.0,9.0,4.0,1.0,43.0,70.0,0.3333333174603182,0.5714285442176883,0.8181817933884306,72.0,2026-02-12,1
2026-02-12 19:10:16.783,31.0,10.0,2.0,4.0,4.0,20.0,1.0,2.0,53.0,47.0,0.4166666493055562,0.2499999895833337,1.03333329888889,74.0,2026-02-12,0
2026-02-12 19:10:17.785,25.0,2.0,1.0,6.0,8.0,13.0,2.0,7.0,74.0,50.0,0.095238090702948,0.3333333174603182,0.8928571109693889,64.0,2026-02-12,0
2026-02-12 19:10:18.798,65.0,2.0,2.0,14.0,4.0,15.0,2.0,1.0,88.0,53.0,0.1052631523545709,0.8421052188365674,1.8571428040816345,105.0,2026-02-12,0
2026-02-12 19:10:19.812,14.0,3.0,15.0,9.0,4.0,5.0,4.0,2.0,81.0,74.0,0.3333332962963004,2.6666663703704034,0.4242424113865936,56.0,2026-02-12,1
2026-02-12 19:10:20.816,9.0,4.0,4.0,4.0,12.0,5.0,1.0,1.0,70.0,84.0,0.2352941038062291,0.4705882076124583,0.3599999856000005,40.0,2026-02-12,1
2026-02-12 19:10:21.830,13.0,0.0,0.0,1.0,1.0,3.0,0.0,0.0,75.0,97.0,0.0,0.2499999375000156,2.599999480000104,18.0,2026-02-12,1
2026-02-12 19:10:22.832,4.0,4.0,2.0,5.0,11.0,8.0,1.0,5.0,61.0,83.0,0.2105263047091418,0.3684210332409982,0.1538461479289943,40.0,2026-02-12,1
2026-02-12 19:10:23.841,39.0,1.0,1.0,11.0,6.0,12.0,1.0,2.0,81.0,77.0,0.0555555524691359,0.6666666296296316,1.299999956666668,73.0,2026-02-12,0
2026-02-12 19:10:24.845,21.0,1.0,4.0,9.0,5.0,7.0,2.0,2.0,88.0,100.0,0.0833333263888894,1.083333243055563,0.8399999664000013,51.0,2026-02-12,0
2026-02-12 19:10:25.855,6.0,6.0,7.0,1.0,5.0,7.0,0.0,1.0,61.0,88.0,0.4999999583333368,0.6666666111111158,0.2999999850000007,33.0,2026-02-12,1
2026-02-12 19:10:26.868,1.0,1.0,1.0,1.0,0.0,1.0,0.0,0.0,54.0,96.0,0.999999000001,1.999998000002,0.3333332222222592,5.0,2026-02-12,0
2026-02-12 19:10:27.879,8.0,1.0,0.0,1.0,1.0,1.0,0.0,0.0,40.0,80.0,0.499999750000125,0.499999750000125,2.666665777778074,12.0,2026-02-12,1
2026-02-12 19:10:28.883,4.0,0.0,0.0,1.0,0.0,1.0,0.0,0.0,37.0,64.0,0.0,0.999999000001,1.9999990000005,6.0,2026-02-12,0
2026-02-12 19:10:29.895,30.0,7.0,7.0,26.0,4.0,19.0,3.0,2.0,41.0,77.0,0.3043478128544429,1.4347825463138022,0.5357142761479594,98.0,2026-02-12,1
2026-02-12 19:10:30.895,21.0,5.0,5.0,2.0,2.0,2.0,1.0,2.0,30.0,69.0,1.249999687500078,1.7499995625001092,1.909090735537206,40.0,2026-02-12,1
2026-02-12 19:10:31.911,3.0,6.0,9.0,16.0,7.0,9.0,1.0,5.0,27.0,84.0,0.3749999765625014,1.562499902343756,0.0731707299226651,56.0,2026-02-12,1
2026-02-12 19:10:32.925,16.0,24.0,1.0,13.0,9.0,27.0,4.0,7.0,24.0,64.0,0.6666666481481487,0.3888888780864201,0.3199999936000001,101.0,2026-02-12,1
2026-02-12 19:10:33.934,6.0,1.0,2.0,1.0,1.0,5.0,2.0,1.0,35.0,57.0,0.1666666388888935,0.4999999166666805,0.6666665925926009,19.0,2026-02-12,0
2026-02-12 19:10:34.948,64.0,5.0,12.0,11.0,4.0,8.0,4.0,7.0,44.0,70.0,0.4166666319444473,1.916666506944458,1.8285713763265323,115.0,2026-02-12,1
2026-02-12 19:10:35.957,70.0,9.0,1.0,12.0,9.0,25.0,4.0,6.0,56.0,54.0,0.2647058745674743,0.3823529299307962,1.4893616704391135,136.0,2026-02-12,0
2026-02-12 19:10:36.972,9.0,6.0,4.0,3.0,0.0,10.0,0.0,1.0,61.0,69.0,0.599999940000006,0.699999930000007,0.5294117335640156,33.0,2026-02-12,0
2026-02-12 19:10:37.985,6.0,1.0,1.0,6.0,2.0,7.0,2.0,1.0,57.0,70.0,0.1111110987654334,0.7777776913580343,0.3749999765625014,26.0,2026-02-12,0
2026-02-12 19:10:38.988,9.0,0.0,2.0,1.0,1.0,7.0,0.0,0.0,81.0,81.0,0.0,0.3749999531250059,0.8181817438016598,20.0,2026-02-12,0
2026-02-12 19:10:39.990,9.0,0.0,2.0,1.0,1.0,7.0,0.0,0.0,81.0,81.0,0.0,0.3749999531250059,0.8181817438016598,20.0,2026-02-12,0
2026-02-12 19:10:41.004,5.0,7.0,3.0,1.0,3.0,8.0,1.0,3.0,77.0,74.0,0.636363578512402,0.3636363305785154,0.3333333111111126,31.0,2026-02-12,1
2026-02-12 19:10:42.019,13.0,3.0,17.0,20.0,8.0,15.0,5.0,3.0,75.0,94.0,0.1304347769376184,1.6086955822306268,0.2166666630555556,84.0,2026-02-12,1
2026-02-12 19:10:43.027,7.0,1.0,0.0,0.0,0.0,1.0,0.0,0.0,50.0,56.0,0.999999000001,0.0,6.9999930000070005,9.0,2026-02-12,0
2026-02-12 19:10:44.031,24.0,3.0,3.0,4.0,5.0,16.0,2.0,6.0,66.0,69.0,0.142857136054422,0.3333333174603182,0.8571428265306134,63.0,2026-02-12,0
2026-02-12 19:10:45.043,22.0,1.0,2.0,2.0,1.0,4.0,0.0,0.0,57.0,64.0,0.199999960000008,0.799999840000032,2.4444441728395367,32.0,2026-02-12,0
2026-02-12 19:10:46.054,7.0,5.0,9.0,5.0,3.0,3.0,0.0,0.0,43.0,54.0,0.8333331944444675,2.333332944444509,0.3499999825000008,32.0,2026-02-12,0
2026-02-12 19:10:47.058,16.0,12.0,3.0,26.0,6.0,16.0,3.0,4.0,47.0,81.0,0.5454545206611581,1.3181817582644657,0.3137254840445984,86.0,2026-02-12,1
2026-02-12 19:10:48.071,12.0,1.0,0.0,15.0,4.0,6.0,2.0,3.0,37.0,97.0,0.099999990000001,1.4999998500000151,0.4799999808000007,43.0,2026-02-12,0
2026-02-12 19:10:49.085,36.0,9.0,8.0,20.0,12.0,8.0,5.0,3.0,23.0,96.0,0.4499999775000011,1.3999999300000034,0.7499999843750004,101.0,2026-02-12,1
2026-02-12 19:10:50.096,36.0,9.0,8.0,20.0,12.0,8.0,5.0,3.0,23.0,96.0,0.4499999775000011,1.3999999300000034,0.7499999843750004,101.0,2026-02-12,1
2026-02-12 19:10:51.111,9.0,1.0,4.0,4.0,1.0,5.0,0.0,1.0,43.0,100.0,0.1666666388888935,1.3333331111111482,0.6428570969387788,25.0,2026-02-12,0
2026-02-12 19:10:52.115,68.0,37.0,33.0,100.0,63.0,54.0,37.0,27.0,35.0,100.0,0.3162393135364161,1.1367521270363066,0.271999998912,419.0,2026-02-12,1
2026-02-12 19:10:53.123,29.0,15.0,2.0,4.0,8.0,15.0,5.0,9.0,41.0,75.0,0.6521738846880919,0.2608695538752368,0.9999999655172426,87.0,2026-02-12,1
2026-02-12 19:10:54.132,100.0,84.0,7.0,22.0,10.0,56.0,17.0,13.0,30.0,37.0,1.2727272534435266,0.4393939327364556,1.0526315678670362,309.0,2026-02-12,1
2026-02-12 19:10:55.144,7.0,8.0,8.0,17.0,14.0,34.0,7.0,7.0,40.0,27.0,0.1666666631944445,0.5208333224826391,0.0958904096453368,102.0,2026-02-12,0
2026-02-12 19:10:56.153,10.0,1.0,3.0,3.0,0.0,4.0,0.0,1.0,44.0,30.0,0.2499999375000156,1.4999996250000938,0.99999990000001,22.0,2026-02-12,0
2026-02-12 19:10:57.161,33.0,6.0,5.0,7.0,5.0,12.0,7.0,5.0,48.0,50.0,0.3529411557093437,0.7058823114186875,1.1379309952437588,80.0,2026-02-12,0
2026-02-12 19:10:58.167,21.0,29.0,27.0,37.0,8.0,29.0,7.0,17.0,51.0,75.0,0.7837837626004389,1.7297296829802788,0.2079207900205862,175.0,2026-02-12,1
2026-02-12 19:10:59.177,25.0,34.0,7.0,27.0,10.0,23.0,5.0,10.0,30.0,66.0,1.0303029990817274,1.0303029990817274,0.3731343227890399,141.0,2026-02-12,1
2026-02-12 19:11:00.187,5.0,4.0,1.0,3.0,1.0,3.0,1.0,2.0,21.0,54.0,0.9999997500000624,0.9999997500000624,0.6249999218750099,20.0,2026-02-12,1
2026-02-12 19:11:01.200,56.0,4.0,5.0,11.0,11.0,21.0,2.0,6.0,30.0,56.0,0.1249999960937501,0.4999999843750005,1.1666666423611116,116.0,2026-02-12,1
2026-02-12 19:11:02.207,8.0,9.0,3.0,8.0,8.0,15.0,2.0,3.0,40.0,48.0,0.3913043308128551,0.4782608487712674,0.2352941107266438,56.0,2026-02-12,0
2026-02-12 19:11:03.217,32.0,5.0,2.0,5.0,3.0,1.0,1.0,0.0,29.0,51.0,1.249999687500078,1.7499995625001092,2.9090906446281237,49.0,2026-02-12,1
2026-02-12 19:11:04.223,8.0,1.0,1.0,1.0,1.0,0.0,0.0,0.0,24.0,50.0,0.999999000001,1.999998000002,2.666665777778074,12.0,2026-02-12,1
2026-02-12 19:11:05.233,11.0,0.0,0.0,2.0,0.0,1.0,0.0,0.0,13.0,57.0,0.0,1.999998000002,3.666665444444852,14.0,2026-02-12,1
2026-02-12 19:11:06.237,45.0,8.0,1.0,18.0,2.0,7.0,1.0,5.0,1.0,66.0,0.8888887901234679,2.1111108765432363,1.6071427997449,87.0,2026-02-12,1
2026-02-12 19:11:07.246,53.0,11.0,7.0,27.0,10.0,30.0,5.0,8.0,24.0,74.0,0.2749999931250002,0.8499999787500006,0.7162162065376189,151.0,2026-02-12,1
2026-02-12 19:11:08.254,6.0,3.0,0.0,2.0,2.0,3.0,1.0,1.0,35.0,67.0,0.599999880000024,0.399999920000016,0.857142734693895,18.0,2026-02-12,1
2026-02-12 19:11:09.260,45.0,26.0,17.0,12.0,14.0,47.0,3.0,3.0,37.0,51.0,0.4262295012093524,0.47540982827197,0.4999999944444445,167.0,2026-02-12,0
2026-02-12 19:11:10.269,29.0,40.0,18.0,33.0,29.0,57.0,5.0,4.0,47.0,43.0,0.4651162736614387,0.5930232489183344,0.2116788305716873,215.0,2026-02-12,0
2026-02-12 19:11:11.278,38.0,2.0,1.0,11.0,9.0,7.0,1.0,3.0,44.0,47.0,0.1249999921875004,0.7499999531250029,1.3571428086734711,72.0,2026-02-12,0
2026-02-12 19:11:12.289,47.0,7.0,3.0,3.0,4.0,19.0,4.0,2.0,57.0,47.0,0.3043478128544429,0.2608695538752368,1.6206895992865655,89.0,2026-02-12,0
2026-02-12 19:11:13.295,30.0,2.0,0.0,1.0,0.0,6.0,0.0,1.0,61.0,35.0,0.333333277777787,0.1666666388888935,4.285713673469475,40.0,2026-02-12,0
2026-02-12 19:11:14.304,2.0,1.0,2.0,0.0,1.0,2.0,0.0,0.0,64.0,41.0,0.3333332222222592,0.6666664444445185,0.399999920000016,8.0,2026-02-12,0
2026-02-12 19:11:15.319,10.0,1.0,0.0,4.0,1.0,5.0,0.0,0.0,74.0,41.0,0.1666666388888935,0.6666665555555741,0.99999990000001,21.0,2026-02-12,0
2026-02-12 19:11:16.334,63.0,8.0,18.0,4.0,16.0,8.0,3.0,9.0,56.0,53.0,0.333333319444445,0.9166666284722238,1.3695651876181485,129.0,2026-02-12,0
2026-02-12 19:11:17.348,19.0,4.0,4.0,1.0,3.0,2.0,0.0,1.0,37.0,67.0,0.799999840000032,0.99999980000004,1.899999810000019,34.0,2026-02-12,0
2026-02-12 19:11:18.359,24.0,4.0,4.0,12.0,6.0,12.0,5.0,3.0,38.0,70.0,0.2222222098765439,0.8888888395061756,0.7058823321799315,70.0,2026-02-12,1
2026-02-12 19:11:19.372,30.0,6.0,2.0,4.0,1.0,10.0,1.0,1.0,27.0,60.0,0.5454544958677732,0.5454544958677732,1.7647057785467188,55.0,2026-02-12,1
2026-02-12 19:11:20.374,5.0,10.0,9.0,6.0,2.0,13.0,3.0,8.0,35.0,56.0,0.6666666222222252,0.9999999333333378,0.1666666611111112,56.0,2026-02-12,1
2026-02-12 19:11:21.385,67.0,10.0,3.0,6.0,3.0,14.0,3.0,11.0,47.0,50.0,0.588235259515573,0.5294117335640156,2.5769229778106544,117.0,2026-02-12,0
2026-02-12 19:11:22.396,16.0,5.0,6.0,14.0,7.0,26.0,3.0,5.0,51.0,50.0,0.1515151469237834,0.6060605876951337,0.3018867867568531,82.0,2026-02-12,0
2026-02-12 19:11:23.399,9.0,2.0,2.0,4.0,3.0,4.0,0.0,0.0,51.0,57.0,0.285714244897965,0.857142734693895,0.6923076390532585,24.0,2026-02-12,0
2026-02-12 19:11:24.406,37.0,40.0,7.0,34.0,9.0,39.0,6.0,6.0,48.0,50.0,0.8333333159722226,0.8541666488715282,0.4157303324075244,178.0,2026-02-12,0
2026-02-12 19:11:25.414,15.0,39.0,100.0,81.0,15.0,58.0,44.0,94.0,44.0,70.0,0.5342465680240196,2.4794520208294246,0.0590551178777357,446.0,2026-02-12,1
2026-02-12 19:11:26.427,14.0,0.0,2.0,3.0,3.0,2.0,2.0,1.0,37.0,74.0,0.0,0.99999980000004,1.399999860000014,27.0,2026-02-12,0
2026-02-12 19:11:27.442,51.0,0.0,0.0,1.0,1.0,5.0,1.0,1.0,54.0,64.0,0.0,0.1666666388888935,7.2857132448981075,60.0,2026-02-12,0
2026-02-12 19:11:28.451,29.0,9.0,2.0,31.0,10.0,16.0,3.0,6.0,57.0,80.0,0.3461538328402372,1.269230720414203,0.4915254153978743,106.0,2026-02-12,1
2026-02-12 19:11:29.462,8.0,1.0,13.0,4.0,1.0,2.0,1.0,0.0,50.0,87.0,0.3333332222222592,5.666664777778407,0.399999980000001,30.0,2026-02-12,1
2026-02-12 19:11:30.468,13.0,3.0,1.0,4.0,1.0,2.0,0.0,0.0,40.0,75.0,0.9999996666667778,1.666666111111296,1.6249997968750256,24.0,2026-02-12,1
2026-02-12 19:11:31.471,12.0,0.0,4.0,1.0,1.0,2.0,0.0,0.0,23.0,93.0,0.0,1.666666111111296,1.4999998125000236,20.0,2026-02-12,1
2026-02-12 19:11:32.481,25.0,1.0,1.0,2.0,4.0,12.0,3.0,3.0,43.0,78.0,0.0624999960937502,0.1874999882812507,1.3157894044321363,51.0,2026-02-12,0
2026-02-12 19:11:33.495,6.0,0.0,0.0,3.0,2.0,4.0,0.0,0.0,66.0,61.0,0.0,0.4999999166666805,0.6666665925926009,15.0,2026-02-12,0
2026-02-12 19:11:34.507,4.0,1.0,0.0,1.0,0.0,1.0,0.0,1.0,69.0,57.0,0.999999000001,0.999999000001,1.9999990000005,8.0,2026-02-12,0
2026-02-12 19:11:35.522,17.0,7.0,18.0,21.0,9.0,7.0,2.0,3.0,57.0,53.0,0.4374999726562517,2.4374998476562597,0.3090909034710745,84.0,2026-02-12,0
2026-02-12 19:11:36.529,2.0,3.0,6.0,2.0,3.0,1.0,0.0,1.0,21.0,64.0,0.7499998125000469,1.999999500000125,0.1666666527777789,18.0,2026-02-12,1
2026-02-12 19:11:37.537,12.0,4.0,12.0,22.0,9.0,11.0,7.0,7.0,10.0,70.0,0.1999999900000005,1.6999999150000042,0.2222222181069959,84.0,2026-02-12,1
2026-02-12 19:11:38.544,4.0,0.0,2.0,0.0,0.0,1.0,0.0,0.0,13.0,88.0,0.0,1.999998000002,1.333332888889037,7.0,2026-02-12,1
2026-02-12 19:11:39.551,31.0,16.0,15.0,4.0,6.0,5.0,2.0,3.0,3.0,75.0,1.4545453223140616,1.7272725702479483,1.03333329888889,82.0,2026-02-12,1
2026-02-12 19:11:40.557,20.0,8.0,12.0,5.0,6.0,7.0,4.0,9.0,11.0,70.0,0.615384568047341,1.3076922071005996,0.6666666444444451,71.0,2026-02-12,1
2026-02-12 19:11:41.565,43.0,2.0,2.0,12.0,1.0,15.0,1.0,5.0,26.0,69.0,0.1249999921875004,0.8749999453125034,1.4333332855555572,81.0,2026-02-12,0
2026-02-12 19:11:42.570,27.0,12.0,6.0,3.0,5.0,20.0,3.0,6.0,30.0,50.0,0.4799999808000007,0.3599999856000005,0.7941176237024229,82.0,2026-02-12,1
2026-02-12 19:11:43.579,39.0,3.0,9.0,6.0,3.0,6.0,1.0,1.0,50.0,63.0,0.3333332962963004,1.6666664814815022,1.6249999322916695,68.0,2026-02-12,0
2026-02-12 19:11:44.583,65.0,19.0,4.0,68.0,13.0,50.0,7.0,14.0,63.0,64.0,0.3015872968002016,1.1428571247165535,0.481481477914952,240.0,2026-02-12,0
2026-02-12 19:11:45.591,53.0,40.0,12.0,15.0,19.0,41.0,24.0,34.0,47.0,44.0,0.6666666555555558,0.4499999925000001,0.6091953952966047,238.0,2026-02-12,0
2026-02-12 19:11:46.600,4.0,2.0,7.0,12.0,6.0,8.0,2.0,2.0,44.0,64.0,0.1428571326530619,1.3571427602040886,0.1212121175390267,43.0,2026-02-12,0
2026-02-12 19:11:47.606,14.0,4.0,11.0,15.0,26.0,61.0,3.0,9.0,66.0,56.0,0.0459770109657814,0.2988505712775796,0.1238938042133291,143.0,2026-02-12,0
2026-02-12 19:11:48.619,3.0,0.0,0.0,1.0,0.0,0.0,0.0,0.0,57.0,53.0,0.0,1000000.0,2.9999970000030003,4.0,2026-02-12,0
2026-02-12 19:11:49.628,3.0,2.0,1.0,1.0,0.0,1.0,0.0,0.0,51.0,61.0,1.999998000002,1.999998000002,0.9999996666667778,8.0,2026-02-12,0
2026-02-12 19:11:50.638,54.0,2.0,8.0,8.0,3.0,8.0,5.0,1.0,51.0,63.0,0.1818181652892577,1.4545453223140616,1.999999925925929,89.0,2026-02-12,0
2026-02-12 19:11:51.646,17.0,2.0,0.0,8.0,5.0,3.0,1.0,1.0,27.0,63.0,0.2499999687500039,0.9999998750000156,1.0624999335937542,37.0,2026-02-12,0
2026-02-12 19:11:52.652,0.0,0.0,0.0,0.0,0.0,1.0,0.0,0.0,41.0,56.0,0.0,0.0,0.0,1.0,2026-02-12,0
2026-02-12 19:11:53.662,64.0,5.0,2.0,24.0,11.0,33.0,7.0,14.0,61.0,61.0,0.113636361053719,0.5909090774793392,0.91428570122449,160.0,2026-02-12,0
2026-02-12 19:11:54.668,28.0,26.0,10.0,17.0,19.0,33.0,9.0,18.0,60.0,43.0,0.4999999903846155,0.5192307592455624,0.354430375260375,160.0,2026-02-12,0
2026-02-12 19:11:55.673,5.0,2.0,5.0,5.0,6.0,19.0,0.0,2.0,77.0,41.0,0.0799999968000001,0.3999999840000006,0.1428571387755103,44.0,2026-02-12,0
2026-02-12 19:11:56.683,23.0,3.0,17.0,45.0,21.0,20.0,7.0,13.0,70.0,63.0,0.0731707299226651,1.5121950850684127,0.2233009687058158,149.0,2026-02-12,0
2026-02-12 19:11:57.691,1.0,0.0,0.0,1.0,0.0,0.0,0.0,0.0,74.0,75.0,0.0,1000000.0,0.999999000001,2.0,2026-02-12,0
2026-02-12 19:11:58.702,1.0,0.0,0.0,1.0,0.0,0.0,0.0,0.0,74.0,75.0,0.0,1000000.0,0.999999000001,2.0,2026-02-12,0
2026-02-12 19:11:59.710,2.0,7.0,6.0,5.0,4.0,4.0,1.0,0.0,63.0,57.0,0.8749998906250137,1.3749998281250215,0.1052631523545709,29.0,2026-02-12,0
2026-02-12 19:12:00.718,29.0,6.0,0.0,4.0,5.0,9.0,1.0,0.0,51.0,43.0,0.4285713979591858,0.2857142653061239,1.6111110216049431,54.0,2026-02-12,0
2026-02-12 19:12:01.728,21.0,0.0,0.0,0.0,2.0,1.0,0.0,0.0,51.0,37.0,0.0,0.0,6.999997666667444,24.0,2026-02-12,0
2026-02-12 19:12:02.737,27.0,0.0,2.0,0.0,2.0,2.0,0.0,0.0,37.0,38.0,0.0,0.4999998750000312,4.4999992500001245,33.0,2026-02-12,0
2026-02-12 19:12:03.743,6.0,3.0,7.0,0.0,2.0,5.0,1.0,1.0,44.0,44.0,0.4285713673469475,0.9999998571428776,0.4285713979591858,25.0,2026-02-12,0
2026-02-12 19:12:04.756,16.0,2.0,2.0,4.0,13.0,2.0,1.0,1.0,37.0,51.0,0.133333324444445,0.3999999733333351,0.7619047256235845,41.0,2026-02-12,0
2026-02-12 19:12:05.761,46.0,25.0,17.0,1.0,10.0,28.0,7.0,8.0,30.0,44.0,0.6578947195290864,0.4736841980609422,0.8214285567602044,142.0,2026-02-12,1
2026-02-12 19:12:06.769,47.0,31.0,19.0,4.0,6.0,5.0,3.0,2.0,10.0,35.0,2.8181815619834945,2.090908900826464,1.3823529005190325,117.0,2026-02-12,1
2026-02-12 19:12:07.776,23.0,3.0,2.0,10.0,3.0,5.0,0.0,1.0,13.0,37.0,0.3749999531250059,1.4999998125000236,1.149999942500003,47.0,2026-02-12,1
2026-02-12 19:12:08.778,65.0,11.0,5.0,3.0,7.0,6.0,3.0,2.0,14.0,29.0,0.8461537810650938,0.615384568047341,3.095237947845812,102.0,2026-02-12,1
2026-02-12 19:12:09.789,11.0,1.0,2.0,2.0,2.0,3.0,1.0,0.0,23.0,38.0,0.199999960000008,0.799999840000032,1.2222220864197684,22.0,2026-02-12,0
2026-02-12 19:12:10.797,0.0,1.0,1.0,2.0,2.0,1.0,1.0,1.0,37.0,48.0,0.3333332222222592,0.9999996666667778,0.0,9.0,2026-02-12,0
2026-02-12 19:12:11.803,4.0,4.0,7.0,12.0,3.0,5.0,3.0,3.0,34.0,50.0,0.4999999375000079,2.374999703125037,0.1481481426611799,41.0,2026-02-12,1
2026-02-12 19:12:12.808,15.0,2.0,6.0,2.0,3.0,9.0,1.0,2.0,50.0,64.0,0.1666666527777789,0.6666666111111158,0.7499999625000018,40.0,2026-02-12,0
2026-02-12 19:12:13.816,1.0,1.0,0.0,0.0,1.0,1.0,0.0,0.0,47.0,56.0,0.499999750000125,0.0,0.499999750000125,4.0,2026-02-12,0
2026-02-12 19:12:14.818,10.0,0.0,3.0,0.0,1.0,2.0,0.0,0.0,57.0,63.0,0.0,0.9999996666667778,1.666666388888935,16.0,2026-02-12,0
2026-02-12 19:12:15.828,6.0,3.0,2.0,8.0,1.0,4.0,1.0,2.0,61.0,60.0,0.599999880000024,1.99999960000008,0.3999999733333351,27.0,2026-02-12,0
2026-02-12 19:12:16.843,38.0,2.0,5.0,1.0,6.0,9.0,1.0,2.0,61.0,56.0,0.133333324444445,0.3999999733333351,1.809523723356013,64.0,2026-02-12,0
2026-02-12 19:12:17.847,2.0,1.0,8.0,1.0,1.0,1.0,3.0,2.0,54.0,80.0,0.499999750000125,4.499997750001125,0.1818181652892577,19.0,2026-02-12,0
2026-02-12 19:12:18.850,14.0,10.0,4.0,1.0,3.0,9.0,1.0,2.0,47.0,60.0,0.8333332638888947,0.4166666319444473,0.8235293633218022,44.0,2026-02-12,0
2026-02-12 19:12:19.858,51.0,4.0,5.0,7.0,0.0,5.0,0.0,4.0,43.0,63.0,0.799999840000032,2.399999520000096,2.999999823529422,76.0,2026-02-12,0
2026-02-12 19:12:20.872,2.0,4.0,3.0,1.0,3.0,3.0,1.0,2.0,26.0,56.0,0.6666665555555741,0.6666665555555741,0.199999980000002,19.0,2026-02-12,0
2026-02-12 19:12:21.875,1.0,3.0,1.0,6.0,2.0,9.0,1.0,5.0,44.0,41.0,0.2727272479338866,0.636363578512402,0.0555555524691359,28.0,2026-02-12,0
2026-02-12 19:12:22.879,2.0,4.0,2.0,5.0,2.0,10.0,1.0,3.0,53.0,51.0,0.3333333055555579,0.5833332847222263,0.1052631523545709,29.0,2026-02-12,0
2026-02-12 19:12:23.894,2.0,2.0,2.0,1.0,1.0,5.0,1.0,3.0,63.0,40.0,0.333333277777787,0.4999999166666805,0.2222221975308669,17.0,2026-02-12,0
2026-02-12 19:12:24.900,3.0,4.0,3.0,10.0,3.0,2.0,3.0,1.0,57.0,50.0,0.799999840000032,2.599999480000104,0.1666666574074079,29.0,2026-02-12,0
2026-02-12 19:12:25.907,5.0,3.0,0.0,2.0,1.0,3.0,0.0,0.0,48.0,41.0,0.7499998125000469,0.4999998750000312,0.8333331944444675,14.0,2026-02-12,1
2026-02-12 19:12:26.914,6.0,3.0,0.0,3.0,12.0,10.0,3.0,3.0,54.0,34.0,0.1363636301652895,0.1363636301652895,0.2399999904000003,40.0,2026-02-12,0
2026-02-12 19:12:27.919,28.0,100.0,34.0,96.0,100.0,59.0,100.0,100.0,40.0,34.0,0.6289308136545232,0.8176100577508801,0.0968858128135439,617.0,2026-02-12,0
2026-02-12 19:12:28.926,28.0,4.0,2.0,2.0,4.0,10.0,4.0,3.0,57.0,17.0,0.2857142653061239,0.2857142653061239,1.5555554691358071,57.0,2026-02-12,0
2026-02-12 19:12:29.935,19.0,2.0,6.0,5.0,1.0,5.0,1.0,4.0,61.0,37.0,0.333333277777787,1.8333330277778288,1.1176469930795885,43.0,2026-02-12,0
2026-02-12 19:12:30.942,25.0,3.0,6.0,3.0,5.0,11.0,1.0,2.0,56.0,48.0,0.1874999882812507,0.5624999648437522,0.9999999600000016,56.0,2026-02-12,0
2026-02-12 19:12:31.947,1.0,2.0,2.0,5.0,2.0,9.0,1.0,4.0,75.0,56.0,0.1818181652892577,0.636363578512402,0.0555555524691359,26.0,2026-02-12,0
2026-02-12 19:12:32.948,6.0,1.0,14.0,4.0,3.0,4.0,1.0,3.0,64.0,83.0,0.1428571224489825,2.571428204081685,0.2399999904000003,36.0,2026-02-12,0
2026-02-12 19:12:33.953,0.0,3.0,5.0,1.0,1.0,4.0,1.0,5.0,63.0,75.0,0.599999880000024,1.199999760000048,0.0,20.0,2026-02-12,0
2026-02-12 19:12:34.960,3.0,0.0,1.0,5.0,1.0,0.0,0.0,0.0,44.0,87.0,0.0,5.999994000006001,0.4285713673469475,10.0,2026-02-12,0
2026-02-12 19:12:35.962,2.0,0.0,1.0,1.0,6.0,10.0,1.0,3.0,57.0,77.0,0.0,0.1249999921875004,0.1111111049382719,24.0,2026-02-12,0
2026-02-12 19:12:36.973,0.0,1.0,1.0,0.0,2.0,6.0,0.0,3.0,69.0,51.0,0.1249999843750019,0.1249999843750019,0.0,13.0,2026-02-12,0
2026-02-12 19:12:37.987,3.0,2.0,3.0,2.0,2.0,7.0,0.0,1.0,75.0,50.0,0.2222221975308669,0.5555554938271674,0.2142856989795929,20.0,2026-02-12,0
2026-02-12 19:12:38.988,1.0,2.0,3.0,2.0,1.0,4.0,0.0,4.0,84.0,38.0,0.399999920000016,0.99999980000004,0.099999990000001,17.0,2026-02-12,0
2026-02-12 19:12:40.001,2.0,1.0,0.0,2.0,1.0,4.0,0.0,1.0,70.0,44.0,0.199999960000008,0.399999920000016,0.285714244897965,11.0,2026-02-12,0
2026-02-12 19:12:41.012,6.0,1.0,0.0,1.0,0.0,2.0,0.0,1.0,67.0,44.0,0.499999750000125,0.499999750000125,1.9999993333335555,11.0,2026-02-12,0
2026-02-12 19:12:42.018,3.0,0.0,0.0,0.0,0.0,0.0,0.0,0.0,60.0,43.0,0.0,0.0,3000000.0,3.0,2026-02-12,0
2026-02-12 19:12:43.020,0.0,1.0,0.0,5.0,0.0,9.0,1.0,1.0,74.0,50.0,0.1111110987654334,0.5555554938271674,0.0,17.0,2026-02-12,0
2026-02-12 19:12:44.030,1.0,2.0,4.0,2.0,2.0,8.0,1.0,2.0,70.0,53.0,0.199999980000002,0.599999940000006,0.0624999960937502,22.0,2026-02-12,0
2026-02-12 19:12:45.045,0.0,0.0,0.0,1.0,1.0,7.0,1.0,3.0,81.0,53.0,0.0,0.1249999843750019,0.0,13.0,2026-02-12,0
2026-02-12 19:12:46.059,2.0,0.0,1.0,3.0,1.0,9.0,1.0,2.0,100.0,61.0,0.0,0.399999960000004,0.1428571326530619,19.0,2026-02-12,0
2026-02-12 19:12:47.069,1.0,0.0,1.0,1.0,0.0,4.0,0.0,1.0,100.0,61.0,0.0,0.4999998750000312,0.1666666388888935,8.0,2026-02-12,0
2026-02-12 19:12:48.078,0.0,0.0,4.0,2.0,1.0,3.0,1.0,4.0,100.0,78.0,0.0,1.4999996250000938,0.0,15.0,2026-02-12,0
2026-02-12 19:12:49.093,0.0,0.0,2.0,0.0,1.0,4.0,2.0,2.0,93.0,83.0,0.0,0.399999920000016,0.0,11.0,2026-02-12,0
2026-02-12 19:12:50.099,0.0,3.0,1.0,1.0,2.0,10.0,2.0,3.0,87.0,63.0,0.2499999791666684,0.1666666527777789,0.0,22.0,2026-02-12,0
2026-02-12 19:12:51.113,1.0,0.0,1.0,2.0,1.0,4.0,1.0,4.0,84.0,63.0,0.0,0.599999880000024,0.1249999843750019,14.0,2026-02-12,0
2026-02-12 19:12:52.115,2.0,4.0,9.0,6.0,5.0,3.0,1.0,3.0,67.0,50.0,0.4999999375000079,1.8749997656250292,0.0869565179584122,33.0,2026-02-12,0
2026-02-12 19:12:53.124,2.0,0.0,0.0,0.0,0.0,3.0,0.0,1.0,69.0,48.0,0.0,0.0,0.6666664444445185,6.0,2026-02-12,0
2026-02-12 19:12:54.133,1.0,0.0,1.0,1.0,3.0,11.0,1.0,2.0,80.0,57.0,0.0,0.1428571326530619,0.0624999960937502,20.0,2026-02-12,0
2026-02-12 19:12:55.142,1.0,1.0,0.0,1.0,2.0,4.0,1.0,1.0,78.0,43.0,0.1666666388888935,0.1666666388888935,0.1428571224489825,11.0,2026-02-12,0
2026-02-12 19:12:56.146,4.0,7.0,6.0,3.0,2.0,18.0,0.0,2.0,94.0,34.0,0.3499999825000008,0.4499999775000011,0.1379310297265162,42.0,2026-02-12,0
2026-02-12 19:12:57.157,0.0,1.0,4.0,1.0,2.0,3.0,1.0,2.0,84.0,44.0,0.199999960000008,0.99999980000004,0.0,14.0,2026-02-12,0
2026-02-12 19:12:58.163,2.0,0.0,2.0,1.0,2.0,11.0,0.0,2.0,84.0,48.0,0.0,0.2307692130177528,0.1249999921875004,20.0,2026-02-12,0
2026-02-12 19:12:59.169,0.0,0.0,0.0,2.0,0.0,3.0,0.0,0.0,81.0,64.0,0.0,0.6666664444445185,0.0,5.0,2026-02-12,0
2026-02-12 19:13:00.175,4.0,5.0,1.0,8.0,4.0,5.0,1.0,2.0,74.0,67.0,0.5555554938271674,0.9999998888889012,0.2222222098765439,30.0,2026-02-12,0
2026-02-12 19:13:01.190,0.0,0.0,0.0,0.0,0.0,8.0,1.0,1.0,90.0,51.0,0.0,0.0,0.0,10.0,2026-02-12,0
2026-02-12 19:13:02.205,1.0,3.0,0.0,1.0,1.0,3.0,0.0,1.0,67.0,40.0,0.7499998125000469,0.2499999375000156,0.199999960000008,10.0,2026-02-12,0
2026-02-12 19:13:03.218,9.0,2.0,0.0,0.0,1.0,1.0,0.0,0.0,50.0,16.0,0.99999950000025,0.0,4.499997750001125,13.0,2026-02-12,0
2026-02-12 19:13:04.233,0.0,0.0,0.0,0.0,4.0,4.0,2.0,4.0,74.0,8.0,0.0,0.0,0.0,14.0,2026-02-12,0
2026-02-12 19:13:05.248,1.0,0.0,4.0,2.0,5.0,7.0,3.0,2.0,67.0,24.0,0.0,0.4999999583333368,0.0555555524691359,24.0,2026-02-12,0
2026-02-12 19:13:06.254,2.0,3.0,2.0,1.0,6.0,5.0,1.0,2.0,74.0,26.0,0.2727272479338866,0.2727272479338866,0.1428571326530619,22.0,2026-02-12,0
2026-02-12 19:13:07.262,2.0,2.0,3.0,4.0,6.0,5.0,1.0,1.0,84.0,47.0,0.1818181652892577,0.636363578512402,0.1111111049382719,24.0,2026-02-12,0
2026-02-12 19:13:08.272,0.0,0.0,1.0,4.0,2.0,9.0,0.0,4.0,81.0,61.0,0.0,0.4545454132231443,0.0,20.0,2026-02-12,0
2026-02-12 19:13:09.276,1.0,0.0,0.0,0.0,0.0,0.0,0.0,1.0,70.0,61.0,0.0,0.0,1000000.0,2.0,2026-02-12,0
2026-02-12 19:13:10.286,0.0,1.0,2.0,1.0,4.0,3.0,0.0,3.0,67.0,66.0,0.1428571224489825,0.4285713673469475,0.0,14.0,2026-02-12,0
2026-02-12 19:13:11.291,0.0,0.0,2.0,3.0,4.0,2.0,0.0,2.0,63.0,69.0,0.0,0.8333331944444675,0.0,13.0,2026-02-12,0
2026-02-12 19:13:12.299,0.0,0.0,2.0,3.0,4.0,3.0,1.0,1.0,54.0,70.0,0.0,0.7142856122449125,0.0,14.0,2026-02-12,0
2026-02-12 19:13:13.307,1.0,0.0,2.0,2.0,0.0,2.0,0.0,0.0,60.0,83.0,0.0,1.9999990000005,0.1666666388888935,7.0,2026-02-12,0
2026-02-12 19:13:14.323,1.0,4.0,1.0,0.0,1.0,7.0,3.0,5.0,81.0,60.0,0.4999999375000079,0.1249999843750019,0.1111110987654334,22.0,2026-02-12,0
2026-02-12 19:13:15.339,5.0,7.0,1.0,3.0,2.0,4.0,1.0,6.0,67.0,41.0,1.1666664722222546,0.6666665555555741,0.499999950000005,29.0,2026-02-12,0
2026-02-12 19:13:16.346,2.0,2.0,5.0,1.0,2.0,9.0,1.0,3.0,67.0,23.0,0.1818181652892577,0.5454544958677732,0.1176470519031145,25.0,2026-02-12,0
2026-02-12 19:13:17.354,1.0,0.0,2.0,2.0,1.0,6.0,3.0,2.0,63.0,37.0,0.0,0.57142848979593,0.0909090826446288,17.0,2026-02-12,0
2026-02-12 19:13:18.362,1.0,0.0,0.0,1.0,2.0,3.0,2.0,1.0,75.0,43.0,0.0,0.199999960000008,0.1666666388888935,10.0,2026-02-12,0
2026-02-12 19:13:19.369,3.0,1.0,1.0,2.0,2.0,5.0,2.0,1.0,91.0,57.0,0.1428571224489825,0.4285713673469475,0.299999970000003,17.0,2026-02-12,0
2026-02-12 19:13:20.381,6.0,1.0,6.0,5.0,3.0,6.0,1.0,2.0,84.0,64.0,0.1111110987654334,1.2222220864197684,0.2999999850000007,30.0,2026-02-12,0
2026-02-12 19:13:21.396,5.0,2.0,2.0,2.0,3.0,8.0,1.0,2.0,83.0,54.0,0.1818181652892577,0.3636363305785154,0.3333333111111126,25.0,2026-02-12,0
2026-02-12 19:13:22.406,2.0,1.0,0.0,2.0,5.0,13.0,0.0,2.0,87.0,51.0,0.0555555524691359,0.1111111049382719,0.0999999950000002,25.0,2026-02-12,0
2026-02-12 19:13:23.407,3.0,3.0,1.0,1.0,7.0,6.0,1.0,1.0,81.0,35.0,0.2307692130177528,0.1538461420118352,0.1999999866666675,23.0,2026-02-12,0
2026-02-12 19:13:24.422,1.0,1.0,5.0,3.0,3.0,9.0,1.0,3.0,87.0,35.0,0.0833333263888894,0.6666666111111158,0.0499999975000001,26.0,2026-02-12,0
2026-02-12 19:13:25.438,0.0,1.0,1.0,3.0,2.0,23.0,1.0,2.0,100.0,34.0,0.0399999984,0.1599999936000002,0.0,33.0,2026-02-12,0
2026-02-12 19:13:26.442,3.0,1.0,3.0,2.0,1.0,4.0,1.0,1.0,83.0,48.0,0.199999960000008,0.99999980000004,0.299999970000003,16.0,2026-02-12,0
2026-02-12 19:13:27.443,1.0,0.0,6.0,2.0,4.0,6.0,1.0,2.0,84.0,75.0,0.0,0.7999999200000081,0.0555555524691359,22.0,2026-02-12,0
2026-02-12 19:13:28.445,0.0,2.0,0.0,2.0,2.0,3.0,2.0,3.0,75.0,60.0,0.399999920000016,0.399999920000016,0.0,14.0,2026-02-12,0
2026-02-12 19:13:29.452,0.0,1.0,1.0,3.0,1.0,3.0,2.0,2.0,54.0,67.0,0.2499999375000156,0.9999997500000624,0.0,13.0,2026-02-12,0
2026-02-12 19:13:30.461,0.0,1.0,2.0,1.0,1.0,2.0,4.0,2.0,51.0,64.0,0.3333332222222592,0.9999996666667778,0.0,13.0,2026-02-12,0
2026-02-12 19:13:31.466,0.0,0.0,1.0,0.0,0.0,4.0,1.0,1.0,57.0,54.0,0.0,0.2499999375000156,0.0,7.0,2026-02-12,0
2026-02-12 19:13:32.471,0.0,0.0,0.0,0.0,1.0,3.0,0.0,3.0,75.0,61.0,0.0,0.0,0.0,7.0,2026-02-12,0
2026-02-12 19:13:33.478,0.0,0.0,2.0,3.0,0.0,2.0,1.0,1.0,75.0,70.0,0.0,2.499998750000625,0.0,9.0,2026-02-12,0
2026-02-12 19:13:34.489,0.0,0.0,0.0,1.0,0.0,3.0,0.0,2.0,84.0,75.0,0.0,0.3333332222222592,0.0,6.0,2026-02-12,0
2026-02-12 19:13:35.504,0.0,0.0,0.0,0.0,1.0,2.0,1.0,1.0,90.0,74.0,0.0,0.0,0.0,5.0,2026-02-12,0
2026-02-12 19:13:36.506,0.0,0.0,0.0,0.0,2.0,5.0,2.0,2.0,94.0,66.0,0.0,0.0,0.0,11.0,2026-02-12,0
2026-02-12 19:13:37.519,1.0,2.0,1.0,1.0,1.0,3.0,1.0,5.0,91.0,50.0,0.4999998750000312,0.4999998750000312,0.1666666388888935,15.0,2026-02-12,0
2026-02-12 19:13:38.527,0.0,0.0,1.0,2.0,3.0,3.0,2.0,1.0,84.0,48.0,0.0,0.4999999166666805,0.0,12.0,2026-02-12,0
2026-02-12 19:13:39.533,0.0,1.0,0.0,5.0,7.0,4.0,0.0,1.0,75.0,47.0,0.0909090826446288,0.4545454132231443,0.0,18.0,2026-02-12,0
2026-02-12 19:13:40.548,0.0,1.0,0.0,1.0,3.0,1.0,1.0,2.0,50.0,48.0,0.2499999375000156,0.2499999375000156,0.0,9.0,2026-02-12,0
2026-02-12 19:13:41.555,2.0,0.0,0.0,0.0,0.0,1.0,0.0,0.0,60.0,43.0,0.0,0.0,1.999998000002,3.0,2026-02-12,0
2026-02-12 19:13:42.559,10.0,0.0,4.0,0.0,7.0,3.0,0.0,3.0,57.0,41.0,0.0,0.399999960000004,0.7142856632653098,27.0,2026-02-12,0
2026-02-12 19:13:43.564,3.0,1.0,0.0,0.0,4.0,1.0,0.0,1.0,48.0,26.0,0.199999960000008,0.0,0.599999880000024,10.0,2026-02-12,0
2026-02-12 19:13:44.573,18.0,19.0,2.0,6.0,8.0,11.0,13.0,13.0,44.0,16.0,0.9999999473684238,0.4210526094182837,0.6666666419753096,90.0,2026-02-12,0
2026-02-12 19:13:45.582,0.0,0.0,5.0,1.0,2.0,4.0,1.0,1.0,40.0,35.0,0.0,0.9999998333333612,0.0,14.0,2026-02-12,0
2026-02-12 19:13:46.585,4.0,1.0,3.0,1.0,1.0,6.0,1.0,2.0,41.0,34.0,0.1428571224489825,0.57142848979593,0.3636363305785154,19.0,2026-02-12,0
2026-02-12 19:13:47.593,6.0,2.0,7.0,0.0,2.0,3.0,4.0,2.0,44.0,56.0,0.399999920000016,1.399999720000056,0.4999999583333368,26.0,2026-02-12,0
2026-02-12 19:13:48.600,0.0,0.0,1.0,1.0,1.0,4.0,1.0,4.0,60.0,78.0,0.0,0.399999920000016,0.0,12.0,2026-02-12,0
2026-02-12 19:13:49.608,0.0,0.0,0.0,1.0,0.0,6.0,2.0,3.0,77.0,66.0,0.0,0.1666666388888935,0.0,12.0,2026-02-12,0
2026-02-12 19:13:50.620,0.0,1.0,2.0,6.0,10.0,10.0,0.0,1.0,80.0,66.0,0.0499999975000001,0.399999980000001,0.0,30.0,2026-02-12,0
2026-02-12 19:13:51.630,2.0,1.0,3.0,1.0,3.0,1.0,3.0,3.0,75.0,64.0,0.2499999375000156,0.9999997500000624,0.2499999687500039,17.0,2026-02-12,0
2026-02-12 19:13:52.638,1.0,6.0,1.0,3.0,2.0,2.0,2.0,1.0,53.0,50.0,1.4999996250000938,0.9999997500000624,0.1249999843750019,18.0,2026-02-12,0
2026-02-12 19:13:53.643,38.0,5.0,8.0,6.0,2.0,11.0,1.0,2.0,34.0,51.0,0.3846153550295881,1.0769229940828466,1.407407355281209,73.0,2026-02-12,1
2026-02-12 19:13:54.653,23.0,6.0,4.0,7.0,7.0,2.0,1.0,3.0,11.0,50.0,0.6666665925926009,1.2222220864197684,1.149999942500003,53.0,2026-02-12,1
2026-02-12 19:13:55.659,22.0,1.0,2.0,9.0,5.0,5.0,2.0,4.0,20.0,51.0,0.099999990000001,1.099999890000011,1.0476189977324286,50.0,2026-02-12,0
2026-02-12 19:13:56.670,4.0,1.0,1.0,1.0,0.0,2.0,0.0,1.0,34.0,61.0,0.499999750000125,0.99999950000025,0.9999997500000624,10.0,2026-02-12,1
2026-02-12 19:13:57.681,2.0,0.0,0.0,0.0,0.0,2.0,0.0,0.0,44.0,57.0,0.0,0.0,0.99999950000025,4.0,2026-02-12,0
2026-02-12 19:13:58.703,2.0,0.0,0.0,0.0,1.0,3.0,0.0,0.0,66.0,41.0,0.0,0.0,0.4999998750000312,6.0,2026-02-12,0
2026-02-12 19:13:59.705,0.0,3.0,5.0,4.0,4.0,6.0,1.0,2.0,66.0,40.0,0.299999970000003,0.8999999100000091,0.0,25.0,2026-02-12,0
2026-02-12 19:14:00.709,26.0,7.0,1.0,2.0,4.0,5.0,1.0,2.0,61.0,21.0,0.7777776913580343,0.3333332962963004,2.166666486111126,48.0,2026-02-12,0
2026-02-12 19:14:01.717,9.0,0.0,0.0,2.0,3.0,3.0,0.0,3.0,56.0,23.0,0.0,0.333333277777787,1.1249998593750177,20.0,2026-02-12,0
2026-02-12 19:14:02.729,1.0,2.0,5.0,4.0,2.0,3.0,0.0,2.0,43.0,47.0,0.399999920000016,1.799999640000072,0.0714285663265309,19.0,2026-02-12,0
2026-02-12 19:14:03.737,3.0,3.0,5.0,5.0,5.0,5.0,2.0,2.0,41.0,47.0,0.299999970000003,0.99999990000001,0.1499999925000003,30.0,2026-02-12,0
2026-02-12 19:14:04.747,3.0,7.0,3.0,10.0,2.0,3.0,1.0,2.0,35.0,63.0,1.399999720000056,2.599999480000104,0.1666666574074079,31.0,2026-02-12,0
2026-02-12 19:14:05.758,3.0,2.0,13.0,6.0,6.0,4.0,3.0,2.0,21.0,75.0,0.199999980000002,1.899999810000019,0.1034482722948871,39.0,2026-02-12,0
2026-02-12 19:14:06.768,0.0,1.0,8.0,9.0,6.0,7.0,1.0,2.0,24.0,81.0,0.0769230710059176,1.3076922071005996,0.0,34.0,2026-02-12,0
2026-02-12 19:14:07.774,2.0,1.0,0.0,0.0,1.0,2.0,0.0,0.0,34.0,63.0,0.3333332222222592,0.0,0.6666664444445185,6.0,2026-02-12,0
2026-02-12 19:14:08.785,3.0,4.0,3.0,4.0,1.0,3.0,1.0,1.0,37.0,64.0,0.9999997500000624,1.7499995625001092,0.2727272479338866,20.0,2026-02-12,0
2026-02-12 19:14:09.786,2.0,3.0,1.0,7.0,4.0,5.0,4.0,1.0,43.0,51.0,0.3333332962963004,0.8888887901234679,0.1176470519031145,27.0,2026-02-12,0
2026-02-12 19:14:10.801,0.0,2.0,2.0,3.0,1.0,4.0,1.0,1.0,43.0,41.0,0.399999920000016,0.99999980000004,0.0,14.0,2026-02-12,0
2026-02-12 19:14:11.806,0.0,2.0,1.0,0.0,1.0,8.0,0.0,1.0,47.0,48.0,0.2222221975308669,0.1111110987654334,0.0,13.0,2026-02-12,0
2026-02-12 19:14:12.810,18.0,2.0,7.0,8.0,3.0,9.0,1.0,3.0,60.0,57.0,0.1666666527777789,1.249999895833342,0.6666666419753096,51.0,2026-02-12,0
2026-02-12 19:14:13.822,1.0,1.0,0.0,1.0,3.0,3.0,1.0,2.0,64.0,51.0,0.1666666388888935,0.1666666388888935,0.1428571224489825,12.0,2026-02-12,0
2026-02-12 19:14:14.834,46.0,2.0,7.0,8.0,5.0,18.0,3.0,4.0,74.0,56.0,0.0869565179584122,0.6521738846880919,1.210526283933519,93.0,2026-02-12,0
2026-02-12 19:14:15.840,1.0,7.0,2.0,4.0,4.0,6.0,0.0,2.0,57.0,56.0,0.699999930000007,0.599999940000006,0.0624999960937502,26.0,2026-02-12,0
2026-02-12 19:14:16.847,1.0,3.0,6.0,1.0,2.0,10.0,2.0,1.0,60.0,47.0,0.2499999791666684,0.5833332847222263,0.0526315761772854,26.0,2026-02-12,0
2026-02-12 19:14:17.854,2.0,10.0,1.0,5.0,10.0,11.0,1.0,3.0,53.0,38.0,0.4761904535147402,0.2857142721088441,0.0740740713305899,43.0,2026-02-12,0
2026-02-12 19:14:18.865,4.0,4.0,3.0,1.0,4.0,2.0,3.0,1.0,37.0,26.0,0.6666665555555741,0.6666665555555741,0.399999960000004,22.0,2026-02-12,0
2026-02-12 19:14:19.877,0.0,2.0,5.0,9.0,1.0,4.0,1.0,2.0,37.0,44.0,0.399999920000016,2.799999440000112,0.0,24.0,2026-02-12,0
2026-02-12 19:14:20.881,7.0,3.0,10.0,10.0,2.0,4.0,0.0,2.0,23.0,56.0,0.4999999166666805,3.33333277777787,0.26923075887574,38.0,2026-02-12,1
2026-02-12 19:14:21.884,67.0,1.0,13.0,9.0,7.0,23.0,6.0,3.0,35.0,81.0,0.0333333322222222,0.7333333088888897,1.2884615136834323,129.0,2026-02-12,1
2026-02-12 19:14:22.894,1.0,2.0,2.0,5.0,8.0,6.0,0.0,2.0,47.0,88.0,0.1428571326530619,0.4999999642857168,0.047619045351474,26.0,2026-02-12,0
2026-02-12 19:14:23.902,1.0,0.0,1.0,1.0,2.0,5.0,2.0,2.0,57.0,78.0,0.0,0.285714244897965,0.1111110987654334,14.0,2026-02-12,0
2026-02-12 19:14:24.912,1.0,7.0,6.0,6.0,0.0,2.0,1.0,1.0,51.0,67.0,3.499998250000875,5.9999970000015,0.0714285663265309,24.0,2026-02-12,1
2026-02-12 19:14:25.927,20.0,7.0,3.0,4.0,2.0,15.0,1.0,1.0,44.0,50.0,0.4117646816609011,0.4117646816609011,0.8333332986111125,53.0,2026-02-12,0
2026-02-12 19:14:26.937,0.0,0.0,1.0,3.0,1.0,3.0,0.0,2.0,47.0,56.0,0.0,0.9999997500000624,0.0,10.0,2026-02-12,0
2026-02-12 19:14:27.941,0.0,0.0,0.0,3.0,4.0,3.0,1.0,2.0,47.0,53.0,0.0,0.4285713673469475,0.0,13.0,2026-02-12,0
2026-02-12 19:14:28.952,0.0,3.0,5.0,2.0,7.0,3.0,2.0,2.0,54.0,53.0,0.299999970000003,0.699999930000007,0.0,24.0,2026-02-12,0
2026-02-12 19:14:29.962,1.0,1.0,4.0,1.0,6.0,6.0,0.0,2.0,56.0,60.0,0.0833333263888894,0.4166666319444473,0.0588235259515572,21.0,2026-02-12,0
2026-02-12 19:14:30.971,1.0,1.0,1.0,1.0,4.0,6.0,2.0,1.0,51.0,51.0,0.099999990000001,0.199999980000002,0.0833333263888894,17.0,2026-02-12,0
2026-02-12 19:14:31.979,1.0,0.0,1.0,1.0,4.0,4.0,0.0,0.0,69.0,51.0,0.0,0.2499999687500039,0.099999990000001,11.0,2026-02-12,0
2026-02-12 19:14:32.990,0.0,0.0,2.0,3.0,3.0,5.0,1.0,2.0,74.0,57.0,0.0,0.6249999218750099,0.0,16.0,2026-02-12,0
2026-02-12 19:14:33.999,0.0,1.0,1.0,6.0,3.0,16.0,1.0,2.0,84.0,57.0,0.0526315761772854,0.3684210332409982,0.0,30.0,2026-02-12,0
2026-02-12 19:14:35.010,3.0,1.0,1.0,0.0,1.0,2.0,0.0,0.0,78.0,57.0,0.3333332222222592,0.3333332222222592,0.7499998125000469,8.0,2026-02-12,0
2026-02-12 19:14:36.017,2.0,1.0,1.0,2.0,0.0,1.0,0.0,0.0,60.0,66.0,0.999999000001,2.9999970000030003,0.4999998750000312,7.0,2026-02-12,0
2026-02-12 19:14:37.023,1.0,1.0,6.0,1.0,3.0,14.0,1.0,2.0,64.0,66.0,0.0588235259515572,0.4117646816609011,0.0416666649305556,29.0,2026-02-12,0
2026-02-12 19:14:38.037,0.0,2.0,1.0,3.0,3.0,3.0,0.0,1.0,50.0,61.0,0.333333277777787,0.6666665555555741,0.0,13.0,2026-02-12,0
2026-02-12 19:14:39.049,2.0,3.0,3.0,1.0,0.0,5.0,0.0,0.0,48.0,63.0,0.599999880000024,0.799999840000032,0.2222221975308669,14.0,2026-02-12,0
2026-02-12 19:14:42.079,80.0,18.0,13.0,9.0,5.0,17.0,3.0,4.0,50.0,50.0,0.8181817809917372,0.9999999545454564,1.8181817768595048,149.0,2026-02-12,0
2026-02-12 19:14:43.091,2.0,0.0,0.0,0.0,0.0,0.0,0.0,0.0,38.0,43.0,0.0,0.0,2000000.0,2.0,2026-02-12,0
2026-02-12 19:14:44.093,5.0,0.0,3.0,0.0,2.0,1.0,0.0,0.0,37.0,50.0,0.0,0.9999996666667778,0.8333331944444675,11.0,2026-02-12,0
2026-02-12 19:14:45.103,2.0,1.0,3.0,6.0,2.0,6.0,1.0,1.0,40.0,60.0,0.1249999843750019,1.1249998593750177,0.1176470519031145,22.0,2026-02-12,0
2026-02-12 19:14:46.109,9.0,2.0,1.0,4.0,2.0,4.0,1.0,2.0,47.0,66.0,0.333333277777787,0.8333331944444675,0.8181817438016598,25.0,2026-02-12,0
2026-02-12 19:14:47.117,0.0,0.0,0.0,6.0,2.0,3.0,3.0,4.0,48.0,74.0,0.0,1.199999760000048,0.0,18.0,2026-02-12,0
2026-02-12 19:14:48.120,7.0,6.0,1.0,3.0,2.0,15.0,2.0,4.0,56.0,54.0,0.3529411557093437,0.2352941038062291,0.3333333174603182,40.0,2026-02-12,0
2026-02-12 19:14:49.155,3.0,0.0,3.0,1.0,4.0,1.0,1.0,1.0,51.0,53.0,0.0,0.799999840000032,0.3333332962963004,14.0,2026-02-12,0
2026-02-12 19:14:50.167,0.0,0.0,1.0,1.0,3.0,4.0,1.0,2.0,61.0,53.0,0.0,0.285714244897965,0.0,12.0,2026-02-12,0
2026-02-12 19:14:51.169,0.0,3.0,6.0,5.0,0.0,2.0,2.0,2.0,48.0,53.0,1.499999250000375,5.499997250001375,0.0,20.0,2026-02-12,0
2026-02-12 19:14:52.174,0.0,1.0,9.0,2.0,1.0,9.0,1.0,3.0,48.0,78.0,0.099999990000001,1.099999890000011,0.0,26.0,2026-02-12,0
2026-02-12 19:14:53.180,0.0,0.0,1.0,0.0,3.0,3.0,1.0,2.0,57.0,66.0,0.0,0.1666666388888935,0.0,10.0,2026-02-12,0
2026-02-12 19:14:54.183,2.0,0.0,2.0,2.0,2.0,7.0,2.0,2.0,60.0,74.0,0.0,0.4444443950617339,0.1538461420118352,19.0,2026-02-12,0
2026-02-12 19:14:55.197,2.0,0.0,0.0,0.0,0.0,1.0,0.0,0.0,77.0,66.0,0.0,0.0,1.999998000002,3.0,2026-02-12,0
2026-02-12 19:14:56.208,0.0,1.0,4.0,5.0,5.0,10.0,1.0,3.0,81.0,61.0,0.0666666622222225,0.5999999600000027,0.0,29.0,2026-02-12,0
2026-02-12 19:14:57.210,2.0,3.0,3.0,8.0,2.0,6.0,1.0,2.0,70.0,69.0,0.3749999531250059,1.3749998281250215,0.1052631523545709,27.0,2026-02-12,0
2026-02-12 19:14:58.213,0.0,0.0,1.0,2.0,1.0,4.0,0.0,1.0,66.0,69.0,0.0,0.599999880000024,0.0,9.0,2026-02-12,0
2026-02-12 19:14:59.225,0.0,1.0,0.0,5.0,0.0,4.0,1.0,2.0,64.0,70.0,0.2499999375000156,1.249999687500078,0.0,13.0,2026-02-12,0
2026-02-12 19:15:00.242,0.0,0.0,4.0,2.0,2.0,4.0,3.0,2.0,60.0,80.0,0.0,0.9999998333333612,0.0,17.0,2026-02-12,0
2026-02-12 19:15:01.256,22.0,11.0,49.0,32.0,34.0,17.0,22.0,24.0,54.0,88.0,0.2156862702806613,1.5882352629757792,0.1666666654040404,211.0,2026-02-12,1
2026-02-12 19:15:02.271,9.0,0.0,1.0,0.0,0.0,1.0,0.0,2.0,48.0,83.0,0.0,0.999999000001,4.499997750001125,13.0,2026-02-12,1
2026-02-12 19:15:03.287,6.0,1.0,3.0,2.0,1.0,4.0,1.0,2.0,48.0,90.0,0.199999960000008,0.99999980000004,0.599999940000006,20.0,2026-02-12,0
2026-02-12 19:15:04.303,17.0,0.0,1.0,1.0,0.0,12.0,2.0,8.0,63.0,75.0,0.0,0.1666666527777789,1.2142856275510268,41.0,2026-02-12,0
2026-02-12 19:15:05.307,3.0,1.0,8.0,6.0,3.0,9.0,4.0,7.0,75.0,78.0,0.0833333263888894,1.166666569444453,0.1153846109467457,41.0,2026-02-12,0
2026-02-12 19:15:06.308,0.0,1.0,0.0,1.0,0.0,3.0,3.0,3.0,77.0,64.0,0.3333332222222592,0.3333332222222592,0.0,11.0,2026-02-12,0
2026-02-12 19:15:07.319,0.0,1.0,2.0,3.0,0.0,7.0,1.0,4.0,81.0,61.0,0.1428571224489825,0.7142856122449125,0.0,18.0,2026-02-12,0
2026-02-12 19:15:08.330,0.0,0.0,1.0,0.0,2.0,5.0,1.0,2.0,77.0,63.0,0.0,0.1428571224489825,0.0,11.0,2026-02-12,0
2026-02-12 19:15:09.334,9.0,5.0,4.0,4.0,4.0,7.0,0.0,2.0,67.0,44.0,0.4545454132231443,0.7272726611570308,0.4736841855955691,35.0,2026-02-12,0
2026-02-12 19:15:10.342,7.0,18.0,7.0,3.0,1.0,9.0,3.0,14.0,56.0,43.0,1.7999998200000182,0.99999990000001,0.3499999825000008,62.0,2026-02-12,0
2026-02-12 19:15:11.356,12.0,2.0,3.0,6.0,3.0,7.0,1.0,2.0,50.0,41.0,0.199999980000002,0.8999999100000091,0.6315789141274255,36.0,2026-02-12,0
2026-02-12 19:15:12.370,6.0,12.0,14.0,5.0,5.0,15.0,3.0,11.0,34.0,37.0,0.5999999700000015,0.9499999525000024,0.1538461499013808,71.0,2026-02-12,1
2026-02-12 19:15:13.377,2.0,6.0,6.0,6.0,8.0,4.0,1.0,5.0,26.0,40.0,0.4999999583333368,0.9999999166666736,0.0833333298611112,38.0,2026-02-12,0
2026-02-12 19:15:14.385,5.0,0.0,3.0,0.0,1.0,1.0,1.0,1.0,30.0,60.0,0.0,1.499999250000375,0.99999980000004,12.0,2026-02-12,1
2026-02-12 19:15:15.396,5.0,9.0,13.0,9.0,4.0,12.0,2.0,4.0,26.0,57.0,0.5624999648437522,1.374999914062505,0.1315789439058172,58.0,2026-02-12,1
2026-02-12 19:15:16.407,3.0,1.0,1.0,3.0,3.0,7.0,2.0,6.0,37.0,56.0,0.099999990000001,0.399999960000004,0.2142856989795929,26.0,2026-02-12,0
2026-02-12 19:15:17.411,9.0,0.0,0.0,1.0,1.0,2.0,0.0,0.0,51.0,54.0,0.0,0.3333332222222592,2.2499994375001404,13.0,2026-02-12,0
2026-02-12 19:15:18.419,8.0,3.0,14.0,4.0,7.0,10.0,1.0,3.0,54.0,53.0,0.1764705778546718,1.0588234671280312,0.2285714220408165,50.0,2026-02-12,0
2026-02-12 19:15:19.425,15.0,5.0,1.0,3.0,2.0,4.0,2.0,3.0,53.0,40.0,0.8333331944444675,0.6666665555555741,1.4999998500000151,35.0,2026-02-12,0
2026-02-12 19:15:20.427,13.0,1.0,2.0,3.0,7.0,4.0,3.0,10.0,47.0,43.0,0.0909090826446288,0.4545454132231443,0.8124999492187531,43.0,2026-02-12,0
2026-02-12 19:15:21.440,19.0,2.0,3.0,4.0,10.0,20.0,0.0,2.0,54.0,41.0,0.0666666644444445,0.2333333255555558,0.5135134996347703,60.0,2026-02-12,0
2026-02-12 19:15:22.447,0.0,4.0,9.0,8.0,5.0,10.0,1.0,4.0,56.0,41.0,0.2666666488888901,1.1333332577777828,0.0,41.0,2026-02-12,0
2026-02-12 19:15:23.448,5.0,0.0,4.0,7.0,3.0,7.0,3.0,3.0,67.0,64.0,0.0,1.099999890000011,0.2380952267573701,32.0,2026-02-12,0
2026-02-12 19:15:24.455,2.0,1.0,3.0,1.0,1.0,3.0,2.0,11.0,69.0,70.0,0.2499999375000156,0.9999997500000624,0.2499999687500039,24.0,2026-02-12,0
2026-02-12 19:15:25.463,0.0,0.0,2.0,1.0,1.0,3.0,2.0,4.0,63.0,84.0,0.0,0.7499998125000469,0.0,13.0,2026-02-12,0
2026-02-12 19:15:26.472,0.0,0.0,3.0,3.0,3.0,1.0,2.0,4.0,56.0,88.0,0.0,1.4999996250000938,0.0,16.0,2026-02-12,0
2026-02-12 19:15:27.486,1.0,2.0,3.0,4.0,0.0,10.0,1.0,3.0,57.0,80.0,0.199999980000002,0.699999930000007,0.0588235259515572,24.0,2026-02-12,0
2026-02-12 19:15:28.490,26.0,6.0,16.0,7.0,3.0,19.0,2.0,6.0,57.0,80.0,0.272727260330579,1.0454544979338865,0.5777777649382719,85.0,2026-02-12,1
2026-02-12 19:15:29.501,1.0,1.0,1.0,2.0,5.0,7.0,1.0,3.0,61.0,67.0,0.0833333263888894,0.2499999791666684,0.0666666622222225,21.0,2026-02-12,0
2026-02-12 19:15:30.512,1.0,2.0,6.0,1.0,3.0,3.0,1.0,6.0,61.0,61.0,0.333333277777787,1.1666664722222546,0.0769230710059176,23.0,2026-02-12,0
2026-02-12 19:15:31.527,22.0,0.0,2.0,0.0,3.0,5.0,2.0,5.0,64.0,60.0,0.0,0.2499999687500039,2.199999780000022,39.0,2026-02-12,0
2026-02-12 19:15:32.536,1.0,2.0,1.0,1.0,0.0,1.0,0.0,0.0,51.0,50.0,1.999998000002,1.999998000002,0.3333332222222592,6.0,2026-02-12,0
2026-02-12 19:15:33.543,15.0,12.0,7.0,4.0,7.0,15.0,2.0,11.0,40.0,44.0,0.5454545206611581,0.4999999772727282,0.4545454407713503,73.0,2026-02-12,0
2026-02-12 19:15:34.547,7.0,6.0,19.0,2.0,6.0,9.0,1.0,6.0,38.0,47.0,0.3999999733333351,1.399999906666673,0.19444443904321,56.0,2026-02-12,0
2026-02-12 19:15:35.553,0.0,1.0,0.0,0.0,8.0,7.0,1.0,4.0,38.0,23.0,0.0666666622222225,0.0,0.0,21.0,2026-02-12,0
2026-02-12 19:15:36.556,0.0,3.0,2.0,6.0,3.0,3.0,2.0,2.0,44.0,29.0,0.4999999166666805,1.3333331111111482,0.0,21.0,2026-02-12,0
2026-02-12 19:15:37.561,0.0,2.0,2.0,3.0,1.0,4.0,2.0,1.0,47.0,43.0,0.399999920000016,0.99999980000004,0.0,15.0,2026-02-12,0
2026-02-12 19:15:38.563,0.0,0.0,2.0,8.0,2.0,4.0,4.0,4.0,54.0,51.0,0.0,1.666666388888935,0.0,24.0,2026-02-12,0
2026-02-12 19:15:39.575,2.0,1.0,3.0,3.0,1.0,8.0,0.0,3.0,50.0,80.0,0.1111110987654334,0.6666665925926009,0.133333324444445,21.0,2026-02-12,0
2026-02-12 19:15:40.590,1.0,2.0,2.0,13.0,7.0,3.0,1.0,2.0,47.0,87.0,0.199999980000002,1.4999998500000151,0.0399999984,31.0,2026-02-12,0
2026-02-12 19:15:41.601,0.0,1.0,4.0,4.0,7.0,3.0,1.0,1.0,47.0,90.0,0.099999990000001,0.7999999200000081,0.0,21.0,2026-02-12,0
2026-02-12 19:15:42.603,3.0,0.0,0.0,1.0,0.0,2.0,0.0,0.0,48.0,80.0,0.0,0.499999750000125,0.9999996666667778,6.0,2026-02-12,0
2026-02-12 19:15:43.618,2.0,6.0,5.0,5.0,1.0,7.0,1.0,2.0,37.0,75.0,0.7499999062500118,1.2499998437500195,0.1111111049382719,29.0,2026-02-12,0
2026-02-12 19:15:44.634,3.0,0.0,2.0,0.0,0.0,3.0,0.0,0.0,54.0,78.0,0.0,0.6666664444445185,0.599999880000024,8.0,2026-02-12,0
2026-02-12 19:15:45.638,0.0,2.0,3.0,0.0,0.0,4.0,1.0,1.0,56.0,74.0,0.4999998750000312,0.7499998125000469,0.0,11.0,2026-02-12,0
2026-02-12 19:15:46.651,4.0,0.0,0.0,1.0,1.0,1.0,0.0,0.0,56.0,74.0,0.0,0.499999750000125,1.333332888889037,7.0,2026-02-12,1
2026-02-12 19:18:05.687,0.0,0.0,1.0,11.0,8.0,16.0,2.0,0.0,91.0,100.0,0.0,0.4999999791666675,0.0,38.0,2026-02-12,0
2026-02-12 19:18:06.695,0.0,3.0,5.0,7.0,10.0,12.0,1.0,1.0,84.0,100.0,0.1363636301652895,0.5454545206611581,0.0,39.0,2026-02-12,0
2026-02-12 19:18:07.698,0.0,6.0,24.0,6.0,9.0,9.0,2.0,0.0,67.0,100.0,0.3333333148148158,1.6666665740740791,0.0,56.0,2026-02-12,0
2026-02-12 19:18:08.703,1.0,2.0,2.0,8.0,5.0,13.0,4.0,1.0,66.0,100.0,0.1111111049382719,0.5555555246913597,0.0357142844387755,36.0,2026-02-12,0
2026-02-12 19:18:09.704,0.0,0.0,4.0,1.0,2.0,7.0,2.0,1.0,63.0,100.0,0.0,0.5555554938271674,0.0,17.0,2026-02-12,0
2026-02-12 19:18:10.716,0.0,0.0,2.0,2.0,5.0,23.0,0.0,1.0,80.0,100.0,0.0,0.1428571377551022,0.0,33.0,2026-02-12,0
2026-02-12 19:18:11.718,0.0,1.0,0.0,2.0,3.0,12.0,1.0,0.0,100.0,80.0,0.0666666622222225,0.133333324444445,0.0,19.0,2026-02-12,0
2026-02-12 19:18:12.732,0.0,4.0,6.0,9.0,2.0,9.0,2.0,1.0,93.0,80.0,0.3636363305785154,1.3636362396694328,0.0,33.0,2026-02-12,0
2026-02-12 19:18:13.739,0.0,1.0,17.0,1.0,5.0,9.0,1.0,1.0,87.0,81.0,0.0714285663265309,1.2857141938775576,0.0,35.0,2026-02-12,0
2026-02-12 19:18:14.750,0.0,0.0,13.0,1.0,5.0,24.0,4.0,1.0,80.0,96.0,0.0,0.4827586040428067,0.0,48.0,2026-02-12,0
2026-02-12 19:18:15.763,0.0,1.0,0.0,3.0,2.0,15.0,1.0,0.0,78.0,100.0,0.0588235259515572,0.1764705778546718,0.0,22.0,2026-02-12,0
2026-02-12 19:18:16.769,1.0,1.0,17.0,5.0,1.0,13.0,0.0,0.0,83.0,100.0,0.0714285663265309,1.5714284591836816,0.0277777770061728,38.0,2026-02-12,0
2026-02-12 19:18:17.778,1.0,2.0,3.0,5.0,2.0,8.0,1.0,0.0,81.0,94.0,0.199999980000002,0.7999999200000081,0.0555555524691359,22.0,2026-02-12,0
2026-02-12 19:18:18.786,0.0,1.0,4.0,4.0,8.0,24.0,1.0,1.0,83.0,80.0,0.0312499990234375,0.2499999921875002,0.0,43.0,2026-02-12,0
2026-02-12 19:18:19.791,1.0,1.0,1.0,3.0,3.0,10.0,2.0,1.0,81.0,81.0,0.0769230710059176,0.3076922840236705,0.0588235259515572,22.0,2026-02-12,0
2026-02-12 19:18:20.800,13.0,4.0,5.0,5.0,5.0,7.0,2.0,1.0,77.0,63.0,0.3333333055555579,0.8333332638888947,0.590909064049588,42.0,2026-02-12,0
2026-02-12 19:18:21.801,0.0,1.0,2.0,1.0,12.0,12.0,1.0,2.0,84.0,50.0,0.0416666649305556,0.1249999947916668,0.0,31.0,2026-02-12,0
2026-02-12 19:18:22.803,0.0,0.0,1.0,1.0,3.0,7.0,1.0,1.0,83.0,47.0,0.0,0.199999980000002,0.0,14.0,2026-02-12,0
2026-02-12 19:18:23.817,0.0,1.0,2.0,2.0,2.0,5.0,1.0,0.0,77.0,50.0,0.1428571224489825,0.57142848979593,0.0,13.0,2026-02-12,0
2026-02-12 19:18:24.823,0.0,0.0,1.0,2.0,9.0,18.0,2.0,3.0,97.0,44.0,0.0,0.1111111069958849,0.0,35.0,2026-02-12,0
2026-02-12 19:18:25.831,0.0,1.0,7.0,22.0,33.0,10.0,2.0,2.0,88.0,64.0,0.0232558134126555,0.6744185889670096,0.0,77.0,2026-02-12,0
2026-02-12 19:18:26.840,2.0,1.0,1.0,1.0,1.0,3.0,0.0,0.0,77.0,57.0,0.2499999375000156,0.4999998750000312,0.333333277777787,9.0,2026-02-12,0
2026-02-12 19:18:27.853,1.0,4.0,3.0,4.0,7.0,18.0,1.0,1.0,77.0,50.0,0.1599999936000002,0.2799999888000004,0.0312499990234375,39.0,2026-02-12,0
2026-02-12 19:18:28.858,0.0,1.0,3.0,6.0,5.0,5.0,6.0,0.0,56.0,61.0,0.099999990000001,0.8999999100000091,0.0,26.0,2026-02-12,0
2026-02-12 19:18:29.865,0.0,1.0,4.0,0.0,2.0,8.0,1.0,0.0,61.0,53.0,0.099999990000001,0.399999960000004,0.0,16.0,2026-02-12,0
2026-02-12 19:18:30.875,0.0,1.0,2.0,5.0,10.0,12.0,1.0,1.0,70.0,63.0,0.0454545433884298,0.3181818037190089,0.0,32.0,2026-02-12,0
2026-02-12 19:18:31.882,0.0,0.0,1.0,2.0,1.0,17.0,3.0,1.0,81.0,66.0,0.0,0.1666666574074079,0.0,25.0,2026-02-12,0
2026-02-12 19:18:32.894,0.0,3.0,6.0,6.0,11.0,9.0,0.0,1.0,81.0,63.0,0.1499999925000003,0.5999999700000015,0.0,36.0,2026-02-12,0
2026-02-12 19:18:33.904,3.0,6.0,7.0,6.0,7.0,23.0,0.0,1.0,80.0,60.0,0.1999999933333335,0.4333333188888894,0.0697674402379665,53.0,2026-02-12,0
2026-02-12 19:18:34.916,2.0,2.0,0.0,0.0,1.0,3.0,0.0,0.0,64.0,44.0,0.4999998750000312,0.0,0.4999998750000312,8.0,2026-02-12,0
2026-02-12 19:18:35.927,0.0,0.0,0.0,2.0,3.0,12.0,2.0,1.0,81.0,35.0,0.0,0.133333324444445,0.0,20.0,2026-02-12,0
2026-02-12 19:18:36.931,0.0,0.0,7.0,5.0,3.0,9.0,1.0,0.0,83.0,54.0,0.0,0.9999999166666736,0.0,25.0,2026-02-12,0
2026-02-12 19:18:37.936,3.0,3.0,10.0,7.0,4.0,7.0,4.0,1.0,67.0,57.0,0.2727272479338866,1.5454544049586905,0.1071428533163266,39.0,2026-02-12,0
2026-02-12 19:18:38.940,2.0,3.0,6.0,3.0,1.0,13.0,0.0,2.0,74.0,78.0,0.2142856989795929,0.6428570969387788,0.0869565179584122,30.0,2026-02-12,0
2026-02-12 19:18:39.951,0.0,2.0,1.0,3.0,35.0,18.0,0.0,0.0,66.0,69.0,0.0377358483446066,0.0754716966892132,0.0,59.0,2026-02-12,0
2026-02-12 19:18:40.957,0.0,0.0,1.0,8.0,9.0,16.0,0.0,1.0,75.0,57.0,0.0,0.3599999856000005,0.0,35.0,2026-02-12,0
2026-02-12 19:18:41.963,0.0,3.0,8.0,6.0,15.0,8.0,2.0,0.0,75.0,53.0,0.1304347769376184,0.6086956257088858,0.0,42.0,2026-02-12,0
2026-02-12 19:18:42.967,0.0,1.0,3.0,0.0,2.0,14.0,1.0,0.0,81.0,48.0,0.0624999960937502,0.1874999882812507,0.0,21.0,2026-02-12,0
2026-02-12 19:18:43.977,3.0,2.0,11.0,5.0,3.0,24.0,1.0,1.0,80.0,74.0,0.0740740713305899,0.5925925706447196,0.0697674402379665,50.0,2026-02-12,0
2026-02-12 19:18:44.983,3.0,1.0,1.0,2.0,1.0,2.0,0.0,0.0,63.0,66.0,0.3333332222222592,0.9999996666667778,0.4999999166666805,10.0,2026-02-12,0
2026-02-12 19:18:45.992,0.0,0.0,5.0,11.0,3.0,9.0,0.0,0.0,69.0,83.0,0.0,1.3333332222222316,0.0,28.0,2026-02-12,0
2026-02-12 19:18:47.000,2.0,0.0,2.0,3.0,1.0,16.0,1.0,0.0,75.0,94.0,0.0,0.2941176297577865,0.0909090867768596,25.0,2026-02-12,0
2026-02-12 19:18:48.014,1.0,0.0,0.0,2.0,2.0,3.0,0.0,0.0,75.0,93.0,0.0,0.399999920000016,0.1428571224489825,8.0,2026-02-12,0
2026-02-12 19:18:49.025,6.0,2.0,1.0,2.0,1.0,3.0,0.0,0.0,75.0,87.0,0.4999998750000312,0.7499998125000469,0.857142734693895,15.0,2026-02-12,1
2026-02-12 19:18:50.032,3.0,1.0,9.0,2.0,5.0,11.0,2.0,2.0,77.0,80.0,0.0624999960937502,0.6874999570312527,0.1111111069958849,35.0,2026-02-12,0
2026-02-12 19:18:51.041,12.0,1.0,4.0,0.0,1.0,3.0,0.0,0.0,60.0,77.0,0.2499999375000156,0.9999997500000624,1.4999998125000236,21.0,2026-02-12,1
2026-02-12 19:18:52.050,41.0,2.0,11.0,3.0,9.0,18.0,4.0,1.0,57.0,75.0,0.0740740713305899,0.5185184993141296,0.9999999756097568,89.0,2026-02-12,0
2026-02-12 19:18:53.063,0.0,1.0,10.0,5.0,5.0,16.0,3.0,0.0,69.0,94.0,0.047619045351474,0.7142856802721105,0.0,40.0,2026-02-12,0
2026-02-12 19:18:54.072,1.0,0.0,2.0,4.0,0.0,6.0,1.0,0.0,67.0,96.0,0.0,0.9999998333333612,0.0833333263888894,14.0,2026-02-12,0
2026-02-12 19:18:55.078,1.0,3.0,7.0,4.0,4.0,12.0,3.0,4.0,74.0,96.0,0.1874999882812507,0.6874999570312527,0.0370370356652949,38.0,2026-02-12,0
2026-02-12 19:18:56.087,0.0,0.0,1.0,2.0,2.0,7.0,2.0,1.0,78.0,91.0,0.0,0.3333332962963004,0.0,15.0,2026-02-12,0
2026-02-12 19:18:57.096,0.0,0.0,2.0,1.0,1.0,15.0,1.0,1.0,87.0,81.0,0.0,0.1874999882812507,0.0,21.0,2026-02-12,0
2026-02-12 19:18:58.105,53.0,30.0,5.0,42.0,13.0,25.0,6.0,2.0,70.0,63.0,0.7894736634349037,1.2368420727146825,0.6235294044290659,176.0,2026-02-12,0
2026-02-12 19:18:59.112,0.0,1.0,6.0,1.0,2.0,8.0,1.0,2.0,74.0,63.0,0.099999990000001,0.699999930000007,0.0,21.0,2026-02-12,0
2026-02-12 19:19:00.123,1.0,7.0,8.0,11.0,4.0,6.0,0.0,0.0,54.0,64.0,0.699999930000007,1.899999810000019,0.034482757431629,37.0,2026-02-12,0
2026-02-12 19:19:01.127,4.0,3.0,10.0,5.0,5.0,12.0,1.0,0.0,40.0,66.0,0.1764705778546718,0.8823528892733594,0.1249999960937501,40.0,2026-02-12,0
2026-02-12 19:19:02.135,1.0,2.0,1.0,6.0,2.0,5.0,2.0,0.0,47.0,74.0,0.285714244897965,0.9999998571428776,0.0714285663265309,19.0,2026-02-12,0
2026-02-12 19:19:03.142,7.0,3.0,5.0,0.0,8.0,27.0,7.0,2.0,53.0,60.0,0.0857142832653062,0.1428571387755103,0.1749999956250001,59.0,2026-02-12,0
2026-02-12 19:19:04.151,2.0,4.0,17.0,29.0,20.0,23.0,3.0,2.0,63.0,69.0,0.093023253650622,1.0697674169821532,0.0224719098598661,100.0,2026-02-12,0
2026-02-12 19:19:05.161,9.0,5.0,13.0,4.0,13.0,30.0,3.0,2.0,67.0,64.0,0.1162790670632775,0.3953488280151435,0.1499999975,79.0,2026-02-12,0
2026-02-12 19:19:06.169,6.0,2.0,9.0,6.0,9.0,19.0,3.0,4.0,75.0,69.0,0.0714285688775511,0.5357142665816333,0.139534880475933,58.0,2026-02-12,0
2026-02-12 19:19:07.174,0.0,0.0,1.0,1.0,5.0,5.0,1.0,3.0,77.0,77.0,0.0,0.199999980000002,0.0,16.0,2026-02-12,0
2026-02-12 19:19:08.195,1.0,3.0,6.0,7.0,10.0,14.0,2.0,2.0,80.0,66.0,0.1249999947916668,0.5416666440972231,0.0270270262965668,45.0,2026-02-12,0
2026-02-12 19:19:09.207,4.0,5.0,3.0,3.0,4.0,5.0,1.0,0.0,66.0,60.0,0.5555554938271674,0.6666665925926009,0.2666666488888901,25.0,2026-02-12,0
2026-02-12 19:19:10.215,8.0,2.0,0.0,2.0,2.0,4.0,0.0,0.0,60.0,47.0,0.333333277777787,0.333333277777787,0.9999998750000156,18.0,2026-02-12,0
2026-02-12 19:19:11.220,1.0,6.0,21.0,11.0,10.0,20.0,2.0,1.0,48.0,54.0,0.1999999933333335,1.0666666311111122,0.0161290319979188,72.0,2026-02-12,0
2026-02-12 19:19:12.229,6.0,2.0,7.0,11.0,22.0,24.0,0.0,1.0,53.0,56.0,0.0434782599243856,0.3913043393194709,0.0937499985351562,73.0,2026-02-12,0
2026-02-12 19:19:13.234,17.0,5.0,3.0,9.0,6.0,23.0,2.0,1.0,64.0,60.0,0.1724137871581452,0.4137930891795486,0.4146341362284357,66.0,2026-02-12,0
2026-02-12 19:19:14.245,2.0,2.0,2.0,3.0,8.0,19.0,1.0,1.0,77.0,63.0,0.0740740713305899,0.1851851783264748,0.062499998046875,38.0,2026-02-12,0
2026-02-12 19:19:15.257,1.0,5.0,12.0,11.0,7.0,38.0,2.0,2.0,83.0,60.0,0.1111111086419753,0.5111110997530867,0.0147058821366782,78.0,2026-02-12,0
2026-02-12 19:19:16.268,0.0,2.0,3.0,4.0,9.0,15.0,2.0,1.0,81.0,53.0,0.0833333298611112,0.2916666545138894,0.0,36.0,2026-02-12,0
2026-02-12 19:19:17.282,1.0,2.0,5.0,3.0,2.0,11.0,1.0,1.0,80.0,56.0,0.1538461420118352,0.615384568047341,0.047619045351474,26.0,2026-02-12,0
2026-02-12 19:19:18.285,1.0,7.0,12.0,6.0,3.0,25.0,0.0,1.0,70.0,63.0,0.2499999910714288,0.64285711989796,0.0217391299621928,55.0,2026-02-12,0
2026-02-12 19:19:19.300,1.0,8.0,2.0,23.0,6.0,9.0,0.0,1.0,57.0,60.0,0.5333332977777802,1.666666555555563,0.024999999375,50.0,2026-02-12,0
2026-02-12 19:19:20.310,0.0,0.0,7.0,10.0,4.0,7.0,0.0,0.0,53.0,81.0,0.0,1.5454544049586905,0.0,28.0,2026-02-12,0
2026-02-12 19:19:21.324,0.0,4.0,9.0,8.0,16.0,13.0,1.0,1.0,51.0,83.0,0.1379310297265162,0.5862068763376939,0.0,52.0,2026-02-12,0
2026-02-12 19:19:22.338,1.0,1.0,3.0,5.0,11.0,20.0,1.0,0.0,57.0,80.0,0.0322580634755463,0.2580645078043707,0.0256410249835634,42.0,2026-02-12,0
2026-02-12 19:19:23.343,1.0,2.0,7.0,8.0,5.0,4.0,3.0,0.0,60.0,90.0,0.2222221975308669,1.6666664814815022,0.0416666649305556,30.0,2026-02-12,0
2026-02-12 19:19:24.349,6.0,4.0,13.0,3.0,13.0,19.0,1.0,0.0,61.0,74.0,0.1249999960937501,0.4999999843750005,0.1249999973958334,59.0,2026-02-12,1
2026-02-12 19:19:25.358,1.0,1.0,2.0,8.0,8.0,10.0,1.0,0.0,66.0,77.0,0.0555555524691359,0.5555555246913597,0.0357142844387755,31.0,2026-02-12,0
2026-02-12 19:19:26.372,0.0,0.0,8.0,2.0,3.0,15.0,2.0,1.0,66.0,93.0,0.0,0.5555555246913597,0.0,31.0,2026-02-12,0
2026-02-12 19:19:27.386,1.0,0.0,5.0,5.0,3.0,25.0,1.0,2.0,87.0,93.0,0.0,0.3571428443877555,0.0263157887811634,42.0,2026-02-12,0
2026-02-12 19:19:28.399,0.0,1.0,1.0,1.0,2.0,7.0,2.0,2.0,90.0,87.0,0.1111110987654334,0.2222221975308669,0.0,16.0,2026-02-12,0
2026-02-12 19:19:29.406,0.0,1.0,3.0,3.0,3.0,20.0,2.0,1.0,96.0,81.0,0.0434782589792061,0.2608695538752368,0.0,33.0,2026-02-12,0
2026-02-12 19:19:30.419,0.0,1.0,2.0,2.0,7.0,15.0,1.0,1.0,96.0,61.0,0.0454545433884298,0.1818181735537193,0.0,29.0,2026-02-12,0
2026-02-12 19:19:31.427,0.0,1.0,7.0,7.0,3.0,7.0,5.0,2.0,80.0,63.0,0.099999990000001,1.399999860000014,0.0,32.0,2026-02-12,0
2026-02-12 19:19:32.440,0.0,3.0,5.0,12.0,3.0,18.0,1.0,1.0,78.0,74.0,0.142857136054422,0.8095237709750585,0.0,43.0,2026-02-12,0
2026-02-12 19:19:33.447,0.0,0.0,4.0,4.0,5.0,21.0,1.0,1.0,80.0,78.0,0.0,0.3076922958579886,0.0,36.0,2026-02-12,0
2026-02-12 19:19:34.458,0.0,1.0,7.0,4.0,8.0,22.0,1.0,0.0,78.0,88.0,0.0333333322222222,0.3666666544444448,0.0,43.0,2026-02-12,0
2026-02-12 19:19:35.465,0.0,0.0,2.0,2.0,4.0,3.0,2.0,1.0,81.0,83.0,0.0,0.57142848979593,0.0,14.0,2026-02-12,0
2026-02-12 19:19:36.477,0.0,3.0,3.0,13.0,13.0,10.0,2.0,2.0,78.0,81.0,0.1304347769376184,0.6956521436672981,0.0,46.0,2026-02-12,0
2026-02-12 19:19:37.486,0.0,0.0,4.0,11.0,2.0,14.0,3.0,1.0,70.0,91.0,0.0,0.9374999414062536,0.0,35.0,2026-02-12,0
2026-02-12 19:19:38.499,0.0,0.0,2.0,1.0,8.0,12.0,1.0,2.0,75.0,80.0,0.0,0.1499999925000003,0.0,26.0,2026-02-12,0
2026-02-12 19:19:39.507,0.0,0.0,0.0,3.0,3.0,25.0,3.0,1.0,91.0,69.0,0.0,0.1071428533163266,0.0,35.0,2026-02-12,0
2026-02-12 19:19:40.517,0.0,1.0,10.0,3.0,10.0,13.0,2.0,0.0,97.0,77.0,0.0434782589792061,0.5652173667296797,0.0,39.0,2026-02-12,0
2026-02-12 19:19:41.529,6.0,6.0,4.0,3.0,9.0,23.0,3.0,1.0,96.0,50.0,0.1874999941406252,0.2187499931640627,0.1538461499013808,55.0,2026-02-12,0
2026-02-12 19:19:42.542,9.0,1.0,2.0,1.0,3.0,6.0,2.0,1.0,83.0,51.0,0.1111110987654334,0.3333332962963004,0.7499999375000053,25.0,2026-02-12,0
2026-02-12 19:19:43.564,9.0,4.0,17.0,14.0,41.0,22.0,4.0,3.0,66.0,60.0,0.0634920624842529,0.4920634842529606,0.0957446798325034,114.0,2026-02-12,0
2026-02-12 19:19:44.577,1.0,1.0,4.0,10.0,18.0,19.0,1.0,1.0,67.0,53.0,0.0270270262965668,0.378378368151936,0.0196078427527874,55.0,2026-02-12,0
2026-02-12 19:19:45.584,5.0,5.0,18.0,8.0,44.0,25.0,1.0,1.0,66.0,66.0,0.0724637670657425,0.376811588741861,0.0526315783933518,107.0,2026-02-12,0
2026-02-12 19:19:46.591,0.0,5.0,4.0,14.0,7.0,12.0,1.0,1.0,60.0,61.0,0.2631578808864273,0.9473683711911384,0.0,44.0,2026-02-12,0
2026-02-12 19:19:47.598,0.0,3.0,4.0,4.0,2.0,9.0,4.0,1.0,50.0,56.0,0.2727272479338866,0.7272726611570308,0.0,27.0,2026-02-12,0
2026-02-12 19:19:48.606,1.0,2.0,13.0,6.0,9.0,29.0,3.0,2.0,56.0,60.0,0.0526315775623269,0.4999999868421056,0.0175438593413358,65.0,2026-02-12,0
2026-02-12 19:19:49.615,1.0,2.0,2.0,3.0,1.0,7.0,0.0,0.0,61.0,66.0,0.2499999687500039,0.6249999218750099,0.0769230710059176,16.0,2026-02-12,0
2026-02-12 19:19:50.623,2.0,2.0,1.0,1.0,2.0,2.0,1.0,0.0,57.0,56.0,0.4999998750000312,0.4999998750000312,0.333333277777787,11.0,2026-02-12,0
2026-02-12 19:19:51.632,0.0,2.0,5.0,3.0,19.0,24.0,3.0,0.0,69.0,56.0,0.046511626825311,0.186046507301244,0.0,56.0,2026-02-12,0
2026-02-12 19:19:52.639,8.0,2.0,14.0,1.0,6.0,7.0,1.0,0.0,60.0,57.0,0.1538461420118352,1.1538460650887643,0.2857142755102044,39.0,2026-02-12,0
2026-02-12 19:19:53.653,0.0,4.0,1.0,5.0,24.0,16.0,1.0,1.0,60.0,47.0,0.0999999975,0.1499999962500001,0.0,52.0,2026-02-12,0
2026-02-12 19:19:54.675,19.0,2.0,6.0,0.0,9.0,12.0,3.0,5.0,69.0,51.0,0.095238090702948,0.2857142721088441,0.7037036776406045,56.0,2026-02-12,0
2026-02-12 19:19:55.683,0.0,1.0,5.0,5.0,10.0,7.0,1.0,0.0,61.0,61.0,0.0588235259515572,0.588235259515573,0.0,29.0,2026-02-12,0
2026-02-12 19:19:56.689,0.0,0.0,3.0,5.0,5.0,8.0,1.0,1.0,69.0,63.0,0.0,0.615384568047341,0.0,23.0,2026-02-12,0
2026-02-12 19:19:57.696,1.0,2.0,7.0,1.0,7.0,32.0,0.0,1.0,77.0,74.0,0.0512820499671269,0.2051281998685077,0.0212765952919873,51.0,2026-02-12,0
2026-02-12 19:19:58.707,0.0,1.0,0.0,4.0,10.0,14.0,1.0,0.0,84.0,69.0,0.0416666649305556,0.1666666597222225,0.0,30.0,2026-02-12,0
2026-02-12 19:19:59.718,2.0,1.0,3.0,0.0,2.0,2.0,0.0,0.0,80.0,64.0,0.2499999375000156,0.7499998125000469,0.285714244897965,10.0,2026-02-12,0
2026-02-12 19:20:00.728,0.0,0.0,8.0,0.0,20.0,15.0,1.0,0.0,84.0,56.0,0.0,0.2285714220408165,0.0,44.0,2026-02-12,0
2026-02-12 19:20:01.729,0.0,2.0,9.0,0.0,12.0,20.0,1.0,0.0,83.0,60.0,0.062499998046875,0.2812499912109378,0.0,44.0,2026-02-12,0
2026-02-12 19:20:02.734,0.0,1.0,2.0,7.0,5.0,6.0,1.0,0.0,74.0,74.0,0.0909090826446288,0.8181817438016598,0.0,22.0,2026-02-12,0
2026-02-12 19:20:03.740,0.0,1.0,1.0,8.0,24.0,20.0,1.0,0.0,88.0,67.0,0.0227272722107438,0.2045454498966943,0.0,55.0,2026-02-12,0
2026-02-12 19:20:04.743,0.0,0.0,4.0,1.0,3.0,8.0,1.0,0.0,88.0,77.0,0.0,0.4545454132231443,0.0,17.0,2026-02-12,0
2026-02-12 19:20:05.749,0.0,1.0,2.0,4.0,5.0,19.0,1.0,0.0,91.0,78.0,0.0416666649305556,0.2499999895833337,0.0,32.0,2026-02-12,0
2026-02-12 19:20:06.760,1.0,2.0,5.0,3.0,4.0,6.0,1.0,0.0,90.0,75.0,0.199999980000002,0.7999999200000081,0.0555555524691359,22.0,2026-02-12,0
2026-02-12 19:20:07.772,1.0,10.0,14.0,7.0,8.0,12.0,1.0,1.0,69.0,77.0,0.4999999750000012,1.0499999475000026,0.024390243307555,54.0,2026-02-12,0
2026-02-12 19:20:08.776,0.0,2.0,0.0,7.0,17.0,14.0,1.0,3.0,64.0,61.0,0.0645161269510926,0.2258064443288243,0.0,44.0,2026-02-12,0
2026-02-12 19:20:09.776,5.0,2.0,9.0,2.0,3.0,2.0,0.0,0.0,43.0,67.0,0.399999920000016,2.199999560000088,0.3124999804687512,23.0,2026-02-12,0
2026-02-12 19:20:10.778,1.0,1.0,3.0,5.0,4.0,4.0,1.0,1.0,41.0,69.0,0.1249999843750019,0.9999998750000156,0.0624999960937502,20.0,2026-02-12,0
2026-02-12 19:20:11.783,1.0,4.0,10.0,4.0,9.0,8.0,1.0,0.0,44.0,75.0,0.2352941038062291,0.8235293633218022,0.0322580634755463,37.0,2026-02-12,0
2026-02-12 19:20:12.791,26.0,16.0,14.0,3.0,14.0,18.0,2.0,2.0,34.0,67.0,0.4999999843750005,0.5312499833984381,0.5306122340691382,95.0,2026-02-12,1
2026-02-12 19:20:13.794,1.0,2.0,8.0,2.0,6.0,7.0,4.0,0.0,43.0,66.0,0.1538461420118352,0.7692307100591762,0.0434782589792061,30.0,2026-02-12,0
2026-02-12 19:20:14.806,0.0,1.0,3.0,7.0,8.0,8.0,2.0,2.0,47.0,66.0,0.0624999960937502,0.6249999609375024,0.0,31.0,2026-02-12,0
2026-02-12 19:20:15.812,33.0,4.0,7.0,4.0,12.0,6.0,2.0,0.0,47.0,61.0,0.2222222098765439,0.6111110771604957,1.1379309952437588,68.0,2026-02-12,0
2026-02-12 19:20:16.816,18.0,2.0,19.0,4.0,5.0,18.0,2.0,0.0,54.0,83.0,0.0869565179584122,0.999999956521741,0.3913043393194709,68.0,2026-02-12,0
2026-02-12 19:20:17.830,1.0,4.0,3.0,0.0,10.0,17.0,2.0,1.0,60.0,63.0,0.1481481426611799,0.1111111069958849,0.0333333322222222,38.0,2026-02-12,0
2026-02-12 19:20:18.838,0.0,1.0,13.0,2.0,6.0,17.0,1.0,1.0,64.0,69.0,0.0434782589792061,0.6521738846880919,0.0,41.0,2026-02-12,0
2026-02-12 19:20:19.842,0.0,4.0,10.0,2.0,3.0,7.0,2.0,1.0,64.0,74.0,0.399999960000004,1.199999880000012,0.0,29.0,2026-02-12,0
2026-02-12 19:20:20.845,1.0,2.0,6.0,5.0,3.0,10.0,2.0,1.0,64.0,67.0,0.1538461420118352,0.8461537810650938,0.0416666649305556,30.0,2026-02-12,0
2026-02-12 19:20:21.854,0.0,1.0,7.0,3.0,4.0,14.0,1.0,0.0,67.0,91.0,0.0555555524691359,0.5555555246913597,0.0,30.0,2026-02-12,0
2026-02-12 19:20:22.865,0.0,0.0,2.0,1.0,5.0,12.0,0.0,0.0,75.0,74.0,0.0,0.1764705778546718,0.0,20.0,2026-02-12,0
2026-02-12 19:20:23.868,0.0,0.0,6.0,12.0,4.0,12.0,2.0,1.0,83.0,88.0,0.0,1.1249999296875044,0.0,37.0,2026-02-12,0
2026-02-12 19:20:24.876,0.0,0.0,1.0,2.0,4.0,5.0,0.0,2.0,87.0,83.0,0.0,0.3333332962963004,0.0,14.0,2026-02-12,0
2026-02-12 19:20:25.879,0.0,0.0,7.0,3.0,4.0,6.0,1.0,1.0,80.0,90.0,0.0,0.99999990000001,0.0,22.0,2026-02-12,0
2026-02-12 19:20:26.886,1.0,1.0,1.0,4.0,5.0,16.0,1.0,1.0,80.0,94.0,0.047619045351474,0.2380952267573701,0.0384615369822485,30.0,2026-02-12,0
2026-02-12 19:20:27.904,0.0,0.0,1.0,3.0,2.0,4.0,1.0,1.0,80.0,83.0,0.0,0.6666665555555741,0.0,12.0,2026-02-12,0
2026-02-12 19:20:28.906,0.0,0.0,1.0,0.0,6.0,9.0,2.0,0.0,87.0,77.0,0.0,0.0666666622222225,0.0,18.0,2026-02-12,0
2026-02-12 19:20:29.921,0.0,0.0,5.0,3.0,2.0,9.0,2.0,0.0,91.0,70.0,0.0,0.7272726611570308,0.0,21.0,2026-02-12,0
2026-02-12 19:20:30.934,0.0,0.0,2.0,3.0,4.0,17.0,3.0,1.0,94.0,77.0,0.0,0.2380952267573701,0.0,30.0,2026-02-12,0
2026-02-12 19:20:31.940,9.0,5.0,4.0,11.0,6.0,15.0,3.0,2.0,91.0,70.0,0.2380952267573701,0.7142856802721105,0.2499999930555557,55.0,2026-02-12,1
2026-02-12 19:20:32.945,2.0,7.0,0.0,13.0,8.0,4.0,3.0,3.0,66.0,70.0,0.5833332847222263,1.083333243055563,0.0799999968000001,40.0,2026-02-12,0
2026-02-12 19:20:33.951,0.0,3.0,7.0,4.0,8.0,16.0,7.0,3.0,64.0,63.0,0.1249999947916668,0.4583333142361119,0.0,48.0,2026-02-12,0
2026-02-12 19:20:34.962,2.0,3.0,6.0,9.0,6.0,8.0,1.0,0.0,47.0,64.0,0.2142856989795929,1.0714284948979649,0.0689655148632581,35.0,2026-02-12,0
2026-02-12 19:20:35.969,6.0,6.0,11.0,26.0,43.0,31.0,17.0,12.0,48.0,67.0,0.0810810799853908,0.4999999932432433,0.0540540535670806,152.0,2026-02-12,0
2026-02-12 19:20:36.976,27.0,20.0,5.0,8.0,10.0,42.0,7.0,8.0,60.0,54.0,0.3846153772189351,0.2499999951923077,0.4153846089940829,127.0,2026-02-12,0
2026-02-12 19:20:37.981,10.0,16.0,12.0,4.0,6.0,31.0,5.0,2.0,53.0,41.0,0.4324324207450697,0.4324324207450697,0.1886792417230332,86.0,2026-02-12,0
2026-02-12 19:20:38.995,42.0,8.0,23.0,3.0,5.0,10.0,5.0,2.0,48.0,41.0,0.5333332977777802,1.7333332177777856,1.0243902189173115,98.0,2026-02-12,0
2026-02-12 19:20:39.996,16.0,24.0,15.0,11.0,4.0,16.0,5.0,8.0,37.0,30.0,1.199999940000003,1.299999935000003,0.3478260793950852,99.0,2026-02-12,0
2026-02-12 19:20:41.005,14.0,6.0,3.0,40.0,16.0,20.0,6.0,2.0,35.0,54.0,0.1666666620370371,1.194444411265433,0.1772151876301875,107.0,2026-02-12,1
2026-02-12 19:20:42.008,28.0,22.0,49.0,6.0,6.0,40.0,7.0,16.0,34.0,66.0,0.4782608591682422,1.1956521479206057,0.2772277200274483,174.0,2026-02-12,1
2026-02-12 19:20:43.022,0.0,1.0,5.0,4.0,4.0,26.0,3.0,2.0,53.0,66.0,0.0333333322222222,0.2999999900000003,0.0,45.0,2026-02-12,0
2026-02-12 19:20:44.026,0.0,0.0,7.0,2.0,6.0,16.0,1.0,2.0,74.0,83.0,0.0,0.4090908904958686,0.0,34.0,2026-02-12,0
2026-02-12 19:20:45.034,0.0,0.0,1.0,6.0,4.0,9.0,2.0,1.0,83.0,83.0,0.0,0.5384614970414233,0.0,23.0,2026-02-12,0
2026-02-12 19:20:46.037,0.0,0.0,2.0,2.0,3.0,15.0,3.0,1.0,100.0,84.0,0.0,0.2222222098765439,0.0,26.0,2026-02-12,0
2026-02-12 19:20:47.048,0.0,0.0,3.0,4.0,2.0,20.0,3.0,1.0,100.0,87.0,0.0,0.3181818037190089,0.0,33.0,2026-02-12,0
2026-02-12 19:20:48.051,0.0,1.0,3.0,1.0,21.0,44.0,1.0,1.0,100.0,69.0,0.0153846151479289,0.0615384605917159,0.0,72.0,2026-02-12,0
2026-02-12 19:20:49.064,9.0,2.0,3.0,2.0,7.0,16.0,3.0,1.0,100.0,53.0,0.0869565179584122,0.2173912948960306,0.32142855994898,43.0,2026-02-12,0
2026-02-12 19:20:50.066,1.0,1.0,5.0,3.0,11.0,17.0,1.0,2.0,100.0,51.0,0.0357142844387755,0.2857142755102044,0.0277777770061728,41.0,2026-02-12,0
2026-02-12 19:20:51.080,5.0,11.0,20.0,8.0,10.0,31.0,7.0,2.0,90.0,44.0,0.2682926763831054,0.6829268126115412,0.0724637670657425,94.0,2026-02-12,0
2026-02-12 19:20:52.085,10.0,2.0,0.0,3.0,2.0,6.0,3.0,1.0,69.0,47.0,0.2499999687500039,0.3749999531250059,0.9090908264462886,27.0,2026-02-12,0
2026-02-12 19:20:53.090,0.0,0.0,4.0,4.0,3.0,8.0,2.0,3.0,69.0,67.0,0.0,0.7272726611570308,0.0,24.0,2026-02-12,0
2026-02-12 19:20:54.090,0.0,0.0,2.0,4.0,3.0,12.0,0.0,1.0,70.0,74.0,0.0,0.3999999733333351,0.0,22.0,2026-02-12,0
2026-02-12 19:20:55.098,23.0,2.0,8.0,1.0,3.0,10.0,4.0,1.0,75.0,80.0,0.1538461420118352,0.6923076390532585,1.0454544979338865,52.0,2026-02-12,0
2026-02-12 19:20:56.106,10.0,4.0,4.0,5.0,10.0,51.0,1.0,2.0,88.0,80.0,0.0655737694168234,0.1475409811878527,0.1428571408163265,87.0,2026-02-12,1
2026-02-12 19:20:57.112,0.0,1.0,10.0,8.0,4.0,13.0,2.0,3.0,84.0,81.0,0.0588235259515572,1.0588234671280312,0.0,41.0,2026-02-12,0
2026-02-12 19:20:58.116,3.0,6.0,11.0,7.0,5.0,11.0,4.0,6.0,69.0,78.0,0.3749999765625014,1.1249999296875044,0.0882352915224914,53.0,2026-02-12,0
2026-02-12 19:20:59.121,12.0,5.0,4.0,9.0,4.0,20.0,5.0,2.0,69.0,69.0,0.2083333246527781,0.5416666440972231,0.3243243155588023,61.0,2026-02-12,0
2026-02-12 19:21:00.127,18.0,1.0,11.0,6.0,5.0,15.0,4.0,1.0,63.0,91.0,0.0499999975000001,0.8499999575000021,0.4864864733382034,61.0,2026-02-12,0
2026-02-12 19:21:01.135,14.0,7.0,9.0,6.0,6.0,7.0,1.0,1.0,51.0,74.0,0.5384614970414233,1.1538460650887643,0.4999999821428577,51.0,2026-02-12,1
2026-02-12 19:21:02.140,2.0,2.0,0.0,0.0,0.0,4.0,1.0,0.0,54.0,51.0,0.4999998750000312,0.0,0.4999998750000312,9.0,2026-02-12,0
2026-02-12 19:21:03.147,0.0,3.0,3.0,1.0,8.0,5.0,2.0,1.0,48.0,43.0,0.2307692130177528,0.3076922840236705,0.0,23.0,2026-02-12,0
2026-02-12 19:21:04.154,0.0,1.0,2.0,7.0,5.0,31.0,2.0,2.0,56.0,29.0,0.0277777770061728,0.2499999930555557,0.0,50.0,2026-02-12,0
2026-02-12 19:21:05.159,23.0,15.0,22.0,10.0,17.0,17.0,3.0,2.0,57.0,27.0,0.4411764576124571,0.9411764429065752,0.3484848432047751,109.0,2026-02-12,0
2026-02-12 19:21:06.164,0.0,0.0,4.0,1.0,1.0,6.0,2.0,1.0,64.0,63.0,0.0,0.7142856122449125,0.0,15.0,2026-02-12,0
2026-02-12 19:21:07.166,6.0,5.0,2.0,3.0,2.0,12.0,4.0,4.0,67.0,60.0,0.3571428316326549,0.3571428316326549,0.3157894570637127,38.0,2026-02-12,0
2026-02-12 19:21:08.168,1.0,0.0,1.0,0.0,0.0,4.0,1.0,0.0,63.0,66.0,0.0,0.2499999375000156,0.199999960000008,7.0,2026-02-12,0
2026-02-12 19:21:09.174,2.0,2.0,1.0,2.0,1.0,3.0,1.0,0.0,64.0,64.0,0.4999998750000312,0.7499998125000469,0.285714244897965,12.0,2026-02-12,0
2026-02-12 19:21:10.180,1.0,0.0,1.0,0.0,1.0,2.0,1.0,0.0,60.0,50.0,0.0,0.3333332222222592,0.2499999375000156,6.0,2026-02-12,0
2026-02-12 19:21:11.188,31.0,18.0,11.0,10.0,4.0,8.0,18.0,8.0,48.0,53.0,1.4999998750000103,1.749999854166679,0.9393939109274572,108.0,2026-02-12,0
2026-02-12 19:21:12.192,3.0,0.0,2.0,2.0,2.0,2.0,0.0,0.0,40.0,54.0,0.0,0.9999997500000624,0.3749999531250059,11.0,2026-02-12,0
2026-02-12 19:21:13.199,0.0,3.0,21.0,2.0,10.0,17.0,2.0,1.0,40.0,64.0,0.1111111069958849,0.8518518203017844,0.0,56.0,2026-02-12,0
2026-02-12 19:21:14.199,2.0,0.0,0.0,3.0,1.0,3.0,1.0,0.0,56.0,83.0,0.0,0.7499998125000469,0.285714244897965,10.0,2026-02-12,0
2026-02-12 19:21:15.209,1.0,1.0,2.0,3.0,10.0,13.0,2.0,1.0,63.0,84.0,0.0434782589792061,0.2173912948960306,0.0357142844387755,33.0,2026-02-12,0
2026-02-12 19:21:16.222,8.0,12.0,3.0,9.0,5.0,14.0,2.0,0.0,61.0,66.0,0.6315789141274255,0.6315789141274255,0.2580645078043707,53.0,2026-02-12,0
2026-02-12 19:21:17.228,4.0,0.0,1.0,0.0,1.0,3.0,0.0,0.0,69.0,60.0,0.0,0.2499999375000156,0.799999840000032,9.0,2026-02-12,0
2026-02-12 19:21:18.233,2.0,4.0,2.0,6.0,5.0,11.0,1.0,1.0,66.0,47.0,0.2499999843750009,0.4999999687500019,0.0833333298611112,32.0,2026-02-12,0
2026-02-12 19:21:19.245,2.0,3.0,7.0,6.0,9.0,16.0,1.0,5.0,61.0,53.0,0.1199999952000001,0.5199999792000009,0.0526315775623269,49.0,2026-02-12,0
2026-02-12 19:21:20.248,4.0,3.0,2.0,3.0,7.0,7.0,1.0,2.0,64.0,53.0,0.2142856989795929,0.3571428316326549,0.2105263047091418,29.0,2026-02-12,0
2026-02-12 19:21:21.255,2.0,3.0,17.0,8.0,19.0,23.0,4.0,1.0,61.0,57.0,0.0714285697278912,0.59523808106576,0.0298507458231232,77.0,2026-02-12,0
2026-02-12 19:21:22.258,2.0,0.0,5.0,2.0,5.0,8.0,0.0,0.0,66.0,70.0,0.0,0.5384614970414233,0.0999999950000002,22.0,2026-02-12,0
2026-02-12 19:21:23.259,0.0,2.0,8.0,18.0,8.0,26.0,1.0,1.0,69.0,81.0,0.0588235276816609,0.7647058598615925,0.0,64.0,2026-02-12,0
2026-02-12 19:21:24.265,0.0,3.0,1.0,8.0,1.0,10.0,1.0,0.0,74.0,91.0,0.2727272479338866,0.8181817438016598,0.0,24.0,2026-02-12,0
2026-02-12 19:21:25.272,0.0,2.0,8.0,2.0,2.0,7.0,2.0,0.0,67.0,91.0,0.2222221975308669,1.1111109876543348,0.0,23.0,2026-02-12,0
2026-02-12 19:21:26.275,9.0,8.0,11.0,1.0,9.0,3.0,2.0,3.0,47.0,78.0,0.6666666111111158,0.9999999166666736,0.3749999843750006,46.0,2026-02-12,1
2026-02-12 19:21:27.287,1.0,2.0,7.0,7.0,3.0,7.0,0.0,1.0,38.0,77.0,0.199999980000002,1.399999860000014,0.0416666649305556,28.0,2026-02-12,0
2026-02-12 19:21:28.294,0.0,1.0,5.0,7.0,1.0,19.0,1.0,2.0,44.0,87.0,0.0499999975000001,0.5999999700000015,0.0,36.0,2026-02-12,0
2026-02-12 19:21:29.301,1.0,4.0,1.0,7.0,5.0,24.0,3.0,8.0,51.0,69.0,0.1379310297265162,0.2758620594530324,0.0270270262965668,53.0,2026-02-12,0
2026-02-12 19:21:30.309,2.0,5.0,15.0,10.0,8.0,22.0,4.0,2.0,67.0,80.0,0.1666666611111112,0.8333333055555564,0.0363636357024793,68.0,2026-02-12,0
2026-02-12 19:21:31.317,1.0,1.0,5.0,4.0,6.0,12.0,4.0,0.0,77.0,77.0,0.0555555524691359,0.4999999722222237,0.0370370356652949,33.0,2026-02-12,0
2026-02-12 19:21:32.324,0.0,4.0,13.0,14.0,1.0,7.0,3.0,1.0,61.0,77.0,0.4999999375000079,3.374999578125053,0.0,43.0,2026-02-12,0
2026-02-12 19:21:33.328,0.0,0.0,3.0,8.0,2.0,13.0,1.0,2.0,63.0,100.0,0.0,0.7333332844444478,0.0,29.0,2026-02-12,0
2026-02-12 19:21:34.334,0.0,3.0,5.0,4.0,22.0,10.0,1.0,3.0,63.0,91.0,0.0937499970703126,0.2812499912109378,0.0,48.0,2026-02-12,0
2026-02-12 19:21:35.338,0.0,4.0,5.0,6.0,17.0,10.0,2.0,1.0,56.0,81.0,0.1481481426611799,0.4074073923182447,0.0,45.0,2026-02-12,0
2026-02-12 19:21:36.342,0.0,2.0,2.0,3.0,2.0,7.0,2.0,1.0,63.0,67.0,0.2222221975308669,0.5555554938271674,0.0,19.0,2026-02-12,0
2026-02-12 19:21:37.358,0.0,1.0,12.0,7.0,10.0,7.0,2.0,3.0,53.0,64.0,0.0588235259515572,1.1176469930795885,0.0,42.0,2026-02-12,0
2026-02-12 19:21:38.383,1.0,2.0,10.0,5.0,3.0,11.0,1.0,1.0,53.0,80.0,0.1428571326530619,1.0714284948979649,0.034482757431629,34.0,2026-02-12,0
2026-02-12 19:21:39.392,1.0,3.0,8.0,11.0,2.0,16.0,1.0,2.0,56.0,93.0,0.1666666574074079,1.0555554969135834,0.0270270262965668,44.0,2026-02-12,0
2026-02-12 19:21:40.405,0.0,0.0,5.0,3.0,3.0,8.0,1.0,2.0,63.0,100.0,0.0,0.7272726611570308,0.0,22.0,2026-02-12,0
2026-02-12 19:21:41.448,0.0,0.0,4.0,7.0,16.0,9.0,2.0,1.0,70.0,100.0,0.0,0.4399999824000007,0.0,39.0,2026-02-12,0
2026-02-12 19:21:42.459,0.0,2.0,5.0,1.0,18.0,17.0,1.0,0.0,75.0,83.0,0.0571428555102041,0.1714285665306124,0.0,44.0,2026-02-12,0
2026-02-12 19:21:43.475,0.0,2.0,6.0,2.0,5.0,23.0,1.0,1.0,81.0,69.0,0.0714285688775511,0.2857142755102044,0.0,40.0,2026-02-12,0
2026-02-12 19:21:44.483,0.0,1.0,2.0,0.0,3.0,12.0,2.0,2.0,84.0,48.0,0.0666666622222225,0.133333324444445,0.0,22.0,2026-02-12,0
2026-02-12 19:21:45.493,0.0,0.0,7.0,4.0,1.0,20.0,2.0,0.0,90.0,57.0,0.0,0.5238094988662143,0.0,34.0,2026-02-12,0
2026-02-12 19:21:46.503,0.0,2.0,4.0,3.0,3.0,17.0,2.0,1.0,93.0,64.0,0.0999999950000002,0.3499999825000008,0.0,32.0,2026-02-12,0
2026-02-12 19:21:47.515,0.0,0.0,2.0,1.0,3.0,21.0,3.0,1.0,100.0,64.0,0.0,0.1249999947916668,0.0,31.0,2026-02-12,0
2026-02-12 19:21:48.518,1.0,0.0,5.0,4.0,3.0,6.0,2.0,1.0,93.0,87.0,0.0,0.9999998888889012,0.0555555524691359,22.0,2026-02-12,0
2026-02-12 19:21:49.521,0.0,1.0,3.0,2.0,2.0,10.0,2.0,1.0,91.0,75.0,0.0833333263888894,0.4166666319444473,0.0,21.0,2026-02-12,0
2026-02-12 19:21:50.525,0.0,0.0,6.0,2.0,3.0,4.0,2.0,1.0,81.0,84.0,0.0,1.14285697959186,0.0,18.0,2026-02-12,0
2026-02-12 19:21:51.532,0.0,2.0,0.0,6.0,6.0,11.0,2.0,1.0,69.0,84.0,0.1176470519031145,0.3529411557093437,0.0,28.0,2026-02-12,0
2026-02-12 19:21:52.554,1.0,2.0,6.0,4.0,3.0,8.0,5.0,1.0,67.0,81.0,0.1818181652892577,0.9090908264462886,0.047619045351474,30.0,2026-02-12,0
2026-02-12 19:21:53.559,0.0,1.0,3.0,9.0,4.0,23.0,4.0,1.0,69.0,87.0,0.0370370356652949,0.4444444279835396,0.0,45.0,2026-02-12,0
2026-02-12 19:21:54.583,1.0,1.0,7.0,3.0,10.0,7.0,3.0,3.0,69.0,80.0,0.0588235259515572,0.588235259515573,0.0370370356652949,35.0,2026-02-12,0
2026-02-12 19:21:55.586,0.0,2.0,5.0,10.0,19.0,18.0,1.0,1.0,69.0,83.0,0.0540540525931337,0.4054053944485029,0.0,56.0,2026-02-12,0
2026-02-12 19:21:56.587,6.0,5.0,26.0,8.0,4.0,26.0,3.0,2.0,70.0,87.0,0.1666666611111112,1.1333332955555568,0.0937499985351562,80.0,2026-02-12,1
2026-02-12 19:21:57.589,3.0,1.0,1.0,1.0,0.0,3.0,0.0,0.0,60.0,69.0,0.3333332222222592,0.6666664444445185,0.599999880000024,9.0,2026-02-12,0
2026-02-12 19:21:58.599,0.0,1.0,5.0,9.0,3.0,23.0,2.0,1.0,70.0,77.0,0.0384615369822485,0.5384615177514801,0.0,44.0,2026-02-12,0
2026-02-12 19:21:59.604,0.0,0.0,1.0,6.0,6.0,13.0,2.0,0.0,75.0,80.0,0.0,0.3684210332409982,0.0,28.0,2026-02-12,0
2026-02-12 19:22:00.615,0.0,2.0,3.0,3.0,2.0,15.0,1.0,1.0,80.0,67.0,0.1176470519031145,0.3529411557093437,0.0,27.0,2026-02-12,0
2026-02-12 19:22:01.635,0.0,1.0,2.0,3.0,2.0,8.0,1.0,1.0,87.0,78.0,0.099999990000001,0.499999950000005,0.0,18.0,2026-02-12,0
2026-02-12 19:22:02.646,3.0,4.0,1.0,22.0,6.0,9.0,1.0,1.0,70.0,75.0,0.2666666488888901,1.533333231111118,0.0789473663434903,47.0,2026-02-12,0
2026-02-12 19:22:03.657,0.0,0.0,2.0,6.0,2.0,7.0,2.0,2.0,67.0,84.0,0.0,0.8888887901234679,0.0,21.0,2026-02-12,0
2026-02-12 19:22:04.694,25.0,2.0,4.0,28.0,14.0,11.0,6.0,1.0,60.0,97.0,0.0799999968000001,1.279999948800002,0.438596483533395,91.0,2026-02-12,0
2026-02-12 19:22:05.699,0.0,2.0,25.0,13.0,1.0,14.0,4.0,4.0,53.0,100.0,0.133333324444445,2.533333164444456,0.0,63.0,2026-02-12,0
2026-02-12 19:22:06.714,24.0,48.0,50.0,73.0,72.0,22.0,13.0,3.0,43.0,100.0,0.5106382924400181,1.3085106243775466,0.1105990778313406,305.0,2026-02-12,1
2026-02-12 19:22:07.719,100.0,7.0,18.0,8.0,2.0,20.0,20.0,5.0,37.0,94.0,0.3181818037190089,1.181818128099176,2.083333289930557,180.0,2026-02-12,1
2026-02-12 19:22:08.725,1.0,0.0,0.0,1.0,4.0,29.0,2.0,2.0,56.0,63.0,0.0,0.0303030293847566,0.0294117638408304,39.0,2026-02-12,0
2026-02-12 19:22:09.734,1.0,1.0,6.0,8.0,10.0,10.0,4.0,1.0,61.0,53.0,0.0499999975000001,0.6999999650000017,0.0294117638408304,41.0,2026-02-12,0
2026-02-12 19:22:10.738,3.0,1.0,10.0,13.0,6.0,15.0,4.0,2.0,78.0,67.0,0.047619045351474,1.0952380430839026,0.0681818166322314,54.0,2026-02-12,0
2026-02-12 19:22:11.748,0.0,0.0,2.0,1.0,5.0,19.0,3.0,1.0,94.0,60.0,0.0,0.1249999947916668,0.0,31.0,2026-02-12,0
2026-02-12 19:22:12.758,0.0,1.0,0.0,8.0,5.0,19.0,1.0,1.0,87.0,80.0,0.0416666649305556,0.333333319444445,0.0,35.0,2026-02-12,0
2026-02-12 19:22:13.764,3.0,2.0,1.0,5.0,1.0,4.0,1.0,1.0,80.0,70.0,0.399999920000016,1.199999760000048,0.2727272479338866,18.0,2026-02-12,0
2026-02-12 19:22:14.775,0.0,1.0,1.0,3.0,3.0,13.0,7.0,3.0,87.0,53.0,0.0624999960937502,0.2499999843750009,0.0,31.0,2026-02-12,0
2026-02-12 19:22:15.789,2.0,0.0,1.0,0.0,1.0,4.0,1.0,1.0,80.0,53.0,0.0,0.199999960000008,0.333333277777787,10.0,2026-02-12,0
2026-02-12 19:22:16.799,23.0,4.0,11.0,10.0,7.0,33.0,6.0,3.0,75.0,56.0,0.0999999975,0.5249999868750004,0.3770491741467349,97.0,2026-02-12,0
2026-02-12 19:22:17.812,65.0,4.0,18.0,9.0,2.0,8.0,2.0,1.0,70.0,67.0,0.399999960000004,2.699999730000027,1.756756709276846,109.0,2026-02-12,0
2026-02-12 19:22:18.822,2.0,1.0,1.0,0.0,0.0,2.0,0.0,0.0,60.0,63.0,0.499999750000125,0.499999750000125,0.6666664444445185,6.0,2026-02-12,0
2026-02-12 19:22:19.828,2.0,2.0,6.0,8.0,7.0,10.0,2.0,4.0,51.0,70.0,0.1176470519031145,0.8235293633218022,0.0645161269510926,41.0,2026-02-12,0
2026-02-12 19:22:20.829,5.0,8.0,5.0,2.0,1.0,21.0,2.0,2.0,47.0,54.0,0.3636363471074387,0.3181818037190089,0.1724137871581452,46.0,2026-02-12,0
2026-02-12 19:22:21.837,0.0,1.0,1.0,12.0,11.0,39.0,4.0,2.0,67.0,47.0,0.0199999996,0.2599999948000001,0.0,70.0,2026-02-12,0
2026-02-12 19:22:22.844,3.0,6.0,4.0,3.0,18.0,13.0,3.0,2.0,67.0,44.0,0.193548380853278,0.2258064443288243,0.0789473663434903,52.0,2026-02-12,0
2026-02-12 19:22:23.858,7.0,7.0,7.0,15.0,20.0,14.0,2.0,4.0,64.0,37.0,0.2058823468858133,0.6470588044982705,0.1249999977678571,76.0,2026-02-12,0
2026-02-12 19:22:24.866,1.0,4.0,6.0,14.0,39.0,12.0,3.0,1.0,61.0,47.0,0.0784313710111496,0.3921568550557479,0.0140845068438801,80.0,2026-02-12,0
2026-02-12 19:22:25.880,0.0,2.0,4.0,5.0,45.0,14.0,1.0,1.0,51.0,35.0,0.0338983045101982,0.152542370295892,0.0,72.0,2026-02-12,0
2026-02-12 19:22:26.880,0.0,1.0,1.0,9.0,17.0,10.0,1.0,1.0,56.0,48.0,0.0370370356652949,0.3703703566529497,0.0,40.0,2026-02-12,0
2026-02-12 19:22:27.893,3.0,2.0,2.0,12.0,13.0,16.0,2.0,2.0,64.0,53.0,0.0689655148632581,0.4827586040428067,0.0697674402379665,52.0,2026-02-12,0
2026-02-12 19:22:28.901,1.0,0.0,13.0,8.0,19.0,22.0,1.0,1.0,74.0,63.0,0.0,0.5121951094586559,0.0161290319979188,65.0,2026-02-12,0
2026-02-12 19:22:29.904,0.0,0.0,4.0,1.0,5.0,9.0,2.0,1.0,78.0,75.0,0.0,0.3571428316326549,0.0,22.0,2026-02-12,0
2026-02-12 19:22:30.915,1.0,1.0,9.0,3.0,6.0,18.0,5.0,1.0,81.0,80.0,0.0416666649305556,0.4999999791666675,0.0277777770061728,44.0,2026-02-12,0
2026-02-12 19:22:31.928,0.0,1.0,1.0,1.0,3.0,10.0,2.0,1.0,69.0,66.0,0.0769230710059176,0.1538461420118352,0.0,19.0,2026-02-12,0
2026-02-12 19:22:32.943,1.0,1.0,6.0,3.0,5.0,9.0,2.0,1.0,61.0,69.0,0.0714285663265309,0.6428570969387788,0.0434782589792061,28.0,2026-02-12,0
2026-02-12 19:22:33.945,0.0,0.0,1.0,5.0,8.0,16.0,3.0,1.0,66.0,63.0,0.0,0.2499999895833337,0.0,34.0,2026-02-12,0
2026-02-12 19:22:34.957,0.0,3.0,4.0,13.0,4.0,15.0,2.0,0.0,75.0,64.0,0.1578947285318563,0.8947367950138528,0.0,41.0,2026-02-12,0
2026-02-12 19:22:35.969,0.0,0.0,4.0,8.0,1.0,8.0,2.0,1.0,70.0,88.0,0.0,1.3333331851852015,0.0,24.0,2026-02-12,0
2026-02-12 19:22:36.973,0.0,1.0,2.0,4.0,13.0,12.0,1.0,2.0,77.0,80.0,0.0399999984,0.2399999904000003,0.0,35.0,2026-02-12,0
2026-02-12 19:22:37.982,0.0,0.0,10.0,2.0,4.0,9.0,1.0,1.0,67.0,93.0,0.0,0.9230768520710114,0.0,27.0,2026-02-12,0
2026-02-12 19:22:39.035,0.0,0.0,4.0,1.0,8.0,11.0,5.0,2.0,78.0,88.0,0.0,0.2631578808864273,0.0,31.0,2026-02-12,0
2026-02-12 19:22:40.040,1.0,2.0,4.0,32.0,21.0,22.0,2.0,0.0,77.0,80.0,0.046511626825311,0.8372092828555981,0.0126582276878705,84.0,2026-02-12,0
2026-02-12 19:22:41.045,1.0,1.0,2.0,5.0,11.0,20.0,2.0,1.0,81.0,80.0,0.0322580634755463,0.2258064443288243,0.0263157887811634,43.0,2026-02-12,0
2026-02-12 19:22:42.048,0.0,1.0,2.0,5.0,5.0,18.0,3.0,0.0,87.0,64.0,0.0434782589792061,0.3043478128544429,0.0,34.0,2026-02-12,0
2026-02-12 19:22:43.050,2.0,2.0,2.0,8.0,2.0,30.0,2.0,0.0,87.0,64.0,0.062499998046875,0.3124999902343753,0.0476190464852608,48.0,2026-02-12,0
2026-02-12 19:22:44.059,1.0,3.0,4.0,8.0,5.0,22.0,3.0,1.0,88.0,54.0,0.1111111069958849,0.4444444279835396,0.0256410249835634,47.0,2026-02-12,0
2026-02-12 19:22:45.067,0.0,2.0,10.0,4.0,5.0,30.0,2.0,2.0,87.0,64.0,0.0571428555102041,0.3999999885714289,0.0,55.0,2026-02-12,0
2026-02-12 19:22:46.073,0.0,1.0,3.0,6.0,11.0,9.0,2.0,1.0,80.0,64.0,0.0499999975000001,0.4499999775000011,0.0,33.0,2026-02-12,0
2026-02-12 19:22:47.077,0.0,2.0,3.0,10.0,7.0,8.0,2.0,1.0,69.0,70.0,0.133333324444445,0.8666666088888928,0.0,33.0,2026-02-12,0
2026-02-12 19:22:48.088,1.0,4.0,11.0,3.0,10.0,18.0,1.0,1.0,66.0,70.0,0.1428571377551022,0.4999999821428577,0.0238095232426304,49.0,2026-02-12,0
2026-02-12 19:22:49.090,1.0,1.0,3.0,11.0,11.0,18.0,3.0,0.0,63.0,70.0,0.034482757431629,0.4827586040428067,0.0232558134126555,48.0,2026-02-12,0
2026-02-12 19:22:50.099,19.0,7.0,2.0,12.0,9.0,41.0,1.0,0.0,66.0,64.0,0.1399999972,0.2799999944000001,0.2968749953613282,91.0,2026-02-12,0
2026-02-12 19:22:51.101,3.0,1.0,0.0,0.0,1.0,6.0,0.0,0.0,74.0,48.0,0.1428571224489825,0.0,0.4285713673469475,11.0,2026-02-12,0
2026-02-12 19:22:52.117,0.0,1.0,5.0,6.0,11.0,16.0,2.0,2.0,77.0,51.0,0.0370370356652949,0.4074073923182447,0.0,43.0,2026-02-12,0
2026-02-12 19:22:53.132,0.0,2.0,2.0,5.0,12.0,22.0,1.0,2.0,78.0,40.0,0.0588235276816609,0.2058823468858133,0.0,46.0,2026-02-12,0
2026-02-12 19:22:54.138,0.0,1.0,8.0,5.0,7.0,7.0,1.0,1.0,70.0,56.0,0.0714285663265309,0.9285713622449028,0.0,30.0,2026-02-12,0
2026-02-12 19:22:55.140,0.0,1.0,3.0,5.0,3.0,18.0,2.0,8.0,77.0,74.0,0.047619045351474,0.3809523628117922,0.0,40.0,2026-02-12,0
2026-02-12 19:22:56.154,1.0,3.0,2.0,0.0,4.0,12.0,2.0,3.0,74.0,57.0,0.1874999882812507,0.1249999921875004,0.0555555524691359,27.0,2026-02-12,0
2026-02-12 19:22:57.169,0.0,1.0,5.0,5.0,3.0,11.0,1.0,1.0,67.0,69.0,0.0714285663265309,0.7142856632653098,0.0,27.0,2026-02-12,0
2026-02-12 19:22:58.178,0.0,2.0,4.0,3.0,4.0,8.0,4.0,3.0,67.0,61.0,0.1666666527777789,0.5833332847222263,0.0,28.0,2026-02-12,0
2026-02-12 19:22:59.182,1.0,2.0,3.0,23.0,10.0,11.0,3.0,1.0,54.0,66.0,0.095238090702948,1.2380951791383248,0.0212765952919873,54.0,2026-02-12,0
2026-02-12 19:23:00.186,1.0,2.0,13.0,8.0,2.0,9.0,1.0,2.0,48.0,90.0,0.1818181652892577,1.909090735537206,0.0312499990234375,38.0,2026-02-12,0
2026-02-12 19:23:01.189,15.0,4.0,2.0,9.0,8.0,18.0,1.0,1.0,48.0,78.0,0.1538461479289943,0.4230769068047343,0.4054053944485029,58.0,2026-02-12,1
2026-02-12 19:23:02.189,0.0,1.0,1.0,10.0,6.0,19.0,5.0,2.0,54.0,80.0,0.0399999984,0.4399999824000007,0.0,44.0,2026-02-12,0
2026-02-12 19:23:03.195,0.0,4.0,9.0,6.0,12.0,14.0,4.0,1.0,56.0,70.0,0.1538461479289943,0.5769230547337286,0.0,50.0,2026-02-12,0
2026-02-12 19:23:04.203,0.0,3.0,5.0,6.0,12.0,21.0,4.0,2.0,66.0,57.0,0.09090908815427,0.3333333232323235,0.0,53.0,2026-02-12,0
2026-02-12 19:23:05.221,2.0,0.0,0.0,1.0,1.0,2.0,1.0,0.0,63.0,60.0,0.0,0.3333332222222592,0.4999998750000312,7.0,2026-02-12,0
2026-02-12 19:23:06.226,2.0,3.0,5.0,9.0,6.0,11.0,2.0,2.0,54.0,60.0,0.1764705778546718,0.8235293633218022,0.0645161269510926,40.0,2026-02-12,0
2026-02-12 19:23:07.239,0.0,0.0,2.0,6.0,4.0,11.0,3.0,1.0,63.0,64.0,0.0,0.5333332977777802,0.0,27.0,2026-02-12,0
2026-02-12 19:23:08.240,0.0,3.0,1.0,1.0,7.0,11.0,3.0,1.0,60.0,48.0,0.1666666574074079,0.1111111049382719,0.0,27.0,2026-02-12,0
2026-02-12 19:23:09.241,0.0,7.0,4.0,7.0,7.0,14.0,2.0,2.0,56.0,43.0,0.3333333174603182,0.5238094988662143,0.0,43.0,2026-02-12,0
2026-02-12 19:23:10.250,8.0,3.0,5.0,4.0,6.0,4.0,1.0,0.0,51.0,40.0,0.299999970000003,0.8999999100000091,0.4210526094182837,31.0,2026-02-12,0
2026-02-12 19:23:11.255,3.0,0.0,0.0,6.0,3.0,4.0,0.0,0.0,43.0,41.0,0.0,0.857142734693895,0.2307692130177528,16.0,2026-02-12,0
2026-02-12 19:23:12.265,2.0,4.0,5.0,6.0,3.0,16.0,3.0,1.0,41.0,61.0,0.2105263047091418,0.5789473379501401,0.0666666644444445,40.0,2026-02-12,0
2026-02-12 19:23:13.276,0.0,0.0,6.0,5.0,7.0,13.0,10.0,1.0,53.0,78.0,0.0,0.5499999725000013,0.0,42.0,2026-02-12,0
2026-02-12 19:23:14.286,1.0,2.0,4.0,5.0,7.0,16.0,4.0,1.0,66.0,78.0,0.0869565179584122,0.3913043308128551,0.0312499990234375,40.0,2026-02-12,0
2026-02-12 19:23:15.295,1.0,0.0,3.0,2.0,2.0,15.0,3.0,1.0,78.0,74.0,0.0,0.2941176297577865,0.0454545433884298,27.0,2026-02-12,0
2026-02-12 19:23:16.306,3.0,1.0,0.0,2.0,1.0,4.0,1.0,0.0,75.0,63.0,0.199999960000008,0.399999920000016,0.4285713673469475,12.0,2026-02-12,0
2026-02-12 19:23:17.340,0.0,1.0,3.0,8.0,8.0,20.0,1.0,1.0,78.0,56.0,0.0357142844387755,0.3928571288265311,0.0,42.0,2026-02-12,0
2026-02-12 19:23:18.344,0.0,1.0,7.0,7.0,4.0,12.0,5.0,2.0,74.0,67.0,0.0624999960937502,0.8749999453125034,0.0,38.0,2026-02-12,0
2026-02-12 19:23:19.352,0.0,0.0,2.0,6.0,18.0,10.0,3.0,0.0,67.0,63.0,0.0,0.2857142755102044,0.0,39.0,2026-02-12,0
2026-02-12 19:23:20.361,3.0,4.0,2.0,10.0,20.0,20.0,9.0,1.0,70.0,67.0,0.0999999975,0.2999999925000002,0.0576923065828402,69.0,2026-02-12,0
2026-02-12 19:23:21.375,4.0,12.0,13.0,4.0,5.0,7.0,3.0,3.0,48.0,56.0,0.9999999166666736,1.416666548611121,0.1379310297265162,51.0,2026-02-12,0
2026-02-12 19:23:22.386,6.0,1.0,2.0,0.0,0.0,0.0,0.0,0.0,30.0,48.0,1000000.0,2000000.0,2.99999850000075,9.0,2026-02-12,1
2026-02-12 19:23:23.390,0.0,1.0,1.0,1.0,5.0,17.0,3.0,2.0,41.0,37.0,0.0454545433884298,0.0909090867768596,0.0,30.0,2026-02-12,0
2026-02-12 19:23:24.401,2.0,3.0,1.0,6.0,6.0,18.0,2.0,1.0,43.0,38.0,0.1249999947916668,0.2916666545138894,0.0645161269510926,39.0,2026-02-12,0
2026-02-12 19:23:25.412,3.0,2.0,0.0,4.0,0.0,8.0,0.0,0.0,57.0,40.0,0.2499999687500039,0.4999999375000079,0.2499999791666684,17.0,2026-02-12,0
2026-02-12 19:23:26.427,11.0,13.0,11.0,16.0,16.0,13.0,5.0,1.0,63.0,37.0,0.4482758466111777,0.9310344506539844,0.1964285679209184,86.0,2026-02-12,0
2026-02-12 19:23:27.434,1.0,6.0,14.0,21.0,10.0,5.0,2.0,2.0,35.0,56.0,0.3999999733333351,2.333333177777788,0.0199999996,61.0,2026-02-12,0
2026-02-12 19:23:28.446,0.0,2.0,2.0,2.0,9.0,15.0,4.0,1.0,35.0,51.0,0.0833333298611112,0.1666666597222225,0.0,35.0,2026-02-12,0
2026-02-12 19:23:29.456,1.0,10.0,12.0,6.0,4.0,16.0,1.0,2.0,27.0,53.0,0.4999999750000012,0.8999999550000022,0.0263157887811634,52.0,2026-02-12,0
2026-02-12 19:23:30.466,7.0,2.0,1.0,7.0,9.0,11.0,4.0,7.0,40.0,53.0,0.0999999950000002,0.399999980000001,0.2499999910714288,48.0,2026-02-12,0
2026-02-12 19:23:31.478,24.0,6.0,7.0,4.0,4.0,15.0,1.0,0.0,51.0,40.0,0.3157894570637127,0.5789473379501401,0.7999999733333342,61.0,2026-02-12,0
2026-02-12 19:23:32.483,3.0,1.0,0.0,0.0,1.0,3.0,0.0,0.0,44.0,30.0,0.2499999375000156,0.0,0.7499998125000469,8.0,2026-02-12,0
2026-02-12 19:23:33.492,0.0,2.0,4.0,2.0,4.0,13.0,3.0,1.0,53.0,30.0,0.1176470519031145,0.3529411557093437,0.0,29.0,2026-02-12,0
2026-02-12 19:23:34.500,0.0,0.0,2.0,3.0,4.0,10.0,2.0,2.0,60.0,38.0,0.0,0.3571428316326549,0.0,23.0,2026-02-12,0
2026-02-12 19:23:35.512,0.0,1.0,20.0,6.0,3.0,12.0,1.0,0.0,60.0,60.0,0.0666666622222225,1.7333332177777856,0.0,43.0,2026-02-12,0
2026-02-12 19:23:36.521,5.0,1.0,0.0,1.0,1.0,4.0,1.0,0.0,61.0,75.0,0.199999960000008,0.199999960000008,0.8333331944444675,13.0,2026-02-12,0
2026-02-12 19:23:37.529,10.0,7.0,3.0,8.0,7.0,8.0,1.0,1.0,51.0,70.0,0.4666666355555576,0.7333332844444478,0.3846153698224858,45.0,2026-02-12,1
2026-02-12 19:23:38.537,0.0,1.0,3.0,1.0,3.0,12.0,3.0,2.0,53.0,64.0,0.0666666622222225,0.2666666488888901,0.0,25.0,2026-02-12,0
2026-02-12 19:23:39.547,1.0,0.0,6.0,2.0,0.0,7.0,3.0,0.0,57.0,60.0,0.0,1.14285697959186,0.0666666622222225,19.0,2026-02-12,0
2026-02-12 19:23:40.557,0.0,0.0,0.0,5.0,7.0,9.0,1.0,2.0,66.0,64.0,0.0,0.3124999804687512,0.0,24.0,2026-02-12,0
2026-02-12 19:23:41.564,19.0,12.0,0.0,3.0,29.0,15.0,4.0,2.0,67.0,48.0,0.2727272665289257,0.0681818166322314,0.4042553105477593,84.0,2026-02-12,0
2026-02-12 19:23:42.574,1.0,1.0,6.0,5.0,9.0,16.0,1.0,1.0,64.0,53.0,0.0399999984,0.4399999824000007,0.0277777770061728,40.0,2026-02-12,0
2026-02-12 19:23:43.586,0.0,1.0,4.0,6.0,25.0,13.0,1.0,0.0,66.0,38.0,0.0263157887811634,0.2631578878116345,0.0,50.0,2026-02-12,0
2026-02-12 19:23:44.591,4.0,0.0,1.0,1.0,2.0,6.0,0.0,0.0,56.0,54.0,0.0,0.2499999687500039,0.399999960000004,14.0,2026-02-12,0
2026-02-12 19:23:45.605,1.0,10.0,6.0,6.0,4.0,10.0,0.0,1.0,43.0,44.0,0.7142856632653098,0.8571427959183717,0.0384615369822485,38.0,2026-02-12,0
2026-02-12 19:23:46.618,4.0,8.0,5.0,7.0,9.0,8.0,3.0,0.0,27.0,41.0,0.4705882076124583,0.7058823114186875,0.1379310297265162,44.0,2026-02-12,1
2026-02-12 19:23:47.626,0.0,1.0,13.0,5.0,3.0,13.0,2.0,1.0,40.0,61.0,0.0624999960937502,1.1249999296875044,0.0,38.0,2026-02-12,0
2026-02-12 19:23:48.635,0.0,1.0,13.0,5.0,3.0,13.0,2.0,1.0,40.0,61.0,0.0624999960937502,1.1249999296875044,0.0,38.0,2026-02-12,0
2026-02-12 19:23:49.643,2.0,1.0,11.0,12.0,17.0,17.0,2.0,1.0,57.0,70.0,0.0294117638408304,0.676470568339101,0.0350877186826716,63.0,2026-02-12,0
2026-02-12 19:23:50.651,0.0,0.0,9.0,6.0,6.0,17.0,3.0,2.0,75.0,90.0,0.0,0.6521738846880919,0.0,43.0,2026-02-12,0
2026-02-12 19:23:51.657,1.0,0.0,6.0,3.0,28.0,17.0,1.0,1.0,83.0,74.0,0.0,0.1999999955555556,0.0185185181755829,57.0,2026-02-12,0
2026-02-12 19:23:52.665,2.0,0.0,1.0,0.0,1.0,2.0,0.0,0.0,69.0,78.0,0.0,0.3333332222222592,0.4999998750000312,6.0,2026-02-12,0
2026-02-12 19:23:53.666,12.0,5.0,14.0,15.0,32.0,22.0,1.0,1.0,66.0,70.0,0.092592590877915,0.5370370270919069,0.1445783115111046,102.0,2026-02-12,1
2026-02-12 19:23:54.676,5.0,3.0,2.0,1.0,1.0,3.0,0.0,0.0,53.0,53.0,0.7499998125000469,0.7499998125000469,0.7142856122449125,15.0,2026-02-12,1
2026-02-12 19:23:55.688,40.0,1.0,1.0,11.0,2.0,12.0,1.0,1.0,48.0,64.0,0.0714285663265309,0.8571427959183717,1.5384614792899431,69.0,2026-02-12,0
2026-02-12 19:23:56.691,0.0,3.0,0.0,9.0,5.0,18.0,1.0,1.0,53.0,61.0,0.1304347769376184,0.3913043308128551,0.0,37.0,2026-02-12,0
2026-02-12 19:23:57.702,2.0,6.0,2.0,3.0,16.0,10.0,2.0,1.0,51.0,47.0,0.2307692218934914,0.1923076849112429,0.0645161269510926,42.0,2026-02-12,0
2026-02-12 19:23:58.713,14.0,10.0,15.0,27.0,11.0,16.0,2.0,2.0,48.0,57.0,0.3703703566529497,1.555555497942389,0.202898547784079,97.0,2026-02-12,0
2026-02-12 19:23:59.722,8.0,2.0,1.0,5.0,10.0,2.0,0.0,0.0,35.0,47.0,0.1666666527777789,0.4999999583333368,0.4444444197530878,28.0,2026-02-12,0
2026-02-12 19:24:00.731,1.0,1.0,3.0,4.0,7.0,17.0,1.0,1.0,40.0,48.0,0.0416666649305556,0.2916666545138894,0.0322580634755463,35.0,2026-02-12,0
2026-02-12 19:24:01.741,2.0,5.0,11.0,14.0,10.0,10.0,7.0,1.0,35.0,67.0,0.2499999875000006,1.249999937500003,0.0444444434567901,60.0,2026-02-12,0
2026-02-12 19:24:02.743,3.0,0.0,3.0,0.0,3.0,4.0,0.0,0.0,47.0,67.0,0.0,0.4285713673469475,0.299999970000003,13.0,2026-02-12,0
2026-02-12 19:24:03.753,3.0,5.0,6.0,8.0,5.0,4.0,1.0,0.0,44.0,70.0,0.5555554938271674,1.5555553827160686,0.1304347769376184,32.0,2026-02-12,0
2026-02-12 19:24:04.764,11.0,1.0,1.0,5.0,1.0,3.0,0.0,0.0,34.0,78.0,0.2499999375000156,1.4999996250000938,1.099999890000011,22.0,2026-02-12,1
2026-02-12 19:24:05.769,0.0,1.0,1.0,9.0,11.0,8.0,0.0,0.0,43.0,77.0,0.0526315761772854,0.5263157617728547,0.0,30.0,2026-02-12,0
2026-02-12 19:24:06.777,4.0,3.0,5.0,3.0,16.0,13.0,3.0,0.0,41.0,66.0,0.1034482722948871,0.2758620594530324,0.1081081051862674,47.0,2026-02-12,0
2026-02-12 19:24:07.783,10.0,3.0,12.0,7.0,14.0,19.0,1.0,2.0,53.0,67.0,0.09090908815427,0.5757575583103771,0.1923076886094675,68.0,2026-02-12,0
2026-02-12 19:24:08.790,1.0,6.0,2.0,3.0,7.0,18.0,3.0,1.0,57.0,51.0,0.2399999904000003,0.1999999920000003,0.0333333322222222,41.0,2026-02-12,0
2026-02-12 19:24:09.795,3.0,2.0,2.0,12.0,5.0,6.0,4.0,1.0,50.0,53.0,0.1818181652892577,1.272727157024804,0.1199999952000001,35.0,2026-02-12,0
2026-02-12 19:24:10.799,1.0,2.0,9.0,8.0,5.0,17.0,2.0,1.0,54.0,66.0,0.0909090867768596,0.7727272376033073,0.0256410249835634,45.0,2026-02-12,0
2026-02-12 19:24:11.814,1.0,1.0,10.0,3.0,10.0,16.0,1.0,2.0,56.0,67.0,0.0384615369822485,0.4999999807692314,0.0256410249835634,44.0,2026-02-12,0
2026-02-12 19:24:12.819,0.0,1.0,2.0,6.0,2.0,24.0,1.0,0.0,66.0,81.0,0.0384615369822485,0.3076922958579886,0.0,36.0,2026-02-12,0
2026-02-12 19:24:13.827,0.0,1.0,11.0,2.0,9.0,12.0,4.0,1.0,77.0,84.0,0.047619045351474,0.6190475895691624,0.0,40.0,2026-02-12,0
2026-02-12 19:24:14.834,4.0,0.0,4.0,2.0,6.0,3.0,0.0,0.0,67.0,83.0,0.0,0.6666665925926009,0.2666666488888901,19.0,2026-02-12,0
2026-02-12 19:24:15.844,1.0,7.0,9.0,9.0,13.0,11.0,4.0,5.0,57.0,77.0,0.2916666545138894,0.7499999687500013,0.0238095232426304,59.0,2026-02-12,0
2026-02-12 19:24:16.858,61.0,6.0,10.0,11.0,6.0,7.0,3.0,1.0,38.0,78.0,0.4615384260355057,1.61538449112427,1.794117594290659,105.0,2026-02-12,1
2026-02-12 19:24:17.866,1.0,2.0,2.0,10.0,9.0,11.0,6.0,0.0,37.0,75.0,0.0999999950000002,0.5999999700000015,0.0312499990234375,41.0,2026-02-12,0
2026-02-12 19:24:18.870,1.0,2.0,7.0,8.0,11.0,14.0,2.0,2.0,41.0,70.0,0.0799999968000001,0.599999976000001,0.024999999375,47.0,2026-02-12,0
2026-02-12 19:24:19.879,1.0,2.0,2.0,7.0,8.0,14.0,0.0,0.0,51.0,75.0,0.0909090867768596,0.4090908904958686,0.0322580634755463,34.0,2026-02-12,0
2026-02-12 19:24:20.886,0.0,2.0,14.0,6.0,25.0,13.0,2.0,2.0,60.0,77.0,0.0526315775623269,0.5263157756232691,0.0,64.0,2026-02-12,0
2026-02-12 19:24:21.893,3.0,2.0,0.0,3.0,5.0,4.0,0.0,0.0,54.0,63.0,0.2222221975308669,0.3333332962963004,0.2499999791666684,17.0,2026-02-12,0
2026-02-12 19:24:22.902,2.0,2.0,13.0,12.0,27.0,22.0,2.0,2.0,56.0,64.0,0.040816325697626,0.5102040712203251,0.0270270266617969,82.0,2026-02-12,0
2026-02-12 19:24:23.913,1.0,4.0,12.0,9.0,8.0,8.0,3.0,1.0,44.0,69.0,0.2499999843750009,1.312499917968755,0.0270270262965668,46.0,2026-02-12,0
2026-02-12 19:24:24.920,1.0,5.0,2.0,16.0,6.0,5.0,3.0,1.0,35.0,66.0,0.4545454132231443,1.6363634876033195,0.034482757431629,39.0,2026-02-12,0
2026-02-12 19:24:25.932,4.0,5.0,5.0,6.0,9.0,22.0,1.0,1.0,41.0,70.0,0.1612903173777317,0.3548386982310097,0.0952380929705216,53.0,2026-02-12,1
2026-02-12 19:24:26.933,0.0,0.0,4.0,2.0,2.0,16.0,1.0,3.0,50.0,70.0,0.0,0.3333333148148158,0.0,28.0,2026-02-12,0
2026-02-12 19:24:27.945,0.0,1.0,2.0,4.0,15.0,8.0,2.0,0.0,61.0,63.0,0.0434782589792061,0.2608695538752368,0.0,32.0,2026-02-12,0
2026-02-12 19:24:28.959,0.0,4.0,8.0,18.0,20.0,30.0,1.0,0.0,77.0,64.0,0.0799999984,0.5199999896000003,0.0,81.0,2026-02-12,0
2026-02-12 19:24:29.972,1.0,2.0,21.0,6.0,2.0,28.0,2.0,1.0,77.0,81.0,0.0666666644444445,0.899999970000001,0.0175438593413358,63.0,2026-02-12,0
2026-02-12 19:24:30.982,1.0,1.0,8.0,2.0,10.0,14.0,3.0,1.0,70.0,78.0,0.0416666649305556,0.4166666493055562,0.0294117638408304,40.0,2026-02-12,0
2026-02-12 19:24:31.990,0.0,1.0,4.0,1.0,8.0,23.0,5.0,1.0,78.0,78.0,0.0322580634755463,0.1612903173777317,0.0,43.0,2026-02-12,0
2026-02-12 19:24:32.995,0.0,1.0,3.0,8.0,14.0,6.0,1.0,2.0,74.0,78.0,0.0499999975000001,0.5499999725000013,0.0,35.0,2026-02-12,0
2026-02-12 19:24:34.003,3.0,4.0,54.0,4.0,6.0,20.0,2.0,1.0,64.0,83.0,0.1538461479289943,2.230769144970417,0.0357142852891156,94.0,2026-02-12,0
2026-02-12 19:24:35.014,1.0,3.0,3.0,2.0,5.0,17.0,1.0,0.0,63.0,75.0,0.1363636301652895,0.2272727169421492,0.0370370356652949,32.0,2026-02-12,0
2026-02-12 19:24:36.027,0.0,1.0,0.0,5.0,11.0,12.0,1.0,1.0,57.0,77.0,0.0434782589792061,0.2173912948960306,0.0,31.0,2026-02-12,0
2026-02-12 19:24:37.038,1.0,2.0,2.0,2.0,10.0,14.0,1.0,1.0,66.0,63.0,0.0833333298611112,0.1666666597222225,0.0357142844387755,33.0,2026-02-12,0
2026-02-12 19:24:38.046,2.0,3.0,1.0,3.0,3.0,18.0,1.0,2.0,77.0,37.0,0.142857136054422,0.1904761814058961,0.0799999968000001,33.0,2026-02-12,0
2026-02-12 19:24:39.057,2.0,3.0,9.0,1.0,5.0,23.0,1.0,2.0,78.0,40.0,0.1071428533163266,0.3571428443877555,0.0526315775623269,46.0,2026-02-12,0
2026-02-12 19:24:40.060,5.0,3.0,10.0,3.0,7.0,31.0,2.0,1.0,78.0,43.0,0.0789473663434903,0.3421052541551249,0.0980392137639369,62.0,2026-02-12,0
2026-02-12 19:24:41.072,0.0,4.0,9.0,2.0,7.0,11.0,3.0,1.0,69.0,53.0,0.2222222098765439,0.6111110771604957,0.0,37.0,2026-02-12,0
2026-02-12 19:24:42.079,0.0,0.0,13.0,18.0,11.0,28.0,1.0,0.0,70.0,77.0,0.0,0.7948717744904674,0.0,71.0,2026-02-12,0
2026-02-12 19:24:43.093,0.0,2.0,8.0,3.0,14.0,8.0,2.0,3.0,63.0,80.0,0.0909090867768596,0.4999999772727282,0.0,40.0,2026-02-12,0
2026-02-12 19:24:44.103,0.0,1.0,1.0,6.0,3.0,4.0,1.0,0.0,51.0,84.0,0.1428571224489825,0.9999998571428776,0.0,16.0,2026-02-12,0
2026-02-12 19:24:45.113,0.0,1.0,3.0,2.0,4.0,9.0,1.0,0.0,57.0,83.0,0.0769230710059176,0.3846153550295881,0.0,20.0,2026-02-12,0
2026-02-12 19:24:46.122,17.0,10.0,12.0,5.0,14.0,10.0,1.0,0.0,41.0,63.0,0.4166666493055562,0.7083333038194456,0.4146341362284357,69.0,2026-02-12,0
2026-02-12 19:24:47.130,15.0,2.0,5.0,4.0,9.0,13.0,2.0,2.0,47.0,63.0,0.0909090867768596,0.4090908904958686,0.4838709521331951,52.0,2026-02-12,0
2026-02-12 19:24:48.141,0.0,0.0,2.0,2.0,1.0,6.0,1.0,0.0,56.0,63.0,0.0,0.57142848979593,0.0,12.0,2026-02-12,0
2026-02-12 19:24:49.147,3.0,2.0,0.0,6.0,5.0,17.0,2.0,0.0,57.0,60.0,0.0909090867768596,0.272727260330579,0.1071428533163266,35.0,2026-02-12,0
2026-02-12 19:24:50.156,1.0,5.0,7.0,9.0,36.0,13.0,2.0,0.0,64.0,60.0,0.102040814244065,0.326530605581008,0.0153846151479289,73.0,2026-02-12,0
2026-02-12 19:24:51.168,0.0,0.0,0.0,9.0,4.0,13.0,4.0,2.0,70.0,67.0,0.0,0.5294117335640156,0.0,32.0,2026-02-12,0
2026-02-12 19:24:52.177,0.0,2.0,1.0,1.0,10.0,26.0,1.0,0.0,78.0,44.0,0.0555555540123457,0.0555555540123457,0.0,41.0,2026-02-12,0
2026-02-12 19:24:53.184,0.0,0.0,17.0,2.0,8.0,13.0,2.0,1.0,77.0,66.0,0.0,0.9047618616780064,0.0,43.0,2026-02-12,0
2026-02-12 19:24:54.192,1.0,1.0,1.0,3.0,15.0,10.0,1.0,0.0,84.0,61.0,0.0399999984,0.1599999936000002,0.034482757431629,32.0,2026-02-12,0
2026-02-12 19:24:55.197,2.0,4.0,10.0,16.0,5.0,13.0,1.0,2.0,70.0,61.0,0.2222222098765439,1.4444443641975353,0.0454545444214876,53.0,2026-02-12,0
2026-02-12 19:24:56.212,0.0,1.0,9.0,6.0,7.0,26.0,2.0,0.0,66.0,87.0,0.0303030293847566,0.4545454407713503,0.0,51.0,2026-02-12,0
2026-02-12 19:24:57.214,0.0,0.0,0.0,2.0,9.0,9.0,1.0,0.0,80.0,61.0,0.0,0.1111111049382719,0.0,21.0,2026-02-12,0
2026-02-12 19:24:58.221,0.0,1.0,7.0,3.0,6.0,13.0,2.0,1.0,78.0,75.0,0.0526315761772854,0.5263157617728547,0.0,33.0,2026-02-12,0
2026-02-12 19:24:59.235,0.0,0.0,2.0,4.0,4.0,11.0,2.0,0.0,93.0,74.0,0.0,0.3999999733333351,0.0,23.0,2026-02-12,0
2026-02-12 19:25:00.246,0.0,1.0,1.0,5.0,4.0,12.0,2.0,1.0,70.0,75.0,0.0624999960937502,0.3749999765625014,0.0,26.0,2026-02-12,0
2026-02-12 19:25:01.257,0.0,2.0,1.0,1.0,1.0,6.0,1.0,0.0,67.0,64.0,0.285714244897965,0.285714244897965,0.0,12.0,2026-02-12,0
2026-02-12 19:25:02.266,1.0,0.0,3.0,0.0,6.0,12.0,3.0,0.0,74.0,57.0,0.0,0.1666666574074079,0.047619045351474,25.0,2026-02-12,0
2026-02-12 19:25:03.270,14.0,3.0,6.0,3.0,9.0,25.0,2.0,2.0,81.0,56.0,0.0882352915224914,0.2647058745674743,0.325581387777177,64.0,2026-02-12,0
2026-02-12 19:25:04.274,11.0,12.0,11.0,5.0,6.0,13.0,5.0,7.0,67.0,47.0,0.6315789141274255,0.8421052188365674,0.3142857053061227,70.0,2026-02-12,0
2026-02-12 19:25:05.283,1.0,0.0,10.0,15.0,12.0,9.0,1.0,1.0,66.0,67.0,0.0,1.1904761337868508,0.0217391299621928,49.0,2026-02-12,0
2026-02-12 19:25:06.292,2.0,4.0,5.0,15.0,14.0,20.0,1.0,0.0,53.0,70.0,0.1176470553633219,0.5882352768166096,0.0370370363511659,61.0,2026-02-12,0
2026-02-12 19:25:07.307,4.0,10.0,1.0,1.0,8.0,9.0,1.0,0.0,38.0,51.0,0.588235259515573,0.1176470519031145,0.2105263047091418,34.0,2026-02-12,0
2026-02-12 19:25:08.317,15.0,10.0,10.0,14.0,5.0,9.0,2.0,1.0,35.0,56.0,0.7142856632653098,1.7142855918367434,0.3947368317174518,66.0,2026-02-12,1
2026-02-12 19:25:09.327,0.0,5.0,18.0,5.0,18.0,30.0,3.0,1.0,38.0,41.0,0.1041666644965278,0.479166656684028,0.0,80.0,2026-02-12,0
2026-02-12 19:25:10.338,2.0,9.0,12.0,3.0,10.0,12.0,3.0,0.0,29.0,35.0,0.4090908904958686,0.6818181508264477,0.0540540525931337,51.0,2026-02-12,0
2026-02-12 19:25:11.346,22.0,3.0,1.0,7.0,4.0,31.0,4.0,2.0,47.0,53.0,0.0857142832653062,0.2285714220408165,0.5116278950784211,74.0,2026-02-12,0
2026-02-12 19:25:12.353,4.0,1.0,3.0,1.0,1.0,3.0,3.0,0.0,53.0,60.0,0.2499999375000156,0.9999997500000624,0.4999999375000079,16.0,2026-02-12,0
2026-02-12 19:25:13.362,8.0,1.0,1.0,4.0,7.0,4.0,1.0,0.0,48.0,57.0,0.0909090826446288,0.4545454132231443,0.4999999687500019,26.0,2026-02-12,0
2026-02-12 19:25:14.378,2.0,0.0,4.0,2.0,2.0,5.0,0.0,0.0,60.0,70.0,0.0,0.857142734693895,0.1538461420118352,15.0,2026-02-12,0
2026-02-12 19:25:15.391,1.0,2.0,4.0,12.0,8.0,5.0,1.0,1.0,43.0,84.0,0.1538461420118352,1.230769136094682,0.034482757431629,34.0,2026-02-12,0
2026-02-12 19:25:16.398,0.0,1.0,2.0,5.0,3.0,8.0,2.0,1.0,51.0,84.0,0.0909090826446288,0.636363578512402,0.0,22.0,2026-02-12,0
2026-02-12 19:25:17.401,0.0,3.0,4.0,10.0,14.0,17.0,2.0,1.0,56.0,87.0,0.096774190426639,0.4516128886576487,0.0,51.0,2026-02-12,0
2026-02-12 19:25:18.423,0.0,0.0,5.0,5.0,11.0,7.0,4.0,0.0,54.0,83.0,0.0,0.5555555246913597,0.0,32.0,2026-02-12,0
2026-02-12 19:25:19.436,1.0,2.0,6.0,4.0,19.0,12.0,2.0,1.0,63.0,74.0,0.0645161269510926,0.3225806347554634,0.024390243307555,47.0,2026-02-12,0
2026-02-12 19:25:20.441,1.0,6.0,19.0,5.0,14.0,21.0,2.0,1.0,57.0,70.0,0.1714285665306124,0.6857142661224496,0.0169491522550991,69.0,2026-02-12,0
2026-02-12 19:25:21.449,2.0,2.0,5.0,2.0,9.0,30.0,3.0,0.0,66.0,64.0,0.0512820499671269,0.1794871748849442,0.0434782599243856,53.0,2026-02-12,0
2026-02-12 19:25:22.465,0.0,1.0,13.0,17.0,3.0,16.0,1.0,1.0,64.0,75.0,0.0526315761772854,1.5789472853185638,0.0,52.0,2026-02-12,0
2026-02-12 19:25:23.470,4.0,3.0,7.0,13.0,11.0,16.0,1.0,2.0,63.0,81.0,0.1111111069958849,0.7407407133058995,0.0851063811679493,57.0,2026-02-12,1
2026-02-12 19:25:24.480,2.0,1.0,10.0,0.0,4.0,11.0,2.0,0.0,67.0,87.0,0.0666666622222225,0.6666666222222252,0.0799999968000001,30.0,2026-02-12,0
2026-02-12 19:25:25.487,0.0,1.0,0.0,1.0,1.0,7.0,1.0,1.0,63.0,84.0,0.1249999843750019,0.1249999843750019,0.0,12.0,2026-02-12,0
2026-02-12 19:25:26.501,0.0,1.0,1.0,4.0,2.0,8.0,2.0,1.0,64.0,66.0,0.099999990000001,0.499999950000005,0.0,19.0,2026-02-12,0
2026-02-12 19:25:27.508,0.0,1.0,5.0,4.0,8.0,12.0,0.0,1.0,69.0,66.0,0.0499999975000001,0.4499999775000011,0.0,31.0,2026-02-12,0
2026-02-12 19:25:28.516,0.0,0.0,2.0,3.0,4.0,12.0,1.0,1.0,75.0,60.0,0.0,0.3124999804687512,0.0,23.0,2026-02-12,0
2026-02-12 19:25:29.528,0.0,1.0,2.0,5.0,5.0,20.0,2.0,0.0,80.0,67.0,0.0399999984,0.2799999888000004,0.0,35.0,2026-02-12,0
2026-02-12 19:25:30.540,0.0,3.0,3.0,2.0,1.0,19.0,2.0,4.0,84.0,63.0,0.1499999925000003,0.2499999875000006,0.0,34.0,2026-02-12,0
2026-02-12 19:25:31.550,0.0,1.0,2.0,5.0,9.0,20.0,2.0,2.0,90.0,56.0,0.034482757431629,0.2413793020214033,0.0,41.0,2026-02-12,0
2026-02-12 19:25:32.561,1.0,0.0,2.0,3.0,4.0,22.0,1.0,1.0,96.0,54.0,0.0,0.1923076849112429,0.0322580634755463,34.0,2026-02-12,0
2026-02-12 19:25:33.573,0.0,1.0,2.0,1.0,5.0,12.0,1.0,1.0,96.0,50.0,0.0588235259515572,0.1764705778546718,0.0,23.0,2026-02-12,0
2026-02-12 19:25:34.581,0.0,1.0,6.0,4.0,8.0,8.0,1.0,1.0,91.0,63.0,0.0624999960937502,0.6249999609375024,0.0,29.0,2026-02-12,0
2026-02-12 19:25:35.590,2.0,3.0,15.0,8.0,8.0,11.0,2.0,0.0,78.0,74.0,0.1578947285318563,1.2105262520775657,0.0476190464852608,49.0,2026-02-12,0
2026-02-12 19:25:36.601,0.0,2.0,1.0,5.0,3.0,15.0,0.0,1.0,64.0,70.0,0.1111111049382719,0.3333333148148158,0.0,27.0,2026-02-12,0
2026-02-12 19:25:37.615,0.0,1.0,5.0,4.0,4.0,10.0,1.0,1.0,57.0,78.0,0.0714285663265309,0.6428570969387788,0.0,26.0,2026-02-12,0
2026-02-12 19:25:38.627,2.0,1.0,1.0,3.0,4.0,26.0,0.0,1.0,69.0,64.0,0.0333333322222222,0.133333328888889,0.0588235276816609,38.0,2026-02-12,0
2026-02-12 19:25:39.639,0.0,2.0,3.0,12.0,6.0,20.0,2.0,0.0,80.0,60.0,0.0769230739644971,0.5769230547337286,0.0,45.0,2026-02-12,0
2026-02-12 19:25:40.649,0.0,0.0,2.0,0.0,6.0,8.0,2.0,0.0,83.0,60.0,0.0,0.1428571326530619,0.0,18.0,2026-02-12,0
2026-02-12 19:25:41.660,1.0,0.0,3.0,11.0,4.0,4.0,2.0,1.0,77.0,70.0,0.0,1.7499997812500274,0.0454545433884298,26.0,2026-02-12,0
2026-02-12 19:25:42.668,0.0,2.0,12.0,2.0,15.0,15.0,2.0,0.0,64.0,80.0,0.0666666644444445,0.4666666511111116,0.0,48.0,2026-02-12,0
2026-02-12 19:25:43.672,0.0,4.0,5.0,2.0,5.0,11.0,6.0,2.0,60.0,74.0,0.2499999843750009,0.4374999726562517,0.0,35.0,2026-02-12,0
2026-02-12 19:25:44.685,38.0,5.0,4.0,12.0,10.0,8.0,7.0,2.0,44.0,75.0,0.2777777623456798,0.8888888395061756,1.117647025951558,86.0,2026-02-12,1
2026-02-12 19:25:45.688,24.0,1.0,2.0,3.0,4.0,3.0,0.0,0.0,41.0,61.0,0.1428571224489825,0.7142856122449125,1.9999998333333475,37.0,2026-02-12,0
2026-02-12 19:25:46.694,11.0,15.0,14.0,4.0,12.0,21.0,10.0,4.0,34.0,50.0,0.4545454407713503,0.5454545289256204,0.2156862702806613,91.0,2026-02-12,1
2026-02-12 19:25:47.700,3.0,1.0,0.0,0.0,2.0,5.0,1.0,1.0,40.0,44.0,0.1428571224489825,0.0,0.4285713673469475,13.0,2026-02-12,0
2026-02-12 19:25:48.709,0.0,2.0,4.0,3.0,6.0,11.0,10.0,1.0,50.0,44.0,0.1176470519031145,0.4117646816609011,0.0,37.0,2026-02-12,0
2026-02-12 19:25:49.720,3.0,1.0,6.0,25.0,8.0,11.0,7.0,2.0,54.0,56.0,0.0526315761772854,1.6315788614958493,0.0599999988,63.0,2026-02-12,0
2026-02-12 19:25:50.731,0.0,0.0,3.0,4.0,2.0,8.0,3.0,2.0,64.0,74.0,0.0,0.699999930000007,0.0,22.0,2026-02-12,0
2026-02-12 19:25:51.741,1.0,1.0,4.0,2.0,1.0,20.0,7.0,5.0,69.0,84.0,0.047619045351474,0.2857142721088441,0.0370370356652949,41.0,2026-02-12,0
2026-02-12 19:25:52.748,0.0,1.0,3.0,4.0,6.0,23.0,2.0,1.0,80.0,88.0,0.034482757431629,0.2413793020214033,0.0,40.0,2026-02-12,0
2026-02-12 19:25:53.761,0.0,0.0,0.0,5.0,1.0,18.0,3.0,1.0,97.0,80.0,0.0,0.2631578808864273,0.0,28.0,2026-02-12,0
2026-02-12 19:25:54.770,0.0,1.0,0.0,2.0,2.0,8.0,1.0,3.0,100.0,64.0,0.099999990000001,0.199999980000002,0.0,17.0,2026-02-12,0
2026-02-12 19:25:55.774,0.0,0.0,1.0,1.0,1.0,8.0,3.0,2.0,100.0,60.0,0.0,0.2222221975308669,0.0,16.0,2026-02-12,0
2026-02-12 19:25:56.785,0.0,0.0,1.0,2.0,2.0,7.0,3.0,1.0,93.0,60.0,0.0,0.3333332962963004,0.0,16.0,2026-02-12,0
2026-02-12 19:25:57.793,0.0,2.0,0.0,5.0,6.0,9.0,2.0,2.0,81.0,50.0,0.133333324444445,0.3333333111111126,0.0,26.0,2026-02-12,0
2026-02-12 19:25:58.802,1.0,5.0,19.0,10.0,34.0,8.0,3.0,1.0,64.0,57.0,0.119047616213152,0.6904761740362816,0.0140845068438801,81.0,2026-02-12,0
2026-02-12 19:25:59.810,2.0,1.0,3.0,19.0,14.0,17.0,3.0,1.0,56.0,67.0,0.0322580634755463,0.7096773964620194,0.0377358483446066,60.0,2026-02-12,0
2026-02-12 19:26:00.813,1.0,2.0,7.0,1.0,2.0,4.0,2.0,0.0,44.0,70.0,0.333333277777787,1.3333331111111482,0.0714285663265309,19.0,2026-02-12,0
2026-02-12 19:26:01.815,3.0,2.0,1.0,0.0,0.0,1.0,0.0,0.0,27.0,67.0,1.999998000002,0.999999000001,1.499999250000375,7.0,2026-02-12,0
2026-02-12 19:26:02.825,12.0,5.0,6.0,2.0,8.0,21.0,8.0,7.0,40.0,56.0,0.1724137871581452,0.2758620594530324,0.3243243155588023,69.0,2026-02-12,0
2026-02-12 19:26:03.837,0.0,0.0,4.0,4.0,5.0,28.0,5.0,2.0,51.0,51.0,0.0,0.2424242350780535,0.0,48.0,2026-02-12,0
2026-02-12 19:26:04.851,0.0,0.0,1.0,1.0,3.0,13.0,5.0,2.0,69.0,41.0,0.0,0.1249999921875004,0.0,25.0,2026-02-12,0
2026-02-12 19:26:05.859,0.0,0.0,10.0,3.0,3.0,6.0,8.0,4.0,83.0,67.0,0.0,1.4444442839506353,0.0,34.0,2026-02-12,0
2026-02-12 19:26:06.871,15.0,10.0,2.0,7.0,6.0,13.0,6.0,3.0,75.0,64.0,0.5263157617728547,0.4736841855955691,0.5357142665816333,62.0,2026-02-12,0
2026-02-12 19:26:07.879,1.0,1.0,5.0,2.0,0.0,12.0,4.0,4.0,66.0,69.0,0.0833333263888894,0.5833332847222263,0.0526315761772854,29.0,2026-02-12,0
2026-02-12 19:26:08.889,0.0,1.0,5.0,9.0,5.0,17.0,2.0,1.0,57.0,81.0,0.0454545433884298,0.6363636074380178,0.0,40.0,2026-02-12,0
2026-02-12 19:26:09.900,1.0,1.0,2.0,7.0,10.0,11.0,4.0,3.0,61.0,63.0,0.047619045351474,0.4285714081632663,0.0333333322222222,39.0,2026-02-12,0
2026-02-12 19:26:10.915,1.0,2.0,6.0,6.0,19.0,14.0,3.0,1.0,70.0,74.0,0.0606060587695133,0.3636363526170802,0.022222221728395,52.0,2026-02-12,0
2026-02-12 19:26:11.925,1.0,1.0,8.0,8.0,18.0,22.0,3.0,2.0,74.0,69.0,0.024999999375,0.3999999900000002,0.0178571425382653,63.0,2026-02-12,0
2026-02-12 19:26:12.937,0.0,1.0,5.0,3.0,4.0,28.0,3.0,1.0,90.0,57.0,0.0312499990234375,0.2499999921875002,0.0,45.0,2026-02-12,0
2026-02-12 19:26:13.949,0.0,0.0,8.0,0.0,8.0,23.0,3.0,2.0,100.0,61.0,0.0,0.2580645078043707,0.0,44.0,2026-02-12,0
2026-02-12 19:26:14.964,0.0,0.0,1.0,6.0,2.0,3.0,2.0,2.0,91.0,70.0,0.0,1.399999720000056,0.0,16.0,2026-02-12,0
2026-02-12 19:26:15.972,1.0,6.0,6.0,3.0,11.0,37.0,1.0,2.0,83.0,67.0,0.1249999973958334,0.1874999960937501,0.0175438593413358,67.0,2026-02-12,0
2026-02-12 19:26:16.980,0.0,0.0,9.0,1.0,1.0,17.0,10.0,3.0,81.0,80.0,0.0,0.5555555246913597,0.0,41.0,2026-02-12,0
2026-02-12 19:26:17.986,1.0,3.0,6.0,2.0,15.0,10.0,1.0,5.0,67.0,70.0,0.1199999952000001,0.3199999872000005,0.0303030293847566,43.0,2026-02-12,0
2026-02-12 19:26:18.993,0.0,0.0,4.0,1.0,2.0,32.0,3.0,3.0,87.0,54.0,0.0,0.1470588192041524,0.0,45.0,2026-02-12,0
2026-02-12 19:26:20.001,0.0,1.0,2.0,12.0,35.0,33.0,5.0,2.0,91.0,61.0,0.0147058821366782,0.2058823499134948,0.0,90.0,2026-02-12,0
2026-02-12 19:26:21.007,0.0,2.0,3.0,8.0,4.0,15.0,4.0,1.0,84.0,50.0,0.1052631523545709,0.5789473379501401,0.0,37.0,2026-02-12,0
2026-02-12 19:26:22.016,2.0,1.0,5.0,3.0,4.0,7.0,1.0,1.0,84.0,56.0,0.0909090826446288,0.7272726611570308,0.1052631523545709,24.0,2026-02-12,0
2026-02-12 19:26:23.024,0.0,1.0,2.0,4.0,5.0,12.0,2.0,1.0,74.0,60.0,0.0588235259515572,0.3529411557093437,0.0,27.0,2026-02-12,0
2026-02-12 19:26:24.029,49.0,11.0,5.0,15.0,17.0,39.0,12.0,14.0,64.0,56.0,0.1964285679209184,0.3571428507653063,0.6447368336218838,162.0,2026-02-12,0
2026-02-12 19:26:25.035,1.0,1.0,1.0,4.0,7.0,18.0,5.0,3.0,74.0,53.0,0.0399999984,0.1999999920000003,0.0333333322222222,40.0,2026-02-12,0
2026-02-12 19:26:26.046,3.0,0.0,2.0,0.0,1.0,1.0,0.0,0.0,74.0,61.0,0.0,0.99999950000025,0.7499998125000469,7.0,2026-02-12,0
2026-02-12 19:26:27.050,0.0,0.0,1.0,1.0,0.0,16.0,5.0,1.0,80.0,57.0,0.0,0.1249999921875004,0.0,24.0,2026-02-12,0
2026-02-12 19:26:28.060,0.0,5.0,19.0,18.0,4.0,12.0,5.0,1.0,70.0,75.0,0.3124999804687512,2.312499855468759,0.0,64.0,2026-02-12,0
2026-02-12 19:26:29.083,2.0,3.0,0.0,6.0,2.0,3.0,1.0,1.0,51.0,75.0,0.599999880000024,1.199999760000048,0.1818181652892577,18.0,2026-02-12,0
2026-02-12 19:26:30.086,1.0,0.0,13.0,2.0,32.0,17.0,8.0,5.0,57.0,66.0,0.0,0.3061224427321951,0.0156249997558593,78.0,2026-02-12,0
2026-02-12 19:26:31.093,12.0,11.0,40.0,21.0,10.0,33.0,8.0,10.0,40.0,77.0,0.2558139475392105,1.4186046181719858,0.1153846142751479,145.0,2026-02-12,1
2026-02-12 19:26:32.104,14.0,5.0,4.0,2.0,1.0,6.0,4.0,1.0,40.0,60.0,0.7142856122449125,0.857142734693895,1.0769229940828466,37.0,2026-02-12,0
2026-02-12 19:26:33.108,1.0,2.0,1.0,16.0,20.0,10.0,8.0,4.0,48.0,64.0,0.0666666644444445,0.5666666477777784,0.0212765952919873,62.0,2026-02-12,0
2026-02-12 19:26:34.118,1.0,1.0,2.0,3.0,6.0,13.0,5.0,5.0,48.0,57.0,0.0526315761772854,0.2631578808864273,0.0416666649305556,36.0,2026-02-12,0
2026-02-12 19:26:35.130,7.0,2.0,3.0,5.0,1.0,6.0,6.0,5.0,48.0,53.0,0.285714244897965,1.14285697959186,0.4666666355555576,35.0,2026-02-12,0
2026-02-12 19:26:36.140,1.0,3.0,3.0,8.0,9.0,14.0,6.0,2.0,56.0,60.0,0.1304347769376184,0.4782608487712674,0.0294117638408304,46.0,2026-02-12,0
2026-02-12 19:26:37.145,0.0,1.0,15.0,6.0,6.0,43.0,4.0,2.0,69.0,64.0,0.020408162848813,0.4285714198250731,0.0,77.0,2026-02-12,0
2026-02-12 19:26:38.152,0.0,1.0,4.0,4.0,9.0,14.0,6.0,2.0,69.0,69.0,0.0434782589792061,0.347826071833649,0.0,40.0,2026-02-12,0
2026-02-12 19:26:39.162,15.0,2.0,7.0,8.0,30.0,15.0,7.0,1.0,75.0,66.0,0.0444444434567901,0.3333333259259261,0.2499999958333334,85.0,2026-02-12,0
2026-02-12 19:26:40.172,1.0,0.0,11.0,13.0,28.0,15.0,2.0,2.0,77.0,75.0,0.0,0.5581395219037321,0.0149253729115616,72.0,2026-02-12,0
2026-02-12 19:26:41.179,0.0,0.0,10.0,1.0,4.0,8.0,6.0,2.0,67.0,80.0,0.0,0.9166665902777842,0.0,31.0,2026-02-12,0
2026-02-12 19:26:42.189,0.0,1.0,3.0,3.0,8.0,20.0,3.0,2.0,75.0,78.0,0.0357142844387755,0.2142857066326533,0.0,40.0,2026-02-12,0
2026-02-12 19:26:43.202,0.0,1.0,4.0,9.0,10.0,19.0,7.0,2.0,78.0,81.0,0.034482757431629,0.4482758466111777,0.0,52.0,2026-02-12,0
2026-02-12 19:26:44.214,0.0,0.0,4.0,5.0,4.0,16.0,3.0,3.0,87.0,83.0,0.0,0.4499999775000011,0.0,35.0,2026-02-12,0
2026-02-12 19:26:45.221,0.0,0.0,5.0,8.0,8.0,22.0,4.0,4.0,93.0,77.0,0.0,0.4333333188888894,0.0,51.0,2026-02-12,0
2026-02-12 19:26:46.230,1.0,1.0,1.0,1.0,4.0,9.0,5.0,1.0,90.0,67.0,0.0769230710059176,0.1538461420118352,0.0666666622222225,23.0,2026-02-12,0
2026-02-12 19:26:47.237,0.0,2.0,2.0,2.0,6.0,13.0,3.0,1.0,88.0,60.0,0.1052631523545709,0.2105263047091418,0.0,29.0,2026-02-12,0
2026-02-12 19:26:48.245,0.0,2.0,7.0,8.0,1.0,12.0,5.0,2.0,80.0,56.0,0.1538461420118352,1.1538460650887643,0.0,37.0,2026-02-12,0
2026-02-12 19:26:49.255,0.0,0.0,6.0,5.0,4.0,13.0,7.0,3.0,75.0,61.0,0.0,0.6470587854671302,0.0,38.0,2026-02-12,0
2026-02-12 19:26:50.264,0.0,1.0,3.0,5.0,6.0,18.0,3.0,0.0,78.0,70.0,0.0416666649305556,0.333333319444445,0.0,36.0,2026-02-12,0
2026-02-12 19:26:51.273,0.0,1.0,9.0,4.0,7.0,7.0,5.0,7.0,69.0,84.0,0.0714285663265309,0.9285713622449028,0.0,40.0,2026-02-12,0
2026-02-12 19:26:52.280,0.0,0.0,1.0,0.0,5.0,14.0,4.0,3.0,83.0,70.0,0.0,0.0526315761772854,0.0,27.0,2026-02-12,0
2026-02-12 19:26:53.289,0.0,0.0,0.0,4.0,4.0,10.0,2.0,1.0,87.0,61.0,0.0,0.2857142653061239,0.0,21.0,2026-02-12,0
2026-02-12 19:26:54.296,1.0,2.0,1.0,13.0,5.0,21.0,2.0,0.0,83.0,61.0,0.0769230739644971,0.5384615177514801,0.024999999375,45.0,2026-02-12,0
2026-02-12 19:26:55.306,0.0,2.0,16.0,1.0,4.0,41.0,4.0,1.0,96.0,57.0,0.0444444434567901,0.3777777693827162,0.0,69.0,2026-02-12,0
2026-02-12 19:26:56.317,0.0,3.0,10.0,5.0,14.0,10.0,3.0,1.0,78.0,67.0,0.1249999947916668,0.6249999739583344,0.0,46.0,2026-02-12,0
2026-02-12 19:26:57.330,0.0,0.0,2.0,3.0,2.0,11.0,5.0,3.0,74.0,69.0,0.0,0.3846153550295881,0.0,26.0,2026-02-12,0
2026-02-12 19:26:58.341,0.0,2.0,12.0,3.0,5.0,21.0,2.0,6.0,70.0,69.0,0.0769230739644971,0.5769230547337286,0.0,51.0,2026-02-12,0
2026-02-12 19:26:59.351,1.0,1.0,1.0,1.0,8.0,10.0,3.0,2.0,66.0,54.0,0.0555555524691359,0.1111111049382719,0.0499999975000001,27.0,2026-02-12,0
2026-02-12 19:27:00.359,0.0,0.0,12.0,9.0,2.0,8.0,2.0,1.0,67.0,70.0,0.0,2.0999997900000213,0.0,34.0,2026-02-12,0
2026-02-12 19:27:01.370,0.0,0.0,1.0,8.0,5.0,42.0,3.0,2.0,77.0,69.0,0.0,0.191489357627886,0.0,61.0,2026-02-12,0
2026-02-12 19:27:02.381,0.0,1.0,0.0,9.0,7.0,10.0,2.0,1.0,75.0,66.0,0.0588235259515572,0.5294117335640156,0.0,30.0,2026-02-12,0
2026-02-12 19:27:03.389,0.0,2.0,6.0,4.0,1.0,9.0,1.0,3.0,67.0,81.0,0.199999980000002,0.99999990000001,0.0,26.0,2026-02-12,0
2026-02-12 19:27:04.400,0.0,2.0,0.0,2.0,4.0,19.0,2.0,3.0,83.0,50.0,0.0869565179584122,0.0869565179584122,0.0,32.0,2026-02-12,0
2026-02-12 19:27:05.405,0.0,0.0,9.0,4.0,19.0,20.0,4.0,10.0,75.0,53.0,0.0,0.333333324786325,0.0,66.0,2026-02-12,0
2026-02-12 19:27:06.415,0.0,1.0,4.0,4.0,3.0,14.0,4.0,5.0,77.0,54.0,0.0588235259515572,0.4705882076124583,0.0,35.0,2026-02-12,0
2026-02-12 19:27:07.426,0.0,3.0,5.0,4.0,2.0,23.0,4.0,1.0,83.0,50.0,0.1199999952000001,0.3599999856000005,0.0,42.0,2026-02-12,0
2026-02-12 19:27:08.432,0.0,0.0,6.0,5.0,4.0,18.0,5.0,5.0,83.0,69.0,0.0,0.4999999772727282,0.0,43.0,2026-02-12,0
2026-02-12 19:27:09.443,0.0,2.0,14.0,5.0,12.0,29.0,5.0,0.0,80.0,70.0,0.04878048661511,0.4634146228435458,0.0,67.0,2026-02-12,0
2026-02-12 19:27:10.450,1.0,1.0,15.0,1.0,3.0,21.0,2.0,1.0,80.0,80.0,0.0416666649305556,0.66666663888889,0.024999999375,45.0,2026-02-12,0
2026-02-12 19:27:11.461,0.0,0.0,4.0,4.0,2.0,18.0,6.0,2.0,84.0,88.0,0.0,0.399999980000001,0.0,36.0,2026-02-12,0
2026-02-12 19:27:12.468,0.0,0.0,3.0,2.0,6.0,15.0,7.0,5.0,90.0,83.0,0.0,0.2380952267573701,0.0,38.0,2026-02-12,0
2026-02-12 19:27:13.478,0.0,0.0,8.0,9.0,3.0,16.0,3.0,5.0,91.0,94.0,0.0,0.8947367950138528,0.0,44.0,2026-02-12,0
2026-02-12 19:27:14.483,0.0,1.0,1.0,6.0,3.0,8.0,6.0,1.0,87.0,87.0,0.0909090826446288,0.636363578512402,0.0,26.0,2026-02-12,0
2026-02-12 19:27:15.493,0.0,1.0,3.0,3.0,3.0,11.0,5.0,2.0,80.0,81.0,0.0714285663265309,0.4285713979591858,0.0,28.0,2026-02-12,0
2026-02-12 19:27:16.501,0.0,1.0,1.0,5.0,4.0,10.0,3.0,5.0,70.0,78.0,0.0714285663265309,0.4285713979591858,0.0,29.0,2026-02-12,0
2026-02-12 19:27:17.512,0.0,0.0,1.0,6.0,4.0,10.0,3.0,4.0,70.0,64.0,0.0,0.4999999642857168,0.0,28.0,2026-02-12,0
2026-02-12 19:27:18.518,1.0,0.0,3.0,10.0,5.0,21.0,3.0,1.0,78.0,70.0,0.0,0.4999999807692314,0.0256410249835634,44.0,2026-02-12,0
2026-02-12 19:27:19.530,0.0,2.0,4.0,4.0,3.0,5.0,3.0,8.0,69.0,74.0,0.2499999687500039,0.9999998750000156,0.0,29.0,2026-02-12,0
2026-02-12 19:27:20.536,8.0,4.0,6.0,10.0,10.0,8.0,5.0,3.0,57.0,74.0,0.2222222098765439,0.8888888395061756,0.2352941107266438,54.0,2026-02-12,1
2026-02-12 19:27:21.542,1.0,3.0,9.0,7.0,20.0,47.0,2.0,1.0,61.0,67.0,0.0447761187346847,0.2388059665849856,0.0120481926259253,90.0,2026-02-12,0
2026-02-12 19:27:22.549,11.0,12.0,10.0,10.0,18.0,14.0,2.0,1.0,43.0,51.0,0.3749999882812504,0.6249999804687506,0.2115384574704142,78.0,2026-02-12,0
2026-02-12 19:27:23.560,0.0,1.0,2.0,6.0,5.0,12.0,3.0,1.0,51.0,50.0,0.0588235259515572,0.4705882076124583,0.0,30.0,2026-02-12,0
2026-02-12 19:27:24.571,2.0,0.0,1.0,1.0,1.0,2.0,1.0,0.0,57.0,48.0,0.0,0.6666664444445185,0.399999920000016,8.0,2026-02-12,0
2026-02-12 19:27:25.577,0.0,1.0,4.0,2.0,5.0,12.0,5.0,3.0,51.0,50.0,0.0588235259515572,0.3529411557093437,0.0,32.0,2026-02-12,0
2026-02-12 19:27:26.584,0.0,4.0,20.0,5.0,3.0,11.0,3.0,1.0,54.0,64.0,0.2857142653061239,1.7857141581632745,0.0,47.0,2026-02-12,0
2026-02-12 19:27:27.612,4.0,4.0,2.0,2.0,4.0,20.0,2.0,1.0,56.0,56.0,0.1666666597222225,0.1666666597222225,0.1428571377551022,39.0,2026-02-12,0
2026-02-12 19:27:28.621,0.0,0.0,5.0,4.0,4.0,17.0,1.0,1.0,61.0,63.0,0.0,0.4285714081632663,0.0,32.0,2026-02-12,0
2026-02-12 19:27:29.625,0.0,0.0,4.0,1.0,3.0,8.0,2.0,2.0,70.0,57.0,0.0,0.4545454132231443,0.0,20.0,2026-02-12,0
2026-02-12 19:27:30.637,0.0,1.0,6.0,3.0,6.0,8.0,3.0,3.0,70.0,61.0,0.0714285663265309,0.6428570969387788,0.0,30.0,2026-02-12,0
2026-02-12 19:27:31.648,0.0,0.0,3.0,3.0,3.0,27.0,2.0,0.0,83.0,70.0,0.0,0.1999999933333335,0.0,38.0,2026-02-12,0
2026-02-12 19:27:32.651,2.0,4.0,8.0,14.0,26.0,28.0,4.0,1.0,78.0,66.0,0.0740740727023319,0.4074073998628259,0.0263157891274238,87.0,2026-02-12,0
2026-02-12 19:27:33.660,3.0,0.0,3.0,1.0,2.0,5.0,0.0,0.0,77.0,70.0,0.0,0.57142848979593,0.2727272479338866,14.0,2026-02-12,0
2026-02-12 19:27:34.668,0.0,3.0,7.0,2.0,14.0,15.0,5.0,2.0,78.0,61.0,0.1034482722948871,0.3103448168846615,0.0,48.0,2026-02-12,0
2026-02-12 19:27:35.678,8.0,5.0,13.0,20.0,17.0,10.0,6.0,1.0,53.0,66.0,0.1851851783264748,1.222222176954734,0.1333333311111111,80.0,2026-02-12,0
2026-02-12 19:27:36.682,1.0,1.0,10.0,12.0,9.0,29.0,3.0,2.0,57.0,77.0,0.0263157887811634,0.578947353185596,0.0166666663888888,67.0,2026-02-12,0
2026-02-12 19:27:37.684,2.0,3.0,16.0,5.0,15.0,14.0,5.0,3.0,51.0,70.0,0.1034482722948871,0.7241379060642101,0.0399999992,63.0,2026-02-12,0
2026-02-12 19:27:38.697,2.0,2.0,8.0,14.0,8.0,18.0,2.0,2.0,51.0,84.0,0.0769230739644971,0.8461538136094686,0.0416666657986111,56.0,2026-02-12,0
2026-02-12 19:27:39.713,2.0,3.0,1.0,18.0,12.0,26.0,8.0,3.0,64.0,81.0,0.0789473663434903,0.4999999868421056,0.0350877186826716,73.0,2026-02-12,0
2026-02-12 19:27:40.720,7.0,1.0,1.0,2.0,7.0,12.0,3.0,1.0,66.0,64.0,0.0526315761772854,0.1578947285318563,0.3181818037190089,34.0,2026-02-12,0
2026-02-12 19:27:41.725,17.0,4.0,7.0,12.0,4.0,8.0,2.0,2.0,61.0,64.0,0.3333333055555579,1.5833332013889,0.5483870790842877,56.0,2026-02-12,0
2026-02-12 19:27:42.729,2.0,0.0,2.0,3.0,22.0,26.0,2.0,2.0,77.0,47.0,0.0,0.1041666644965278,0.0377358483446066,59.0,2026-02-12,0
2026-02-12 19:27:43.749,3.0,3.0,10.0,8.0,7.0,8.0,4.0,1.0,66.0,48.0,0.1999999866666675,1.199999920000005,0.09090908815427,44.0,2026-02-12,0
2026-02-12 19:27:44.784,0.0,1.0,2.0,3.0,3.0,14.0,5.0,1.0,63.0,53.0,0.0588235259515572,0.2941176297577865,0.0,29.0,2026-02-12,0
2026-02-12 19:27:45.801,7.0,1.0,12.0,5.0,9.0,17.0,8.0,9.0,74.0,56.0,0.0384615369822485,0.6538461286982258,0.1627906938885885,68.0,2026-02-12,0
2026-02-12 19:27:46.812,0.0,1.0,7.0,4.0,12.0,22.0,11.0,6.0,66.0,67.0,0.0294117638408304,0.3235294022491352,0.0,63.0,2026-02-12,0
2026-02-12 19:27:47.813,0.0,2.0,7.0,3.0,4.0,17.0,7.0,2.0,77.0,67.0,0.095238090702948,0.4761904535147402,0.0,42.0,2026-02-12,0
2026-02-12 19:27:48.824,1.0,6.0,6.0,3.0,2.0,7.0,5.0,2.0,60.0,63.0,0.6666665925926009,0.9999998888889012,0.0555555524691359,32.0,2026-02-12,0
2026-02-12 19:27:49.826,0.0,3.0,3.0,2.0,7.0,18.0,6.0,10.0,61.0,50.0,0.1199999952000001,0.1999999920000003,0.0,49.0,2026-02-12,0
2026-02-12 19:27:50.835,1.0,2.0,3.0,5.0,5.0,16.0,2.0,2.0,54.0,47.0,0.095238090702948,0.3809523628117922,0.034482757431629,36.0,2026-02-12,0
2026-02-12 19:27:51.850,0.0,2.0,3.0,5.0,3.0,8.0,2.0,1.0,50.0,44.0,0.1818181652892577,0.7272726611570308,0.0,24.0,2026-02-12,0
2026-02-12 19:27:52.865,0.0,0.0,2.0,5.0,7.0,26.0,7.0,2.0,75.0,50.0,0.0,0.2121212056932968,0.0,49.0,2026-02-12,0
2026-02-12 19:27:53.880,1.0,4.0,17.0,11.0,9.0,15.0,6.0,3.0,64.0,63.0,0.1666666597222225,1.1666666180555576,0.0192307688609467,66.0,2026-02-12,0
2026-02-12 19:27:54.895,0.0,1.0,6.0,4.0,11.0,16.0,10.0,9.0,67.0,67.0,0.0370370356652949,0.3703703566529497,0.0,57.0,2026-02-12,0
2026-02-12 19:27:55.904,1.0,1.0,5.0,5.0,6.0,16.0,1.0,1.0,77.0,69.0,0.0454545433884298,0.4545454338842984,0.0312499990234375,36.0,2026-02-12,0
2026-02-12 19:27:56.921,2.0,2.0,13.0,4.0,6.0,14.0,6.0,2.0,61.0,78.0,0.0999999950000002,0.8499999575000021,0.0540540525931337,49.0,2026-02-12,0
2026-02-12 19:27:57.932,0.0,1.0,9.0,8.0,8.0,10.0,7.0,1.0,66.0,81.0,0.0555555524691359,0.9444443919753116,0.0,44.0,2026-02-12,0
2026-02-12 19:27:58.948,4.0,2.0,2.0,2.0,6.0,12.0,10.0,1.0,66.0,74.0,0.1111111049382719,0.2222222098765439,0.1818181735537193,39.0,2026-02-12,0
2026-02-12 19:27:59.960,0.0,4.0,5.0,9.0,0.0,14.0,1.0,2.0,57.0,70.0,0.2857142653061239,0.9999999285714336,0.0,35.0,2026-02-12,0
2026-02-12 19:28:00.967,0.0,0.0,5.0,1.0,1.0,21.0,1.0,1.0,69.0,67.0,0.0,0.272727260330579,0.0,30.0,2026-02-12,0
2026-02-12 19:28:01.981,1.0,3.0,7.0,10.0,7.0,4.0,1.0,1.0,60.0,63.0,0.2727272479338866,1.5454544049586905,0.0357142844387755,34.0,2026-02-12,0
2026-02-12 19:28:03.993,37.0,0.0,3.0,2.0,2.0,3.0,0.0,0.0,56.0,84.0,0.0,0.99999980000004,3.699999630000037,47.0,2026-02-12,0
2026-02-12 19:28:05.008,57.0,11.0,36.0,14.0,11.0,26.0,4.0,1.0,51.0,88.0,0.2972972892622354,1.351351314828343,0.6551724062623862,160.0,2026-02-12,1
2026-02-12 19:28:06.023,0.0,4.0,4.0,10.0,4.0,7.0,2.0,1.0,30.0,83.0,0.3636363305785154,1.272727157024804,0.0,32.0,2026-02-12,1
2026-02-12 19:28:07.031,0.0,1.0,3.0,4.0,4.0,15.0,4.0,2.0,50.0,81.0,0.0526315761772854,0.3684210332409982,0.0,33.0,2026-02-12,0
2026-02-12 19:28:08.046,0.0,5.0,2.0,10.0,10.0,15.0,2.0,2.0,47.0,63.0,0.1999999920000003,0.4799999808000007,0.0,46.0,2026-02-12,0
2026-02-12 19:28:09.054,3.0,2.0,5.0,10.0,5.0,28.0,4.0,2.0,57.0,61.0,0.0606060587695133,0.4545454407713503,0.0624999986979167,59.0,2026-02-12,0
2026-02-12 19:28:10.055,3.0,4.0,8.0,3.0,1.0,8.0,5.0,2.0,60.0,60.0,0.4444443950617339,1.2222220864197684,0.1499999925000003,34.0,2026-02-12,0
2026-02-12 19:28:11.058,1.0,2.0,6.0,2.0,13.0,6.0,5.0,1.0,50.0,56.0,0.1052631523545709,0.4210526094182837,0.0370370356652949,36.0,2026-02-12,0
2026-02-12 19:28:12.059,1.0,4.0,5.0,15.0,4.0,18.0,2.0,1.0,50.0,63.0,0.1818181735537193,0.9090908677685968,0.0238095232426304,50.0,2026-02-12,0
2026-02-12 19:28:13.068,2.0,8.0,5.0,5.0,5.0,13.0,6.0,2.0,37.0,51.0,0.4444444197530878,0.5555555246913597,0.0714285688775511,46.0,2026-02-12,0
2026-02-12 19:28:14.081,2.0,5.0,16.0,8.0,10.0,11.0,4.0,1.0,37.0,56.0,0.2380952267573701,1.1428570884353766,0.0444444434567901,57.0,2026-02-12,0
2026-02-12 19:28:15.088,1.0,9.0,9.0,3.0,12.0,10.0,7.0,0.0,30.0,50.0,0.4090908904958686,0.5454545206611581,0.0294117638408304,51.0,2026-02-12,0
2026-02-12 19:28:16.091,0.0,0.0,7.0,17.0,39.0,42.0,5.0,1.0,43.0,48.0,0.0,0.2962962926383173,0.0,111.0,2026-02-12,0
2026-02-12 19:28:17.100,0.0,1.0,7.0,1.0,5.0,21.0,4.0,0.0,57.0,56.0,0.0384615369822485,0.3076922958579886,0.0,39.0,2026-02-12,0
2026-02-12 19:28:18.109,1.0,0.0,9.0,3.0,8.0,8.0,7.0,2.0,64.0,61.0,0.0,0.7499999531250029,0.0357142844387755,38.0,2026-02-12,0
2026-02-12 19:28:19.112,0.0,4.0,2.0,3.0,8.0,5.0,9.0,4.0,64.0,61.0,0.3076922840236705,0.3846153550295881,0.0,35.0,2026-02-12,0
2026-02-12 19:28:20.116,0.0,1.0,1.0,5.0,4.0,15.0,4.0,2.0,61.0,57.0,0.0526315761772854,0.3157894570637127,0.0,32.0,2026-02-12,0
2026-02-12 19:28:21.123,0.0,1.0,5.0,5.0,6.0,9.0,15.0,1.0,53.0,63.0,0.0666666622222225,0.6666666222222252,0.0,42.0,2026-02-12,0
2026-02-12 19:28:22.130,0.0,0.0,6.0,9.0,6.0,11.0,6.0,1.0,56.0,63.0,0.0,0.8823528892733594,0.0,39.0,2026-02-12,0
2026-02-12 19:28:23.180,0.0,1.0,1.0,4.0,3.0,27.0,7.0,2.0,78.0,67.0,0.0333333322222222,0.1666666611111112,0.0,45.0,2026-02-12,0
2026-02-12 19:28:24.187,2.0,4.0,10.0,2.0,5.0,16.0,5.0,2.0,69.0,66.0,0.1904761814058961,0.5714285442176883,0.0606060587695133,46.0,2026-02-12,0
2026-02-12 19:28:25.201,24.0,33.0,3.0,5.0,2.0,32.0,6.0,2.0,61.0,40.0,0.9705882067474058,0.2352941107266438,0.5714285578231296,107.0,2026-02-12,0
2026-02-12 19:28:26.212,4.0,7.0,9.0,3.0,6.0,13.0,1.0,4.0,51.0,26.0,0.3684210332409982,0.6315789141274255,0.1290322539021853,47.0,2026-02-12,0
2026-02-12 19:28:27.221,0.0,1.0,9.0,12.0,4.0,19.0,2.0,4.0,41.0,41.0,0.0434782589792061,0.9130434385633288,0.0,51.0,2026-02-12,0
2026-02-12 19:28:28.232,1.0,6.0,5.0,1.0,6.0,7.0,10.0,1.0,34.0,37.0,0.4615384260355057,0.4615384260355057,0.0526315761772854,37.0,2026-02-12,0
2026-02-12 19:28:29.236,2.0,2.0,5.0,5.0,3.0,13.0,3.0,2.0,44.0,61.0,0.1249999921875004,0.6249999609375024,0.0769230739644971,35.0,2026-02-12,0
2026-02-12 19:28:30.244,1.0,2.0,7.0,5.0,5.0,8.0,2.0,1.0,47.0,70.0,0.1538461420118352,0.9230768520710114,0.0399999984,31.0,2026-02-12,0
2026-02-12 19:28:31.256,1.0,0.0,0.0,0.0,0.0,1.0,0.0,0.0,37.0,51.0,0.0,0.0,0.999999000001,2.0,2026-02-12,0
2026-02-12 19:28:32.265,1.0,1.0,2.0,3.0,8.0,24.0,5.0,3.0,57.0,54.0,0.0312499990234375,0.1562499951171876,0.0270270262965668,47.0,2026-02-12,0
2026-02-12 19:28:33.266,24.0,14.0,5.0,12.0,19.0,5.0,6.0,1.0,38.0,43.0,0.5833333090277788,0.7083333038194456,0.585365839381321,86.0,2026-02-12,0
2026-02-12 19:28:34.276,30.0,1.0,3.0,8.0,1.0,9.0,2.0,2.0,41.0,43.0,0.099999990000001,1.099999890000011,1.428571360544221,56.0,2026-02-12,0
2026-02-12 19:28:35.284,2.0,2.0,4.0,8.0,1.0,16.0,5.0,1.0,51.0,57.0,0.1176470519031145,0.7058823114186875,0.0689655148632581,39.0,2026-02-12,0
2026-02-12 19:28:36.291,1.0,1.0,3.0,6.0,3.0,6.0,3.0,4.0,63.0,81.0,0.1111110987654334,0.9999998888889012,0.0555555524691359,27.0,2026-02-12,0
2026-02-12 19:28:37.295,0.0,3.0,4.0,7.0,2.0,21.0,3.0,10.0,66.0,75.0,0.1304347769376184,0.4782608487712674,0.0,50.0,2026-02-12,0
2026-02-12 19:28:38.303,0.0,2.0,8.0,2.0,3.0,9.0,6.0,1.0,63.0,74.0,0.1666666527777789,0.8333332638888947,0.0,31.0,2026-02-12,0
2026-02-12 19:28:39.311,1.0,2.0,8.0,9.0,9.0,14.0,3.0,3.0,54.0,77.0,0.0869565179584122,0.7391304026465042,0.024999999375,49.0,2026-02-12,0
2026-02-12 19:28:40.322,0.0,0.0,6.0,5.0,4.0,16.0,5.0,10.0,64.0,80.0,0.0,0.5499999725000013,0.0,46.0,2026-02-12,0
2026-02-12 19:28:41.328,1.0,3.0,10.0,4.0,4.0,27.0,5.0,2.0,64.0,83.0,0.096774190426639,0.4516128886576487,0.022222221728395,56.0,2026-02-12,0
2026-02-12 19:28:42.339,1.0,3.0,8.0,7.0,2.0,23.0,8.0,5.0,69.0,81.0,0.1199999952000001,0.599999976000001,0.024999999375,57.0,2026-02-12,0
2026-02-12 19:28:43.345,1.0,1.0,0.0,1.0,2.0,14.0,7.0,3.0,80.0,64.0,0.0624999960937502,0.0624999960937502,0.0588235259515572,29.0,2026-02-12,0
2026-02-12 19:28:44.355,0.0,2.0,3.0,3.0,2.0,19.0,7.0,3.0,80.0,53.0,0.095238090702948,0.2857142721088441,0.0,39.0,2026-02-12,0
2026-02-12 19:28:45.369,0.0,0.0,3.0,2.0,4.0,20.0,5.0,2.0,88.0,50.0,0.0,0.2083333246527781,0.0,36.0,2026-02-12,0
2026-02-12 19:28:46.376,0.0,2.0,2.0,3.0,7.0,10.0,4.0,6.0,88.0,44.0,0.1176470519031145,0.2941176297577865,0.0,34.0,2026-02-12,0
2026-02-12 19:28:47.388,27.0,5.0,12.0,5.0,3.0,20.0,9.0,1.0,78.0,57.0,0.2173912948960306,0.7391304026465042,0.6749999831250004,82.0,2026-02-12,0
2026-02-12 19:28:48.403,2.0,1.0,14.0,4.0,18.0,21.0,6.0,2.0,75.0,63.0,0.0256410249835634,0.4615384497041424,0.0350877186826716,68.0,2026-02-12,0
2026-02-12 19:28:49.411,1.0,3.0,4.0,8.0,11.0,34.0,7.0,2.0,69.0,61.0,0.0666666651851852,0.2666666607407409,0.0175438593413358,70.0,2026-02-12,0
2026-02-12 19:28:50.417,14.0,5.0,8.0,7.0,12.0,8.0,6.0,11.0,57.0,63.0,0.2499999875000006,0.7499999625000018,0.3999999885714289,71.0,2026-02-12,0
2026-02-12 19:28:51.425,1.0,1.0,5.0,3.0,6.0,10.0,7.0,2.0,61.0,66.0,0.0624999960937502,0.4999999687500019,0.0416666649305556,35.0,2026-02-12,0
2026-02-12 19:28:52.432,3.0,2.0,1.0,1.0,3.0,7.0,4.0,1.0,56.0,48.0,0.199999980000002,0.199999980000002,0.2499999791666684,22.0,2026-02-12,0
2026-02-12 19:28:53.440,0.0,1.0,1.0,7.0,10.0,16.0,9.0,3.0,56.0,50.0,0.0384615369822485,0.3076922958579886,0.0,47.0,2026-02-12,0
2026-02-12 19:28:54.447,0.0,1.0,4.0,1.0,2.0,10.0,6.0,1.0,67.0,50.0,0.0833333263888894,0.4166666319444473,0.0,25.0,2026-02-12,0
2026-02-12 19:28:55.456,0.0,2.0,4.0,3.0,3.0,17.0,6.0,1.0,69.0,47.0,0.0999999950000002,0.3499999825000008,0.0,36.0,2026-02-12,0
2026-02-12 19:28:56.466,0.0,2.0,2.0,1.0,12.0,15.0,8.0,3.0,75.0,48.0,0.0740740713305899,0.1111111069958849,0.0,43.0,2026-02-12,0
2026-02-12 19:28:57.474,0.0,0.0,3.0,3.0,6.0,10.0,11.0,3.0,77.0,51.0,0.0,0.3749999765625014,0.0,36.0,2026-02-12,0
2026-02-12 19:28:58.482,2.0,0.0,0.0,1.0,1.0,2.0,0.0,1.0,77.0,56.0,0.0,0.3333332222222592,0.4999998750000312,7.0,2026-02-12,0
2026-02-12 19:28:59.490,0.0,1.0,11.0,2.0,7.0,12.0,9.0,3.0,74.0,63.0,0.0526315761772854,0.684210490304711,0.0,45.0,2026-02-12,0
2026-02-12 19:29:00.497,0.0,0.0,3.0,7.0,1.0,10.0,2.0,2.0,70.0,84.0,0.0,0.9090908264462886,0.0,25.0,2026-02-12,0
2026-02-12 19:29:01.507,2.0,0.0,1.0,2.0,1.0,4.0,1.0,0.0,64.0,90.0,0.0,0.599999880000024,0.2499999687500039,11.0,2026-02-12,0
2026-02-12 19:29:02.520,1.0,3.0,9.0,10.0,22.0,11.0,5.0,8.0,60.0,88.0,0.09090908815427,0.5757575583103771,0.0192307688609467,69.0,2026-02-12,0
2026-02-12 19:29:03.528,0.0,0.0,2.0,1.0,4.0,11.0,5.0,10.0,69.0,84.0,0.0,0.1999999866666675,0.0,33.0,2026-02-12,0
2026-02-12 19:29:04.530,1.0,2.0,5.0,16.0,13.0,7.0,7.0,6.0,60.0,80.0,0.0999999950000002,1.0499999475000026,0.024390243307555,57.0,2026-02-12,0
2026-02-12 19:29:05.540,3.0,4.0,5.0,10.0,9.0,8.0,11.0,22.0,50.0,70.0,0.2352941038062291,0.8823528892733594,0.0937499970703126,72.0,2026-02-12,0
2026-02-12 19:29:06.548,3.0,1.0,10.0,1.0,7.0,23.0,11.0,7.0,61.0,75.0,0.0333333322222222,0.3666666544444448,0.0731707299226651,63.0,2026-02-12,0
2026-02-12 19:29:07.561,0.0,3.0,2.0,11.0,7.0,14.0,9.0,7.0,51.0,74.0,0.142857136054422,0.6190475895691624,0.0,53.0,2026-02-12,0
2026-02-12 19:29:08.573,5.0,9.0,13.0,19.0,9.0,10.0,10.0,1.0,44.0,67.0,0.4736841855955691,1.6842104376731348,0.0980392137639369,76.0,2026-02-12,0
2026-02-12 19:29:09.584,0.0,3.0,3.0,7.0,6.0,17.0,12.0,7.0,53.0,66.0,0.1304347769376184,0.4347825897920613,0.0,55.0,2026-02-12,0
2026-02-12 19:29:10.594,0.0,1.0,6.0,2.0,7.0,17.0,6.0,1.0,53.0,63.0,0.0416666649305556,0.333333319444445,0.0,40.0,2026-02-12,0
2026-02-12 19:29:11.608,2.0,1.0,4.0,1.0,2.0,1.0,1.0,0.0,37.0,67.0,0.3333332222222592,1.666666111111296,0.2499999687500039,12.0,2026-02-12,0
2026-02-12 19:29:12.613,16.0,1.0,2.0,8.0,10.0,19.0,16.0,5.0,54.0,64.0,0.034482757431629,0.3448275743162905,0.4102563997370154,77.0,2026-02-12,0
2026-02-12 19:29:13.619,20.0,15.0,18.0,13.0,2.0,10.0,4.0,3.0,40.0,64.0,1.249999895833342,2.583333118055574,0.4651162682531101,85.0,2026-02-12,0
2026-02-12 19:29:14.631,2.0,2.0,1.0,8.0,7.0,12.0,4.0,11.0,30.0,61.0,0.1052631523545709,0.4736841855955691,0.0714285688775511,47.0,2026-02-12,0
2026-02-12 19:29:15.643,0.0,0.0,6.0,2.0,2.0,23.0,8.0,4.0,61.0,61.0,0.0,0.3199999872000005,0.0,45.0,2026-02-12,0
2026-02-12 19:29:16.653,0.0,2.0,5.0,4.0,1.0,8.0,8.0,4.0,51.0,66.0,0.2222221975308669,0.9999998888889012,0.0,32.0,2026-02-12,0
2026-02-12 19:29:17.664,0.0,1.0,9.0,2.0,0.0,11.0,13.0,3.0,66.0,77.0,0.0909090826446288,0.9999999090909174,0.0,39.0,2026-02-12,0
2026-02-12 19:29:18.675,0.0,0.0,4.0,5.0,3.0,21.0,4.0,2.0,77.0,81.0,0.0,0.3749999843750006,0.0,39.0,2026-02-12,0
2026-02-12 19:29:19.681,0.0,1.0,5.0,5.0,1.0,16.0,12.0,1.0,74.0,81.0,0.0588235259515572,0.588235259515573,0.0,41.0,2026-02-12,0
2026-02-12 19:29:20.689,0.0,1.0,12.0,6.0,4.0,9.0,4.0,4.0,74.0,91.0,0.0769230710059176,1.384615278106517,0.0,40.0,2026-02-12,0
2026-02-12 19:29:21.702,0.0,2.0,0.0,3.0,12.0,6.0,5.0,1.0,70.0,74.0,0.1111111049382719,0.1666666574074079,0.0,29.0,2026-02-12,0
2026-02-12 19:29:22.713,27.0,48.0,6.0,28.0,38.0,32.0,29.0,24.0,47.0,54.0,0.6857142759183675,0.4857142787755103,0.2596153821190828,232.0,2026-02-12,0
2026-02-12 19:29:23.722,46.0,61.0,10.0,8.0,12.0,24.0,58.0,10.0,21.0,26.0,1.6944443973765446,0.4999999861111115,0.8518518360768179,229.0,2026-02-12,1
2026-02-12 19:29:24.730,3.0,4.0,3.0,3.0,2.0,15.0,3.0,1.0,23.0,10.0,0.2352941038062291,0.3529411557093437,0.1304347769376184,34.0,2026-02-12,0
2026-02-12 19:29:25.740,0.0,2.0,1.0,6.0,0.0,13.0,10.0,1.0,27.0,17.0,0.1538461420118352,0.5384614970414233,0.0,33.0,2026-02-12,0
2026-02-12 19:29:26.744,0.0,0.0,4.0,3.0,7.0,29.0,12.0,5.0,56.0,34.0,0.0,0.19444443904321,0.0,60.0,2026-02-12,0
2026-02-12 19:29:27.748,0.0,0.0,2.0,1.0,8.0,13.0,3.0,5.0,88.0,51.0,0.0,0.142857136054422,0.0,32.0,2026-02-12,0
2026-02-12 19:29:28.758,0.0,1.0,5.0,3.0,6.0,9.0,8.0,2.0,90.0,61.0,0.0666666622222225,0.5333332977777802,0.0,34.0,2026-02-12,0
2026-02-12 19:29:29.766,0.0,0.0,5.0,2.0,1.0,13.0,5.0,3.0,94.0,70.0,0.0,0.4999999642857168,0.0,29.0,2026-02-12,0
2026-02-12 19:29:30.781,0.0,0.0,4.0,14.0,3.0,18.0,3.0,6.0,84.0,83.0,0.0,0.8571428163265326,0.0,48.0,2026-02-12,0
2026-02-12 19:29:31.792,1.0,3.0,14.0,2.0,7.0,10.0,8.0,2.0,66.0,90.0,0.1764705778546718,0.9411764152249168,0.0303030293847566,47.0,2026-02-12,0
2026-02-12 19:29:32.802,2.0,1.0,5.0,13.0,5.0,17.0,5.0,3.0,67.0,94.0,0.0454545433884298,0.8181817809917372,0.04999999875,51.0,2026-02-12,0
2026-02-12 19:29:33.813,0.0,1.0,0.0,8.0,15.0,29.0,10.0,14.0,74.0,81.0,0.0227272722107438,0.1818181776859505,0.0,77.0,2026-02-12,0
2026-02-12 19:29:34.820,0.0,0.0,3.0,1.0,4.0,9.0,9.0,7.0,77.0,69.0,0.0,0.3076922840236705,0.0,33.0,2026-02-12,0
2026-02-12 19:29:35.832,0.0,1.0,1.0,4.0,8.0,29.0,6.0,6.0,94.0,61.0,0.0270270262965668,0.1351351314828343,0.0,55.0,2026-02-12,0
2026-02-12 19:29:36.841,0.0,1.0,0.0,8.0,2.0,15.0,9.0,3.0,96.0,53.0,0.0588235259515572,0.4705882076124583,0.0,38.0,2026-02-12,0
2026-02-12 19:29:37.851,0.0,1.0,3.0,6.0,6.0,11.0,5.0,3.0,88.0,60.0,0.0588235259515572,0.5294117335640156,0.0,35.0,2026-02-12,0
2026-02-12 19:29:38.864,0.0,2.0,13.0,7.0,3.0,9.0,16.0,4.0,74.0,69.0,0.1666666527777789,1.6666665277777897,0.0,54.0,2026-02-12,0
2026-02-12 19:29:39.874,0.0,1.0,10.0,1.0,13.0,15.0,3.0,1.0,63.0,77.0,0.0357142844387755,0.3928571288265311,0.0,44.0,2026-02-12,0
2026-02-12 19:29:40.880,0.0,2.0,12.0,0.0,5.0,27.0,7.0,1.0,64.0,80.0,0.062499998046875,0.3749999882812504,0.0,54.0,2026-02-12,0
2026-02-12 19:29:41.887,0.0,0.0,4.0,3.0,2.0,11.0,6.0,5.0,69.0,90.0,0.0,0.5384614970414233,0.0,31.0,2026-02-12,0
2026-02-12 19:29:42.895,14.0,6.0,15.0,4.0,1.0,5.0,7.0,4.0,61.0,81.0,0.9999998333333612,3.166666138888977,0.5599999776000009,56.0,2026-02-12,1
2026-02-12 19:29:43.901,7.0,16.0,70.0,35.0,12.0,17.0,7.0,2.0,41.0,87.0,0.5517241189060649,3.6206895303210502,0.0522388055803074,166.0,2026-02-12,1
2026-02-12 19:29:44.907,61.0,52.0,49.0,22.0,25.0,100.0,28.0,11.0,29.0,75.0,0.415999996672,0.567999995456,0.3112244882080383,348.0,2026-02-12,1
2026-02-12 19:29:45.916,52.0,9.0,32.0,10.0,38.0,25.0,7.0,3.0,16.0,66.0,0.1428571405895692,0.6666666560846563,0.495238090521542,176.0,2026-02-12,1
2026-02-12 19:29:46.923,0.0,2.0,2.0,6.0,7.0,9.0,1.0,0.0,29.0,63.0,0.1249999921875004,0.4999999687500019,0.0,27.0,2026-02-12,0
2026-02-12 19:29:47.933,1.0,0.0,1.0,1.0,1.0,6.0,0.0,0.0,50.0,53.0,0.0,0.285714244897965,0.1111110987654334,10.0,2026-02-12,0
2026-02-12 19:29:48.942,8.0,9.0,2.0,17.0,8.0,13.0,2.0,1.0,47.0,56.0,0.4285714081632663,0.9047618616780064,0.1999999950000001,60.0,2026-02-12,0
2026-02-12 19:29:49.950,8.0,3.0,16.0,13.0,24.0,19.0,4.0,4.0,50.0,57.0,0.0697674402379665,0.6744185889670096,0.1111111095679012,91.0,2026-02-12,0
2026-02-12 19:29:50.960,30.0,20.0,24.0,24.0,6.0,23.0,3.0,2.0,20.0,56.0,0.689655148632581,1.6551723567181946,0.3896103845505145,132.0,2026-02-12,1
2026-02-12 19:29:52.974,27.0,3.0,4.0,1.0,1.0,17.0,0.0,0.0,29.0,53.0,0.1666666574074079,0.2777777623456798,1.1739129924385654,53.0,2026-02-12,1
2026-02-12 19:29:53.979,59.0,6.0,9.0,7.0,4.0,10.0,4.0,3.0,23.0,50.0,0.4285713979591858,1.1428570612244957,1.966666601111113,102.0,2026-02-12,1
2026-02-12 19:29:54.994,0.0,2.0,6.0,5.0,3.0,14.0,2.0,1.0,41.0,56.0,0.1176470519031145,0.6470587854671302,0.0,33.0,2026-02-12,0
2026-02-12 19:29:56.008,0.0,2.0,5.0,5.0,16.0,7.0,3.0,2.0,47.0,54.0,0.0869565179584122,0.4347825897920613,0.0,40.0,2026-02-12,0
2026-02-12 19:29:57.021,1.0,2.0,4.0,1.0,6.0,16.0,3.0,3.0,50.0,56.0,0.0909090867768596,0.2272727169421492,0.0370370356652949,36.0,2026-02-12,0
2026-02-12 19:29:58.023,1.0,3.0,8.0,9.0,11.0,8.0,6.0,2.0,51.0,60.0,0.1578947285318563,0.8947367950138528,0.0277777770061728,48.0,2026-02-12,0
2026-02-12 19:29:59.038,0.0,2.0,4.0,1.0,1.0,11.0,1.0,1.0,51.0,56.0,0.1666666527777789,0.4166666319444473,0.0,21.0,2026-02-12,0
2026-02-12 19:30:00.041,0.0,2.0,17.0,1.0,3.0,13.0,3.0,2.0,54.0,66.0,0.1249999921875004,1.1249999296875044,0.0,41.0,2026-02-12,0
2026-02-12 19:30:01.052,0.0,2.0,8.0,3.0,6.0,14.0,2.0,5.0,53.0,75.0,0.0999999950000002,0.5499999725000013,0.0,40.0,2026-02-12,0
2026-02-12 19:30:02.063,0.0,1.0,8.0,3.0,4.0,19.0,3.0,1.0,66.0,77.0,0.0434782589792061,0.4782608487712674,0.0,39.0,2026-02-12,0
2026-02-12 19:30:03.074,1.0,0.0,2.0,3.0,3.0,10.0,2.0,0.0,70.0,83.0,0.0,0.3846153550295881,0.0555555524691359,21.0,2026-02-12,0
2026-02-12 19:30:04.084,0.0,0.0,1.0,3.0,2.0,6.0,11.0,3.0,80.0,80.0,0.0,0.4999999375000079,0.0,26.0,2026-02-12,0
2026-02-12 19:30:05.085,0.0,0.0,2.0,4.0,8.0,13.0,2.0,1.0,88.0,80.0,0.0,0.2857142721088441,0.0,30.0,2026-02-12,0
2026-02-12 19:30:06.100,0.0,1.0,1.0,3.0,2.0,15.0,4.0,1.0,90.0,74.0,0.0588235259515572,0.2352941038062291,0.0,27.0,2026-02-12,0
2026-02-12 19:30:07.115,0.0,0.0,6.0,4.0,4.0,16.0,4.0,1.0,88.0,78.0,0.0,0.4999999750000012,0.0,35.0,2026-02-12,0
2026-02-12 19:30:08.118,0.0,0.0,5.0,1.0,1.0,14.0,5.0,3.0,93.0,80.0,0.0,0.3999999733333351,0.0,29.0,2026-02-12,0
2026-02-12 19:30:09.125,5.0,2.0,5.0,17.0,9.0,27.0,3.0,3.0,87.0,81.0,0.0555555540123457,0.611111094135803,0.0862068950653983,71.0,2026-02-12,0
2026-02-12 19:30:10.131,0.0,2.0,7.0,5.0,10.0,23.0,3.0,2.0,83.0,83.0,0.0606060587695133,0.3636363526170802,0.0,52.0,2026-02-12,0
2026-02-12 19:30:11.143,0.0,1.0,1.0,0.0,4.0,8.0,2.0,1.0,81.0,63.0,0.0833333263888894,0.0833333263888894,0.0,17.0,2026-02-12,0
2026-02-12 19:30:12.151,1.0,0.0,2.0,3.0,5.0,8.0,1.0,0.0,78.0,54.0,0.0,0.3846153550295881,0.0555555524691359,20.0,2026-02-12,0
2026-02-12 19:30:13.156,0.0,1.0,11.0,8.0,7.0,19.0,1.0,1.0,77.0,57.0,0.0384615369822485,0.7307692026627229,0.0,48.0,2026-02-12,0
2026-02-12 19:30:14.161,0.0,0.0,2.0,3.0,4.0,10.0,3.0,0.0,78.0,60.0,0.0,0.3571428316326549,0.0,22.0,2026-02-12,0
2026-02-12 19:30:15.172,1.0,1.0,2.0,17.0,1.0,8.0,2.0,3.0,69.0,83.0,0.1111110987654334,2.1111108765432363,0.0357142844387755,35.0,2026-02-12,0
2026-02-12 19:30:16.187,0.0,0.0,1.0,2.0,0.0,20.0,4.0,5.0,78.0,81.0,0.0,0.1499999925000003,0.0,32.0,2026-02-12,0
2026-02-12 19:30:17.197,1.0,1.0,16.0,3.0,9.0,22.0,1.0,7.0,80.0,81.0,0.0322580634755463,0.6129032060353804,0.0199999996,60.0,2026-02-12,0
2026-02-12 19:30:18.205,1.0,1.0,2.0,5.0,10.0,17.0,3.0,4.0,80.0,77.0,0.0370370356652949,0.2592592496570648,0.0294117638408304,43.0,2026-02-12,0
2026-02-12 19:30:19.219,0.0,0.0,2.0,5.0,2.0,17.0,7.0,3.0,91.0,67.0,0.0,0.3684210332409982,0.0,36.0,2026-02-12,0
2026-02-12 19:30:20.229,2.0,4.0,1.0,6.0,4.0,9.0,8.0,5.0,74.0,63.0,0.3076922840236705,0.5384614970414233,0.0999999950000002,39.0,2026-02-12,0
2026-02-12 19:30:21.234,0.0,1.0,3.0,3.0,1.0,10.0,6.0,7.0,70.0,54.0,0.0909090826446288,0.5454544958677732,0.0,31.0,2026-02-12,0
2026-02-12 19:30:22.241,1.0,0.0,3.0,3.0,14.0,13.0,2.0,0.0,74.0,56.0,0.0,0.2222222139917698,0.0303030293847566,36.0,2026-02-12,0
2026-02-12 19:30:23.252,0.0,2.0,9.0,1.0,9.0,14.0,6.0,4.0,64.0,51.0,0.0869565179584122,0.4347825897920613,0.0,45.0,2026-02-12,0
2026-02-12 19:30:24.264,0.0,0.0,1.0,5.0,8.0,5.0,5.0,5.0,69.0,57.0,0.0,0.4615384260355057,0.0,29.0,2026-02-12,0
2026-02-12 19:30:25.265,1.0,4.0,1.0,4.0,6.0,11.0,5.0,0.0,64.0,48.0,0.2352941038062291,0.2941176297577865,0.0454545433884298,32.0,2026-02-12,0
2026-02-12 19:30:26.272,2.0,4.0,0.0,10.0,27.0,10.0,3.0,2.0,53.0,41.0,0.1081081051862674,0.2702702629656686,0.0425531905839746,58.0,2026-02-12,0
2026-02-12 19:30:27.282,0.0,2.0,17.0,4.0,3.0,12.0,3.0,1.0,50.0,53.0,0.133333324444445,1.399999906666673,0.0,42.0,2026-02-12,0
2026-02-12 19:30:28.283,1.0,4.0,16.0,3.0,9.0,27.0,4.0,4.0,51.0,54.0,0.1111111080246914,0.5277777631172844,0.0181818178512396,68.0,2026-02-12,0
2026-02-12 19:30:29.289,0.0,2.0,3.0,5.0,1.0,7.0,3.0,5.0,50.0,66.0,0.2499999687500039,0.9999998750000156,0.0,26.0,2026-02-12,0
2026-02-12 19:30:30.297,0.0,1.0,4.0,9.0,2.0,10.0,11.0,2.0,54.0,88.0,0.0833333263888894,1.083333243055563,0.0,39.0,2026-02-12,0
2026-02-12 19:30:31.306,0.0,1.0,5.0,0.0,3.0,9.0,5.0,4.0,57.0,78.0,0.0833333263888894,0.4166666319444473,0.0,27.0,2026-02-12,0
2026-02-12 19:30:32.317,0.0,0.0,5.0,1.0,4.0,12.0,5.0,3.0,67.0,83.0,0.0,0.3749999765625014,0.0,30.0,2026-02-12,0
2026-02-12 19:30:33.318,0.0,0.0,5.0,3.0,10.0,20.0,5.0,3.0,81.0,81.0,0.0,0.266666657777778,0.0,46.0,2026-02-12,0
2026-02-12 19:30:34.323,0.0,0.0,1.0,11.0,2.0,15.0,6.0,4.0,87.0,81.0,0.0,0.7058823114186875,0.0,39.0,2026-02-12,0
2026-02-12 19:30:35.334,3.0,2.0,6.0,2.0,3.0,18.0,4.0,1.0,90.0,78.0,0.095238090702948,0.3809523628117922,0.1034482722948871,39.0,2026-02-12,0
2026-02-12 19:30:36.335,1.0,5.0,11.0,8.0,7.0,7.0,5.0,2.0,66.0,74.0,0.3571428316326549,1.3571427602040886,0.0303030293847566,46.0,2026-02-12,0
2026-02-12 19:30:37.342,1.0,5.0,3.0,2.0,14.0,9.0,3.0,1.0,51.0,57.0,0.2173912948960306,0.2173912948960306,0.0357142844387755,38.0,2026-02-12,0
2026-02-12 19:30:38.347,0.0,0.0,0.0,8.0,3.0,14.0,4.0,0.0,53.0,51.0,0.0,0.4705882076124583,0.0,29.0,2026-02-12,0
2026-02-12 19:30:39.353,0.0,2.0,1.0,6.0,3.0,14.0,3.0,3.0,51.0,50.0,0.1176470519031145,0.4117646816609011,0.0,32.0,2026-02-12,0
2026-02-12 19:30:40.362,0.0,0.0,19.0,6.0,5.0,23.0,3.0,2.0,67.0,63.0,0.0,0.8928571109693889,0.0,58.0,2026-02-12,0
2026-02-12 19:30:41.370,1.0,0.0,9.0,9.0,6.0,10.0,4.0,1.0,75.0,90.0,0.0,1.1249999296875044,0.0294117638408304,40.0,2026-02-12,0
2026-02-12 19:30:42.382,0.0,2.0,4.0,9.0,20.0,17.0,5.0,3.0,69.0,84.0,0.0540540525931337,0.3513513418553691,0.0,60.0,2026-02-12,0
2026-02-12 19:30:43.389,2.0,0.0,2.0,4.0,3.0,4.0,0.0,0.0,67.0,94.0,0.0,0.857142734693895,0.1538461420118352,15.0,2026-02-12,0
2026-02-12 19:30:44.397,2.0,0.0,1.0,0.0,0.0,5.0,1.0,0.0,67.0,75.0,0.0,0.199999960000008,0.333333277777787,9.0,2026-02-12,0
2026-02-12 19:30:45.407,15.0,2.0,7.0,4.0,11.0,13.0,4.0,1.0,67.0,61.0,0.0833333298611112,0.4583333142361119,0.428571416326531,57.0,2026-02-12,0
2026-02-12 19:30:46.412,0.0,0.0,4.0,8.0,19.0,11.0,6.0,1.0,69.0,64.0,0.0,0.3999999866666671,0.0,49.0,2026-02-12,0
2026-02-12 19:30:47.422,0.0,3.0,1.0,6.0,25.0,18.0,2.0,4.0,69.0,47.0,0.0697674402379665,0.1627906938885885,0.0,59.0,2026-02-12,0
2026-02-12 19:30:48.432,1.0,0.0,0.0,2.0,4.0,6.0,2.0,0.0,67.0,50.0,0.0,0.199999980000002,0.0833333263888894,15.0,2026-02-12,0
2026-02-12 19:30:49.442,20.0,4.0,2.0,5.0,6.0,15.0,3.0,2.0,67.0,41.0,0.1904761814058961,0.3333333174603182,0.7142856887755111,57.0,2026-02-12,0
2026-02-12 19:30:50.452,0.0,9.0,2.0,8.0,1.0,9.0,3.0,1.0,51.0,26.0,0.8999999100000091,0.99999990000001,0.0,33.0,2026-02-12,0
2026-02-12 19:30:51.461,30.0,6.0,19.0,13.0,9.0,9.0,2.0,1.0,38.0,43.0,0.3333333148148158,1.7777776790123512,0.5999999880000003,89.0,2026-02-12,0
2026-02-12 19:30:52.468,1.0,1.0,3.0,5.0,4.0,2.0,1.0,0.0,21.0,48.0,0.1666666388888935,1.3333331111111482,0.0714285663265309,17.0,2026-02-12,0
2026-02-12 19:30:53.476,43.0,100.0,9.0,11.0,24.0,9.0,2.0,3.0,1.0,34.0,3.030302938475669,0.6060605876951337,0.8113207394090427,201.0,2026-02-12,1
2026-02-12 19:30:54.481,4.0,1.0,0.0,0.0,1.0,0.0,0.0,0.0,1.0,37.0,0.999999000001,0.0,3.999996000004,6.0,2026-02-12,1
2026-02-12 19:30:55.487,38.0,19.0,8.0,5.0,32.0,22.0,3.0,2.0,8.0,20.0,0.3518518453360769,0.2407407362825789,0.5671641706393408,129.0,2026-02-12,1
2026-02-12 19:30:56.496,39.0,3.0,8.0,15.0,5.0,5.0,2.0,0.0,14.0,26.0,0.299999970000003,2.299999770000023,1.1818181460055108,77.0,2026-02-12,1
2026-02-12 19:30:57.505,50.0,6.0,14.0,6.0,3.0,7.0,1.0,0.0,29.0,53.0,0.599999940000006,1.99999980000002,1.6666666111111128,87.0,2026-02-12,1
2026-02-12 19:30:58.512,62.0,4.0,5.0,3.0,2.0,3.0,0.0,0.0,27.0,60.0,0.799999840000032,1.599999680000064,4.769230402366892,79.0,2026-02-12,1
2026-02-12 19:30:59.519,9.0,7.0,12.0,9.0,15.0,5.0,1.0,0.0,24.0,70.0,0.3499999825000008,1.0499999475000026,0.2195121897679953,58.0,2026-02-12,1
2026-02-12 19:31:00.530,6.0,3.0,4.0,5.0,1.0,5.0,1.0,0.0,26.0,63.0,0.4999999166666805,1.4999997500000417,0.3999999733333351,25.0,2026-02-12,1
2026-02-12 19:31:01.541,33.0,5.0,2.0,4.0,4.0,5.0,1.0,1.0,26.0,51.0,0.5555554938271674,0.6666665925926009,2.199999853333343,55.0,2026-02-12,1
2026-02-12 19:31:02.551,71.0,2.0,3.0,2.0,3.0,3.0,1.0,0.0,29.0,53.0,0.333333277777787,0.8333331944444675,6.454544867768649,85.0,2026-02-12,0
2026-02-12 19:31:04.572,24.0,1.0,1.0,0.0,1.0,1.0,0.0,0.0,34.0,51.0,0.499999750000125,0.499999750000125,7.999997333334222,28.0,2026-02-12,1
2026-02-12 19:31:05.580,13.0,2.0,5.0,2.0,2.0,3.0,1.0,0.0,34.0,54.0,0.399999920000016,1.399999720000056,1.083333243055563,28.0,2026-02-12,0
2026-02-12 19:31:06.583,2.0,0.0,2.0,0.0,0.0,1.0,0.0,0.0,35.0,70.0,0.0,1.999998000002,0.6666664444445185,5.0,2026-02-12,1
2026-02-12 19:31:07.588,9.0,8.0,14.0,4.0,21.0,6.0,3.0,0.0,30.0,69.0,0.2962962853223598,0.6666666419753096,0.1999999955555556,65.0,2026-02-12,1
2026-02-12 19:31:08.597,0.0,0.0,2.0,7.0,4.0,15.0,3.0,0.0,48.0,81.0,0.0,0.4736841855955691,0.0,31.0,2026-02-12,0
2026-02-12 19:31:09.605,0.0,1.0,3.0,1.0,4.0,16.0,3.0,2.0,64.0,77.0,0.0499999975000001,0.1999999900000005,0.0,30.0,2026-02-12,0
2026-02-12 19:31:10.615,10.0,1.0,9.0,6.0,5.0,7.0,5.0,2.0,66.0,78.0,0.0833333263888894,1.249999895833342,0.3703703566529497,45.0,2026-02-12,0
2026-02-12 19:31:11.623,0.0,3.0,2.0,1.0,8.0,14.0,5.0,0.0,80.0,69.0,0.1363636301652895,0.1363636301652895,0.0,33.0,2026-02-12,0
2026-02-12 19:31:12.635,12.0,6.0,26.0,7.0,10.0,18.0,16.0,1.0,67.0,66.0,0.2142857066326533,1.1785713864795933,0.1967213082504703,96.0,2026-02-12,0
2026-02-12 19:31:13.643,0.0,2.0,6.0,2.0,3.0,15.0,4.0,2.0,67.0,63.0,0.1111111049382719,0.4444444197530878,0.0,34.0,2026-02-12,0
2026-02-12 19:31:14.653,0.0,5.0,12.0,5.0,4.0,24.0,2.0,1.0,67.0,77.0,0.1785714221938777,0.6071428354591845,0.0,53.0,2026-02-12,0
2026-02-12 19:31:15.662,5.0,2.0,3.0,2.0,2.0,4.0,2.0,2.0,64.0,69.0,0.333333277777787,0.8333331944444675,0.4545454132231443,22.0,2026-02-12,0
2026-02-12 19:31:16.667,0.0,0.0,3.0,0.0,3.0,13.0,3.0,3.0,74.0,66.0,0.0,0.1874999882812507,0.0,25.0,2026-02-12,0
2026-02-12 19:31:17.674,13.0,6.0,0.0,5.0,4.0,26.0,2.0,1.0,74.0,54.0,0.1999999933333335,0.1666666611111112,0.3714285608163268,57.0,2026-02-12,0
2026-02-12 19:31:18.685,0.0,2.0,3.0,7.0,13.0,41.0,6.0,1.0,81.0,50.0,0.0370370363511659,0.18518518175583,0.0,73.0,2026-02-12,0
2026-02-12 19:31:19.688,25.0,8.0,47.0,21.0,27.0,38.0,13.0,11.0,87.0,60.0,0.1230769211834319,1.046153830059172,0.1879699233987223,190.0,2026-02-12,0
2026-02-12 19:31:20.693,45.0,24.0,14.0,39.0,57.0,33.0,90.0,7.0,69.0,54.0,0.2666666637037037,0.5888888823456792,0.3146853124847181,309.0,2026-02-12,0
2026-02-12 19:31:21.701,23.0,19.0,17.0,46.0,11.0,14.0,11.0,13.0,54.0,67.0,0.7599999696000012,2.519999899200004,0.2613636333935951,154.0,2026-02-12,0
2026-02-12 19:31:22.708,11.0,3.0,8.0,16.0,13.0,13.0,14.0,6.0,41.0,78.0,0.1153846109467457,0.9230768875739658,0.2199999956000001,84.0,2026-02-12,1
2026-02-12 19:31:23.713,32.0,8.0,30.0,30.0,52.0,37.0,50.0,28.0,43.0,74.0,0.0898876394394647,0.6741572957959855,0.2147650992297644,267.0,2026-02-12,1
2026-02-12 19:31:24.719,4.0,2.0,4.0,18.0,2.0,11.0,3.0,3.0,48.0,87.0,0.1538461420118352,1.6923075621301875,0.1142857110204082,47.0,2026-02-12,0
2026-02-12 19:31:25.729,14.0,3.0,1.0,14.0,5.0,9.0,3.0,1.0,56.0,88.0,0.2142856989795929,1.0714284948979649,0.4827586040428067,50.0,2026-02-12,1
2026-02-12 19:31:26.738,37.0,36.0,24.0,27.0,4.0,32.0,13.0,14.0,50.0,77.0,0.999999972222223,1.416666627314816,0.4252873514334787,187.0,2026-02-12,1
2026-02-12 19:31:27.739,5.0,1.0,1.0,0.0,1.0,1.0,0.0,0.0,44.0,69.0,0.499999750000125,0.499999750000125,1.666666111111296,9.0,2026-02-12,0
2026-02-12 19:31:28.747,3.0,1.0,0.0,0.0,0.0,1.0,0.0,0.0,34.0,50.0,0.999999000001,0.0,2.9999970000030003,5.0,2026-02-12,0
2026-02-12 19:31:29.748,40.0,37.0,39.0,48.0,56.0,34.0,36.0,33.0,26.0,44.0,0.4111111065432099,0.966666655925926,0.2259886992881994,323.0,2026-02-12,1
2026-02-12 19:31:30.756,13.0,1.0,2.0,1.0,3.0,5.0,0.0,0.0,35.0,47.0,0.1249999843750019,0.3749999531250059,1.1818180743801752,25.0,2026-02-12,0
2026-02-12 19:31:31.766,27.0,8.0,1.0,4.0,6.0,8.0,8.0,2.0,35.0,35.0,0.5714285306122479,0.3571428316326549,1.4210525567867074,64.0,2026-02-12,1
2026-02-12 19:31:32.777,34.0,23.0,97.0,37.0,9.0,14.0,41.0,31.0,30.0,54.0,0.999999956521741,5.826086703213622,0.2165605081747738,286.0,2026-02-12,1
2026-02-12 19:31:33.795,4.0,6.0,6.0,4.0,1.0,7.0,5.0,2.0,35.0,54.0,0.7499999062500118,1.2499998437500195,0.2222222098765439,35.0,2026-02-12,1
2026-02-12 19:31:34.804,65.0,13.0,27.0,39.0,11.0,50.0,6.0,6.0,34.0,61.0,0.2131147506046762,1.081967195377587,0.5118110195920392,217.0,2026-02-12,1
2026-02-12 19:31:35.809,29.0,4.0,5.0,4.0,7.0,40.0,21.0,8.0,47.0,69.0,0.0851063811679493,0.191489357627886,0.5178571336096941,118.0,2026-02-12,0
2026-02-12 19:31:36.825,8.0,4.0,10.0,9.0,20.0,36.0,16.0,9.0,67.0,57.0,0.0714285701530612,0.3392857082270409,0.1066666652444444,112.0,2026-02-12,0
2026-02-12 19:31:37.829,2.0,0.0,0.0,0.0,1.0,2.0,1.0,0.0,75.0,53.0,0.0,0.0,0.6666664444445185,6.0,2026-02-12,0
2026-02-12 19:31:38.843,9.0,1.0,3.0,1.0,10.0,30.0,21.0,8.0,88.0,40.0,0.024999999375,0.0999999975,0.2045454498966943,83.0,2026-02-12,0
2026-02-12 19:31:39.857,3.0,1.0,1.0,1.0,0.0,4.0,2.0,3.0,81.0,44.0,0.2499999375000156,0.4999998750000312,0.4999999166666805,15.0,2026-02-12,0
2026-02-12 19:31:40.872,10.0,3.0,6.0,2.0,1.0,4.0,5.0,3.0,69.0,48.0,0.599999880000024,1.599999680000064,0.7692307100591762,34.0,2026-02-12,0
2026-02-12 19:31:41.884,0.0,3.0,0.0,9.0,9.0,29.0,25.0,9.0,77.0,51.0,0.0789473663434903,0.2368420990304711,0.0,84.0,2026-02-12,0
2026-02-12 19:31:42.885,21.0,2.0,0.0,7.0,2.0,24.0,13.0,30.0,70.0,57.0,0.0769230739644971,0.26923075887574,0.6363636170798904,99.0,2026-02-12,0
2026-02-12 19:31:43.900,0.0,0.0,0.0,7.0,2.0,15.0,11.0,13.0,78.0,63.0,0.0,0.4117646816609011,0.0,48.0,2026-02-12,0
2026-02-12 19:31:44.901,0.0,0.0,2.0,6.0,10.0,63.0,11.0,7.0,100.0,57.0,0.0,0.1095890395946707,0.0,99.0,2026-02-12,0
2026-02-12 19:31:45.905,0.0,0.0,10.0,4.0,17.0,33.0,10.0,5.0,100.0,66.0,0.0,0.2799999944000001,0.0,79.0,2026-02-12,0
2026-02-12 19:31:46.910,3.0,1.0,1.0,1.0,0.0,6.0,8.0,1.0,100.0,64.0,0.1666666388888935,0.333333277777787,0.3749999531250059,21.0,2026-02-12,0
2026-02-12 19:31:47.915,0.0,0.0,1.0,3.0,3.0,22.0,9.0,4.0,100.0,60.0,0.0,0.1599999936000002,0.0,42.0,2026-02-12,0
2026-02-12 19:31:48.919,0.0,0.0,1.0,3.0,7.0,24.0,21.0,14.0,100.0,57.0,0.0,0.1290322539021853,0.0,70.0,2026-02-12,0
2026-02-12 19:31:49.924,0.0,1.0,10.0,3.0,7.0,22.0,12.0,8.0,97.0,61.0,0.034482757431629,0.4482758466111777,0.0,63.0,2026-02-12,0
2026-02-12 19:31:50.927,0.0,2.0,1.0,9.0,7.0,27.0,11.0,4.0,100.0,63.0,0.0588235276816609,0.2941176384083048,0.0,61.0,2026-02-12,0
2026-02-12 19:31:51.934,4.0,5.0,3.0,17.0,6.0,18.0,11.0,3.0,87.0,64.0,0.2083333246527781,0.8333332986111125,0.0909090888429752,67.0,2026-02-12,0
2026-02-12 19:31:52.945,30.0,11.0,11.0,12.0,26.0,14.0,3.0,8.0,66.0,66.0,0.2749999931250002,0.5749999856250004,0.4761904686318973,115.0,2026-02-12,0
2026-02-12 19:31:53.958,29.0,0.0,2.0,0.0,1.0,2.0,0.0,0.0,63.0,67.0,0.0,0.6666664444445185,5.799998840000232,34.0,2026-02-12,0
2026-02-12 19:31:54.969,3.0,1.0,0.0,0.0,0.0,2.0,0.0,0.0,51.0,56.0,0.499999750000125,0.0,1.499999250000375,6.0,2026-02-12,0
2026-02-12 19:31:55.974,59.0,55.0,19.0,17.0,15.0,24.0,9.0,2.0,38.0,41.0,1.4102563740959906,0.9230768994082847,0.786666656177778,200.0,2026-02-12,0
2026-02-12 19:31:56.979,28.0,1.0,0.0,0.0,1.0,1.0,0.0,0.0,37.0,37.0,0.499999750000125,0.0,13.9999930000035,31.0,2026-02-12,0
2026-02-12 19:31:57.982,5.0,2.0,2.0,2.0,2.0,8.0,0.0,0.0,35.0,24.0,0.199999980000002,0.399999960000004,0.3571428316326549,21.0,2026-02-12,0
2026-02-12 19:31:58.989,0.0,0.0,4.0,1.0,12.0,19.0,3.0,2.0,51.0,37.0,0.0,0.1612903173777317,0.0,41.0,2026-02-12,0
2026-02-12 19:31:59.998,0.0,4.0,9.0,1.0,13.0,10.0,4.0,2.0,61.0,44.0,0.1739130359168245,0.4347825897920613,0.0,43.0,2026-02-12,0
2026-02-12 19:32:01.002,9.0,10.0,0.0,2.0,4.0,14.0,5.0,2.0,64.0,35.0,0.5555555246913597,0.1111111049382719,0.4499999775000011,46.0,2026-02-12,0
2026-02-12 19:32:02.010,3.0,2.0,10.0,17.0,3.0,33.0,4.0,2.0,70.0,48.0,0.0555555540123457,0.7499999791666673,0.0476190468631897,74.0,2026-02-12,0
2026-02-12 19:32:03.015,7.0,12.0,9.0,6.0,4.0,22.0,3.0,2.0,54.0,44.0,0.4615384437869829,0.5769230547337286,0.1707317031528853,65.0,2026-02-12,0
2026-02-12 19:32:04.020,0.0,0.0,6.0,2.0,0.0,10.0,3.0,4.0,63.0,56.0,0.0,0.7999999200000081,0.0,25.0,2026-02-12,0
2026-02-12 19:32:05.027,0.0,1.0,11.0,5.0,6.0,29.0,8.0,1.0,75.0,83.0,0.028571427755102,0.4571428440816331,0.0,61.0,2026-02-12,0
2026-02-12 19:32:06.032,4.0,2.0,2.0,3.0,1.0,6.0,0.0,1.0,66.0,69.0,0.285714244897965,0.7142856122449125,0.3333333055555579,19.0,2026-02-12,0
2026-02-12 19:32:07.041,2.0,1.0,5.0,0.0,7.0,5.0,2.0,3.0,69.0,78.0,0.0833333263888894,0.4166666319444473,0.1176470519031145,25.0,2026-02-12,0
2026-02-12 19:32:08.050,15.0,5.0,6.0,9.0,6.0,9.0,5.0,3.0,60.0,67.0,0.3333333111111126,0.9999999333333378,0.4999999833333339,58.0,2026-02-12,0
2026-02-12 19:32:09.056,2.0,5.0,7.0,9.0,3.0,20.0,3.0,3.0,53.0,63.0,0.2173912948960306,0.6956521436672981,0.0512820499671269,52.0,2026-02-12,0
2026-02-12 19:32:10.062,2.0,10.0,3.0,4.0,5.0,18.0,2.0,1.0,51.0,54.0,0.4347825897920613,0.3043478128544429,0.0666666644444445,45.0,2026-02-12,0
2026-02-12 19:32:11.065,0.0,2.0,3.0,4.0,3.0,15.0,4.0,1.0,56.0,53.0,0.1111111049382719,0.3888888672839518,0.0,32.0,2026-02-12,0
2026-02-12 19:32:12.072,2.0,2.0,8.0,9.0,15.0,15.0,4.0,2.0,63.0,56.0,0.0666666644444445,0.5666666477777784,0.0425531905839746,57.0,2026-02-12,0
2026-02-12 19:32:13.075,1.0,6.0,2.0,5.0,9.0,12.0,3.0,0.0,60.0,44.0,0.2857142721088441,0.3333333174603182,0.0357142844387755,38.0,2026-02-12,0
2026-02-12 19:32:14.085,3.0,0.0,0.0,0.0,0.0,3.0,2.0,0.0,69.0,57.0,0.0,0.0,0.9999996666667778,8.0,2026-02-12,0
2026-02-12 19:32:15.100,1.0,1.0,0.0,4.0,2.0,27.0,4.0,1.0,78.0,54.0,0.034482757431629,0.1379310297265162,0.0303030293847566,40.0,2026-02-12,0
2026-02-12 19:32:16.113,1.0,3.0,5.0,9.0,23.0,23.0,4.0,1.0,80.0,50.0,0.0652173898865784,0.3043478194706996,0.0166666663888888,69.0,2026-02-12,0
2026-02-12 19:32:17.123,10.0,12.0,3.0,8.0,26.0,14.0,5.0,4.0,77.0,50.0,0.2999999925000002,0.2749999931250002,0.1960784275278739,82.0,2026-02-12,0
2026-02-12 19:32:18.129,0.0,2.0,7.0,3.0,6.0,11.0,10.0,1.0,70.0,50.0,0.1176470519031145,0.588235259515573,0.0,40.0,2026-02-12,0
2026-02-12 19:32:19.137,0.0,2.0,2.0,1.0,6.0,25.0,2.0,1.0,69.0,47.0,0.0645161269510926,0.096774190426639,0.0,39.0,2026-02-12,0
2026-02-12 19:32:20.141,0.0,1.0,8.0,0.0,3.0,24.0,6.0,2.0,74.0,50.0,0.0370370356652949,0.2962962853223598,0.0,44.0,2026-02-12,0
2026-02-12 19:32:21.145,3.0,2.0,4.0,6.0,8.0,23.0,9.0,2.0,87.0,60.0,0.0645161269510926,0.3225806347554634,0.0731707299226651,57.0,2026-02-12,0
2026-02-12 19:32:22.159,2.0,1.0,4.0,6.0,12.0,3.0,3.0,0.0,80.0,61.0,0.0666666622222225,0.6666666222222252,0.0799999968000001,31.0,2026-02-12,0
2026-02-12 19:32:23.167,6.0,8.0,9.0,4.0,7.0,18.0,9.0,4.0,67.0,66.0,0.3199999872000005,0.5199999792000009,0.1578947326869807,65.0,2026-02-12,0
2026-02-12 19:32:24.175,0.0,1.0,0.0,1.0,4.0,12.0,8.0,4.0,67.0,56.0,0.0624999960937502,0.0624999960937502,0.0,30.0,2026-02-12,0
2026-02-12 19:32:25.184,3.0,8.0,7.0,7.0,9.0,12.0,2.0,2.0,56.0,53.0,0.3809523628117922,0.6666666349206364,0.0857142832653062,50.0,2026-02-12,0
2026-02-12 19:32:26.192,22.0,17.0,26.0,21.0,34.0,30.0,11.0,3.0,56.0,47.0,0.2656249958496094,0.7343749885253908,0.1981981964126288,164.0,2026-02-12,0
2026-02-12 19:32:27.197,8.0,25.0,3.0,11.0,6.0,17.0,6.0,1.0,48.0,38.0,1.0869564744801532,0.6086956257088858,0.2162162103725348,77.0,2026-02-12,0
2026-02-12 19:32:28.206,4.0,5.0,23.0,20.0,21.0,14.0,5.0,4.0,35.0,53.0,0.1428571387755103,1.228571393469389,0.0512820506245891,96.0,2026-02-12,1
2026-02-12 19:32:29.212,54.0,15.0,1.0,19.0,24.0,26.0,16.0,45.0,35.0,48.0,0.2999999940000001,0.3999999920000002,0.7714285604081634,200.0,2026-02-12,1
2026-02-12 19:32:30.218,26.0,21.0,100.0,100.0,100.0,98.0,100.0,100.0,40.0,57.0,0.1060606055249464,1.0101010049994898,0.0653266330016918,645.0,2026-02-12,0
2026-02-12 19:32:31.224,23.0,5.0,6.0,6.0,6.0,34.0,11.0,6.0,56.0,53.0,0.124999996875,0.2999999925000002,0.4423076838017753,97.0,2026-02-12,0
2026-02-12 19:32:32.234,63.0,5.0,6.0,4.0,3.0,7.0,4.0,4.0,54.0,60.0,0.499999950000005,0.99999990000001,3.149999842500008,96.0,2026-02-12,0
2026-02-12 19:32:33.241,47.0,9.0,17.0,21.0,16.0,50.0,11.0,8.0,57.0,53.0,0.1363636342975206,0.5757575670339763,0.4519230725776628,179.0,2026-02-12,0
2026-02-12 19:32:34.253,3.0,7.0,8.0,5.0,2.0,21.0,11.0,5.0,61.0,60.0,0.3043478128544429,0.5652173667296797,0.0833333310185185,62.0,2026-02-12,0
2026-02-12 19:32:35.265,0.0,2.0,0.0,6.0,5.0,10.0,2.0,5.0,57.0,63.0,0.133333324444445,0.3999999733333351,0.0,30.0,2026-02-12,0
2026-02-12 19:32:36.274,1.0,0.0,1.0,3.0,3.0,18.0,9.0,8.0,78.0,66.0,0.0,0.1904761814058961,0.0399999984,43.0,2026-02-12,0
2026-02-12 19:32:37.280,0.0,1.0,3.0,4.0,3.0,9.0,16.0,3.0,78.0,66.0,0.0833333263888894,0.5833332847222263,0.0,39.0,2026-02-12,0
2026-02-12 19:32:38.288,1.0,1.0,2.0,2.0,6.0,10.0,15.0,3.0,81.0,66.0,0.0624999960937502,0.2499999843750009,0.0499999975000001,40.0,2026-02-12,0
2026-02-12 19:32:39.301,0.0,0.0,5.0,5.0,3.0,10.0,4.0,2.0,83.0,74.0,0.0,0.7692307100591762,0.0,29.0,2026-02-12,0
2026-02-12 19:32:40.308,0.0,1.0,7.0,3.0,10.0,17.0,5.0,6.0,77.0,75.0,0.0370370356652949,0.3703703566529497,0.0,49.0,2026-02-12,0
2026-02-12 19:32:41.316,0.0,1.0,2.0,9.0,11.0,17.0,5.0,3.0,80.0,75.0,0.0357142844387755,0.3928571288265311,0.0,48.0,2026-02-12,0
2026-02-12 19:32:42.322,0.0,3.0,5.0,3.0,4.0,11.0,7.0,4.0,77.0,75.0,0.1999999866666675,0.5333332977777802,0.0,37.0,2026-02-12,0
2026-02-12 19:32:43.325,0.0,1.0,2.0,3.0,14.0,14.0,6.0,5.0,80.0,60.0,0.0357142844387755,0.1785714221938777,0.0,45.0,2026-02-12,0
2026-02-12 19:32:44.332,0.0,0.0,2.0,2.0,5.0,14.0,3.0,1.0,83.0,56.0,0.0,0.2105263047091418,0.0,27.0,2026-02-12,0
2026-02-12 19:32:45.338,0.0,2.0,2.0,3.0,7.0,58.0,4.0,3.0,90.0,44.0,0.0307692302958579,0.0769230757396449,0.0,79.0,2026-02-12,0
2026-02-12 19:32:46.346,0.0,0.0,2.0,3.0,4.0,9.0,10.0,1.0,96.0,53.0,0.0,0.3846153550295881,0.0,29.0,2026-02-12,0
2026-02-12 19:32:47.357,0.0,2.0,2.0,11.0,6.0,11.0,5.0,4.0,91.0,63.0,0.1176470519031145,0.7647058373702448,0.0,41.0,2026-02-12,0
2026-02-12 19:32:48.363,0.0,1.0,4.0,10.0,3.0,10.0,4.0,7.0,83.0,77.0,0.0769230710059176,1.0769229940828466,0.0,39.0,2026-02-12,0
2026-02-12 19:32:49.368,0.0,1.0,1.0,1.0,2.0,10.0,5.0,3.0,77.0,78.0,0.0833333263888894,0.1666666527777789,0.0,23.0,2026-02-12,0
2026-02-12 19:32:50.374,0.0,3.0,1.0,2.0,6.0,22.0,6.0,4.0,75.0,60.0,0.1071428533163266,0.1071428533163266,0.0,44.0,2026-02-12,0
2026-02-12 19:32:51.382,0.0,1.0,2.0,3.0,0.0,13.0,6.0,6.0,81.0,56.0,0.0769230710059176,0.3846153550295881,0.0,31.0,2026-02-12,0
2026-02-12 19:32:52.393,1.0,4.0,3.0,1.0,9.0,25.0,6.0,2.0,84.0,35.0,0.1176470553633219,0.1176470553633219,0.0263157887811634,51.0,2026-02-12,0
2026-02-12 19:32:53.400,0.0,1.0,2.0,3.0,2.0,13.0,8.0,2.0,83.0,40.0,0.0666666622222225,0.3333333111111126,0.0,31.0,2026-02-12,0
2026-02-12 19:32:54.411,0.0,1.0,5.0,3.0,4.0,20.0,10.0,2.0,87.0,54.0,0.0416666649305556,0.333333319444445,0.0,45.0,2026-02-12,0
2026-02-12 19:32:55.420,0.0,1.0,3.0,3.0,4.0,20.0,18.0,3.0,90.0,54.0,0.0416666649305556,0.2499999895833337,0.0,52.0,2026-02-12,0
2026-02-12 19:32:56.429,0.0,2.0,2.0,4.0,10.0,11.0,10.0,5.0,87.0,63.0,0.095238090702948,0.2857142721088441,0.0,44.0,2026-02-12,0
2026-02-12 19:32:57.437,0.0,4.0,5.0,2.0,4.0,23.0,6.0,4.0,87.0,57.0,0.1481481426611799,0.2592592496570648,0.0,48.0,2026-02-12,0
2026-02-12 19:32:58.450,14.0,3.0,3.0,12.0,5.0,18.0,7.0,1.0,80.0,57.0,0.1304347769376184,0.6521738846880919,0.3684210429362883,63.0,2026-02-12,0
2026-02-12 19:32:59.458,9.0,6.0,3.0,5.0,13.0,17.0,9.0,1.0,67.0,50.0,0.1999999933333335,0.266666657777778,0.2368420990304711,63.0,2026-02-12,0
2026-02-12 19:33:00.470,0.0,1.0,5.0,1.0,9.0,14.0,4.0,5.0,74.0,53.0,0.0434782589792061,0.2608695538752368,0.0,39.0,2026-02-12,0
2026-02-12 19:33:01.473,28.0,3.0,33.0,7.0,6.0,9.0,7.0,3.0,61.0,74.0,0.1999999866666675,2.6666664888889007,0.5090908998347109,96.0,2026-02-12,1
2026-02-12 19:33:02.488,18.0,1.0,13.0,17.0,2.0,4.0,1.0,1.0,50.0,88.0,0.1666666388888935,4.9999991666668056,0.4999999861111115,57.0,2026-02-12,0
2026-02-12 19:33:03.494,33.0,3.0,31.0,19.0,23.0,53.0,20.0,22.0,54.0,100.0,0.0394736836911357,0.6578947281855957,0.2619047598261527,204.0,2026-02-12,1
2026-02-12 19:33:04.504,46.0,55.0,17.0,29.0,25.0,31.0,23.0,5.0,37.0,94.0,0.982142839604592,0.8214285567602044,0.4509803877354864,231.0,2026-02-12,1
2026-02-12 19:33:05.512,44.0,4.0,11.0,4.0,6.0,6.0,6.0,2.0,38.0,83.0,0.3333333055555579,1.249999895833342,1.6296295692729788,83.0,2026-02-12,1
2026-02-12 19:33:06.523,10.0,1.0,1.0,6.0,17.0,27.0,13.0,7.0,57.0,63.0,0.0227272722107438,0.1590909054752067,0.1960784275278739,82.0,2026-02-12,0
2026-02-12 19:33:07.533,22.0,16.0,34.0,7.0,6.0,25.0,7.0,2.0,48.0,54.0,0.5161290156087414,1.3225806024973998,0.3055555513117284,119.0,2026-02-12,0
2026-02-12 19:33:08.542,21.0,2.0,5.0,5.0,5.0,33.0,9.0,3.0,67.0,63.0,0.0526315775623269,0.2631578878116345,0.4374999908854168,83.0,2026-02-12,0
2026-02-12 19:33:09.553,18.0,1.0,7.0,8.0,10.0,12.0,5.0,6.0,75.0,66.0,0.0454545433884298,0.6818181508264477,0.4864864733382034,67.0,2026-02-12,0
2026-02-12 19:33:10.558,0.0,0.0,0.0,5.0,3.0,10.0,5.0,2.0,70.0,74.0,0.0,0.3846153550295881,0.0,25.0,2026-02-12,0
2026-02-12 19:33:11.567,3.0,1.0,0.0,4.0,7.0,4.0,1.0,0.0,77.0,69.0,0.0909090826446288,0.3636363305785154,0.1999999866666675,20.0,2026-02-12,0
2026-02-12 19:33:12.579,1.0,3.0,1.0,13.0,27.0,30.0,6.0,3.0,75.0,67.0,0.0526315780240074,0.2456140307787012,0.0140845068438801,84.0,2026-02-12,0
2026-02-12 19:33:13.592,0.0,0.0,1.0,9.0,6.0,26.0,12.0,2.0,84.0,66.0,0.0,0.3124999902343753,0.0,56.0,2026-02-12,0
2026-02-12 19:33:14.598,0.0,1.0,7.0,2.0,11.0,11.0,2.0,3.0,80.0,64.0,0.0454545433884298,0.4090908904958686,0.0,37.0,2026-02-12,0
2026-02-12 19:33:15.606,0.0,3.0,19.0,4.0,7.0,15.0,2.0,1.0,80.0,77.0,0.1363636301652895,1.0454544979338865,0.0,51.0,2026-02-12,0
2026-02-12 19:33:16.620,3.0,1.0,3.0,9.0,7.0,11.0,4.0,2.0,78.0,88.0,0.0555555524691359,0.6666666296296316,0.0999999966666667,40.0,2026-02-12,0
2026-02-12 19:33:17.625,1.0,3.0,3.0,2.0,8.0,11.0,1.0,2.0,67.0,77.0,0.1578947285318563,0.2631578808864273,0.0416666649305556,31.0,2026-02-12,0
2026-02-12 19:33:18.637,21.0,2.0,2.0,1.0,3.0,11.0,10.0,4.0,66.0,66.0,0.1428571326530619,0.2142856989795929,1.2352940449827032,54.0,2026-02-12,0
2026-02-12 19:33:19.644,0.0,0.0,5.0,13.0,8.0,15.0,11.0,5.0,70.0,69.0,0.0,0.7826086616257103,0.0,57.0,2026-02-12,0
2026-02-12 19:33:20.660,0.0,0.0,3.0,1.0,2.0,10.0,7.0,1.0,77.0,63.0,0.0,0.3333333055555579,0.0,24.0,2026-02-12,0
2026-02-12 19:33:21.665,4.0,0.0,0.0,0.0,1.0,6.0,1.0,1.0,81.0,56.0,0.0,0.0,0.57142848979593,13.0,2026-02-12,0
2026-02-12 19:33:22.667,2.0,0.0,0.0,1.0,1.0,7.0,1.0,0.0,90.0,61.0,0.0,0.1249999843750019,0.2222221975308669,12.0,2026-02-12,0
2026-02-12 19:33:23.679,18.0,10.0,4.0,6.0,4.0,10.0,5.0,5.0,78.0,41.0,0.7142856632653098,0.7142856632653098,0.7499999687500013,62.0,2026-02-12,0
2026-02-12 19:33:24.684,10.0,4.0,8.0,35.0,3.0,9.0,2.0,1.0,63.0,50.0,0.3333333055555579,3.5833330347222474,0.1818181785123967,72.0,2026-02-12,0
2026-02-12 19:33:25.687,2.0,2.0,0.0,0.0,1.0,0.0,0.0,0.0,43.0,48.0,1.999998000002,0.0,1.999998000002,5.0,2026-02-12,0
2026-02-12 19:33:26.692,0.0,2.0,10.0,5.0,10.0,14.0,1.0,2.0,34.0,53.0,0.0833333298611112,0.6249999739583344,0.0,44.0,2026-02-12,0
2026-02-12 19:33:27.697,0.0,1.0,3.0,5.0,8.0,29.0,3.0,1.0,51.0,63.0,0.0270270262965668,0.2162162103725348,0.0,50.0,2026-02-12,0
2026-02-12 19:33:28.725,0.0,1.0,7.0,3.0,2.0,9.0,7.0,4.0,60.0,57.0,0.0909090826446288,0.9090908264462886,0.0,33.0,2026-02-12,0
2026-02-12 19:33:29.731,0.0,0.0,2.0,0.0,10.0,10.0,4.0,1.0,81.0,69.0,0.0,0.0999999950000002,0.0,27.0,2026-02-12,0
2026-02-12 19:33:30.738,0.0,0.0,3.0,1.0,2.0,7.0,3.0,3.0,88.0,69.0,0.0,0.4444443950617339,0.0,19.0,2026-02-12,0
2026-02-12 19:33:31.753,0.0,1.0,5.0,3.0,5.0,10.0,7.0,1.0,80.0,74.0,0.0666666622222225,0.5333332977777802,0.0,32.0,2026-02-12,0
2026-02-12 19:33:32.761,0.0,2.0,25.0,12.0,16.0,20.0,7.0,1.0,78.0,77.0,0.0555555540123457,1.027777749228396,0.0,83.0,2026-02-12,0
2026-02-13 17:18:49.598,1.0,3.0,0.0,1.0,3.0,1.0,1.0,0.0,29.0,29.0,0.7499998125000469,0.2499999375000156,0.199999960000008,10.0,2026-02-13,1
2026-02-13 17:18:50.611,0.0,1.0,3.0,1.0,5.0,2.0,2.0,1.0,23.0,34.0,0.1428571224489825,0.57142848979593,0.0,15.0,2026-02-13,0
2026-02-13 17:18:51.612,0.0,2.0,0.0,2.0,5.0,2.0,1.0,2.0,17.0,26.0,0.285714244897965,0.285714244897965,0.0,14.0,2026-02-13,0
2026-02-13 17:18:52.626,2.0,3.0,2.0,0.0,6.0,4.0,2.0,1.0,20.0,13.0,0.299999970000003,0.199999980000002,0.1666666527777789,20.0,2026-02-13,0
2026-02-13 17:18:53.631,0.0,1.0,0.0,4.0,1.0,2.0,1.0,0.0,21.0,40.0,0.3333332222222592,1.333332888889037,0.0,9.0,2026-02-13,0
2026-02-13 17:18:54.639,0.0,2.0,0.0,4.0,1.0,3.0,1.0,2.0,26.0,38.0,0.4999998750000312,0.9999997500000624,0.0,13.0,2026-02-13,0
2026-02-13 17:18:55.645,0.0,0.0,2.0,0.0,1.0,3.0,1.0,0.0,37.0,53.0,0.0,0.4999998750000312,0.0,7.0,2026-02-13,0
2026-02-13 17:18:56.652,0.0,0.0,3.0,3.0,3.0,5.0,1.0,1.0,40.0,75.0,0.0,0.7499999062500118,0.0,16.0,2026-02-13,0
2026-02-13 17:18:57.663,0.0,1.0,2.0,1.0,4.0,1.0,1.0,1.0,38.0,67.0,0.199999960000008,0.599999880000024,0.0,11.0,2026-02-13,0
2026-02-13 17:18:58.669,0.0,0.0,1.0,3.0,2.0,6.0,0.0,0.0,48.0,74.0,0.0,0.4999999375000079,0.0,12.0,2026-02-13,0
2026-02-13 17:18:59.672,1.0,0.0,0.0,1.0,4.0,5.0,1.0,1.0,56.0,54.0,0.0,0.1111110987654334,0.099999990000001,13.0,2026-02-13,0
2026-02-13 17:19:00.682,0.0,0.0,0.0,1.0,1.0,4.0,1.0,1.0,63.0,37.0,0.0,0.199999960000008,0.0,8.0,2026-02-13,0
2026-02-13 17:19:01.697,0.0,1.0,0.0,2.0,2.0,1.0,2.0,1.0,64.0,34.0,0.3333332222222592,0.6666664444445185,0.0,9.0,2026-02-13,0
2026-02-13 17:19:02.703,0.0,0.0,1.0,0.0,0.0,3.0,5.0,1.0,63.0,37.0,0.0,0.3333332222222592,0.0,10.0,2026-02-13,0
2026-02-13 17:19:03.710,0.0,1.0,1.0,0.0,5.0,3.0,3.0,1.0,54.0,37.0,0.1249999843750019,0.1249999843750019,0.0,14.0,2026-02-13,0
2026-02-13 17:19:04.719,7.0,2.0,2.0,10.0,2.0,2.0,3.0,2.0,30.0,54.0,0.4999998750000312,2.9999992500001875,0.4374999726562517,30.0,2026-02-13,1
2026-02-13 17:19:05.728,2.0,1.0,0.0,0.0,1.0,2.0,1.0,1.0,41.0,43.0,0.3333332222222592,0.0,0.6666664444445185,8.0,2026-02-13,0
2026-02-13 17:19:06.732,2.0,3.0,1.0,1.0,5.0,1.0,0.0,1.0,24.0,24.0,0.4999999166666805,0.333333277777787,0.2499999687500039,14.0,2026-02-13,0
2026-02-13 17:19:07.747,1.0,2.0,3.0,4.0,1.0,5.0,1.0,0.0,20.0,41.0,0.333333277777787,1.1666664722222546,0.0769230710059176,17.0,2026-02-13,0
2026-02-13 17:19:08.763,0.0,0.0,0.0,2.0,3.0,3.0,1.0,0.0,38.0,29.0,0.0,0.333333277777787,0.0,9.0,2026-02-13,0
2026-02-13 17:19:09.768,0.0,2.0,2.0,1.0,2.0,2.0,1.0,1.0,26.0,44.0,0.4999998750000312,0.7499998125000469,0.0,11.0,2026-02-13,0
2026-02-13 17:19:10.776,0.0,0.0,2.0,2.0,1.0,6.0,1.0,2.0,44.0,64.0,0.0,0.57142848979593,0.0,14.0,2026-02-13,0
2026-02-13 17:19:11.785,0.0,0.0,0.0,2.0,2.0,2.0,3.0,1.0,50.0,56.0,0.0,0.4999998750000312,0.0,10.0,2026-02-13,0
2026-02-13 17:19:12.795,0.0,1.0,0.0,2.0,10.0,6.0,2.0,4.0,54.0,48.0,0.0624999960937502,0.1249999921875004,0.0,25.0,2026-02-13,0
2026-02-13 17:19:13.800,0.0,1.0,1.0,1.0,1.0,3.0,2.0,3.0,63.0,50.0,0.2499999375000156,0.4999998750000312,0.0,12.0,2026-02-13,0
2026-02-13 17:19:14.811,0.0,0.0,1.0,2.0,1.0,2.0,2.0,3.0,57.0,47.0,0.0,0.9999996666667778,0.0,11.0,2026-02-13,0
2026-02-13 17:19:15.822,1.0,1.0,3.0,2.0,5.0,3.0,1.0,0.0,51.0,53.0,0.1249999843750019,0.6249999218750099,0.0769230710059176,16.0,2026-02-13,0
2026-02-13 17:19:16.842,0.0,1.0,3.0,2.0,2.0,3.0,3.0,0.0,41.0,74.0,0.199999960000008,0.99999980000004,0.0,14.0,2026-02-13,0
2026-02-13 17:19:17.848,0.0,2.0,0.0,1.0,1.0,5.0,2.0,0.0,47.0,50.0,0.333333277777787,0.1666666388888935,0.0,11.0,2026-02-13,0
2026-02-13 17:19:18.855,0.0,0.0,0.0,2.0,2.0,7.0,2.0,3.0,60.0,41.0,0.0,0.2222221975308669,0.0,16.0,2026-02-13,0
2026-02-13 17:19:19.865,0.0,0.0,0.0,0.0,2.0,5.0,3.0,1.0,80.0,34.0,0.0,0.0,0.0,11.0,2026-02-13,0
2026-02-13 17:19:20.878,0.0,0.0,0.0,1.0,3.0,1.0,1.0,1.0,84.0,17.0,0.0,0.2499999375000156,0.0,7.0,2026-02-13,0
2026-02-13 17:19:21.884,2.0,1.0,0.0,2.0,3.0,9.0,1.0,1.0,90.0,29.0,0.0833333263888894,0.1666666527777789,0.1428571326530619,19.0,2026-02-13,0
2026-02-13 17:19:22.890,11.0,9.0,3.0,9.0,2.0,10.0,2.0,1.0,67.0,27.0,0.7499999375000053,0.9999999166666736,0.4583333142361119,47.0,2026-02-13,0
2026-02-13 17:19:23.893,5.0,8.0,2.0,3.0,4.0,10.0,4.0,3.0,50.0,17.0,0.5714285306122479,0.3571428316326549,0.2631578808864273,39.0,2026-02-13,0
2026-02-13 17:19:24.904,1.0,2.0,0.0,3.0,0.0,5.0,3.0,1.0,47.0,21.0,0.399999920000016,0.599999880000024,0.1249999843750019,15.0,2026-02-13,0
2026-02-13 17:19:25.908,2.0,3.0,0.0,0.0,2.0,1.0,2.0,3.0,26.0,10.0,0.9999996666667778,0.0,0.6666664444445185,13.0,2026-02-13,1
2026-02-13 17:19:26.918,0.0,0.0,1.0,2.0,3.0,2.0,0.0,2.0,35.0,23.0,0.0,0.599999880000024,0.0,10.0,2026-02-13,0
2026-02-13 17:19:27.927,1.0,3.0,0.0,1.0,1.0,2.0,2.0,1.0,27.0,27.0,0.9999996666667778,0.3333332222222592,0.2499999375000156,11.0,2026-02-13,1
2026-02-13 17:19:28.936,2.0,0.0,0.0,0.0,1.0,0.0,0.0,1.0,23.0,29.0,0.0,0.0,1.999998000002,4.0,2026-02-13,0
2026-02-13 17:19:29.948,2.0,0.0,0.0,2.0,7.0,5.0,1.0,1.0,41.0,51.0,0.0,0.1666666527777789,0.1428571326530619,18.0,2026-02-13,0
2026-02-13 17:19:30.957,0.0,0.0,1.0,0.0,2.0,3.0,2.0,1.0,44.0,48.0,0.0,0.199999960000008,0.0,9.0,2026-02-13,0
2026-02-13 17:19:31.965,0.0,0.0,0.0,1.0,0.0,3.0,1.0,1.0,60.0,61.0,0.0,0.3333332222222592,0.0,6.0,2026-02-13,0
2026-02-13 17:19:32.975,5.0,0.0,0.0,1.0,0.0,0.0,0.0,0.0,60.0,64.0,0.0,1000000.0,4.999995000005001,6.0,2026-02-13,0
2026-02-13 17:19:33.983,2.0,2.0,1.0,1.0,0.0,0.0,0.0,1.0,29.0,69.0,2000000.0,2000000.0,0.99999950000025,7.0,2026-02-13,1
2026-02-13 17:19:34.995,5.0,0.0,0.0,2.0,2.0,2.0,1.0,1.0,23.0,69.0,0.0,0.4999998750000312,0.8333331944444675,13.0,2026-02-13,1
2026-02-13 17:19:36.002,2.0,0.0,0.0,0.0,0.0,0.0,0.0,0.0,11.0,63.0,0.0,0.0,2000000.0,2.0,2026-02-13,0
2026-02-13 17:19:37.012,0.0,0.0,0.0,1.0,3.0,2.0,2.0,1.0,23.0,60.0,0.0,0.199999960000008,0.0,9.0,2026-02-13,0
2026-02-13 17:19:38.018,0.0,0.0,2.0,3.0,4.0,3.0,3.0,0.0,44.0,67.0,0.0,0.7142856122449125,0.0,15.0,2026-02-13,0
2026-02-13 17:19:39.028,3.0,1.0,0.0,0.0,1.0,1.0,0.0,0.0,41.0,54.0,0.499999750000125,0.0,1.499999250000375,6.0,2026-02-13,0
2026-02-13 17:19:40.038,1.0,11.0,1.0,1.0,10.0,1.0,2.0,2.0,26.0,38.0,0.9999999090909174,0.1818181652892577,0.0769230710059176,29.0,2026-02-13,0
2026-02-13 17:19:41.050,1.0,3.0,0.0,1.0,0.0,2.0,3.0,0.0,17.0,24.0,1.499999250000375,0.499999750000125,0.3333332222222592,10.0,2026-02-13,1
2026-02-13 17:19:42.056,1.0,1.0,0.0,0.0,3.0,2.0,1.0,2.0,27.0,20.0,0.199999960000008,0.0,0.199999960000008,10.0,2026-02-13,0
2026-02-13 17:19:43.065,1.0,0.0,1.0,1.0,4.0,3.0,1.0,0.0,56.0,37.0,0.0,0.285714244897965,0.1111110987654334,11.0,2026-02-13,0
2026-02-13 17:19:44.074,4.0,0.0,0.0,1.0,3.0,3.0,0.0,0.0,64.0,35.0,0.0,0.1666666388888935,0.57142848979593,11.0,2026-02-13,0
2026-02-13 17:19:45.085,3.0,5.0,1.0,2.0,3.0,2.0,1.0,1.0,57.0,35.0,0.99999980000004,0.599999880000024,0.3749999531250059,18.0,2026-02-13,0
2026-02-13 17:19:46.091,4.0,2.0,1.0,0.0,10.0,5.0,3.0,3.0,60.0,38.0,0.133333324444445,0.0666666622222225,0.2499999843750009,28.0,2026-02-13,0
2026-02-13 17:19:47.104,5.0,5.0,1.0,1.0,3.0,6.0,5.0,3.0,50.0,27.0,0.5555554938271674,0.2222221975308669,0.4545454132231443,29.0,2026-02-13,0
2026-02-13 17:19:48.112,16.0,1.0,1.0,3.0,1.0,4.0,2.0,1.0,38.0,34.0,0.199999960000008,0.799999840000032,1.7777775802469358,29.0,2026-02-13,0
2026-02-13 17:19:49.123,1.0,0.0,0.0,2.0,2.0,3.0,1.0,2.0,54.0,43.0,0.0,0.399999920000016,0.1428571224489825,11.0,2026-02-13,0
2026-02-13 17:19:50.133,3.0,6.0,2.0,0.0,7.0,5.0,3.0,2.0,47.0,44.0,0.4999999583333368,0.1666666527777789,0.2142856989795929,28.0,2026-02-13,0
2026-02-13 17:19:51.140,1.0,0.0,0.0,1.0,1.0,4.0,0.0,1.0,60.0,50.0,0.0,0.199999960000008,0.1666666388888935,8.0,2026-02-13,0
2026-02-13 17:19:52.149,1.0,0.0,1.0,1.0,1.0,2.0,0.0,1.0,61.0,54.0,0.0,0.6666664444445185,0.199999960000008,7.0,2026-02-13,0
2026-02-13 17:19:53.160,0.0,0.0,0.0,1.0,5.0,7.0,0.0,0.0,75.0,44.0,0.0,0.0833333263888894,0.0,13.0,2026-02-13,0
2026-02-13 17:19:54.173,3.0,3.0,0.0,1.0,2.0,4.0,1.0,1.0,80.0,41.0,0.4999999166666805,0.1666666388888935,0.4285713673469475,15.0,2026-02-13,0
2026-02-13 17:19:55.180,0.0,0.0,1.0,2.0,1.0,1.0,1.0,2.0,66.0,57.0,0.0,1.499999250000375,0.0,8.0,2026-02-13,0
2026-02-13 17:19:56.186,0.0,0.0,1.0,1.0,4.0,2.0,4.0,3.0,66.0,51.0,0.0,0.333333277777787,0.0,15.0,2026-02-13,0
2026-02-13 17:19:57.197,0.0,0.0,0.0,0.0,5.0,6.0,1.0,0.0,61.0,54.0,0.0,0.0,0.0,12.0,2026-02-13,0
2026-02-13 17:19:58.206,0.0,0.0,1.0,1.0,3.0,2.0,2.0,2.0,66.0,69.0,0.0,0.399999920000016,0.0,11.0,2026-02-13,0
2026-02-13 17:19:59.215,0.0,0.0,2.0,1.0,1.0,2.0,1.0,1.0,64.0,67.0,0.0,0.9999996666667778,0.0,8.0,2026-02-13,0
2026-02-13 17:20:00.227,0.0,0.0,1.0,1.0,0.0,4.0,2.0,2.0,74.0,74.0,0.0,0.4999998750000312,0.0,10.0,2026-02-13,0
2026-02-13 17:20:01.234,1.0,0.0,1.0,0.0,1.0,4.0,1.0,1.0,64.0,83.0,0.0,0.199999960000008,0.1666666388888935,9.0,2026-02-13,0
2026-02-13 17:20:02.242,0.0,1.0,2.0,1.0,0.0,16.0,1.0,1.0,78.0,78.0,0.0624999960937502,0.1874999882812507,0.0,22.0,2026-02-13,0
2026-02-13 17:20:03.253,0.0,0.0,1.0,0.0,3.0,4.0,2.0,1.0,88.0,66.0,0.0,0.1428571224489825,0.0,11.0,2026-02-13,0
2026-02-13 17:20:04.262,4.0,1.0,0.0,1.0,5.0,3.0,2.0,1.0,81.0,51.0,0.1249999843750019,0.1249999843750019,0.4444443950617339,17.0,2026-02-13,0
2026-02-13 17:20:05.266,0.0,0.0,0.0,1.0,0.0,3.0,1.0,1.0,80.0,53.0,0.0,0.3333332222222592,0.0,6.0,2026-02-13,0
2026-02-13 17:20:06.273,0.0,0.0,0.0,3.0,1.0,2.0,1.0,2.0,63.0,64.0,0.0,0.9999996666667778,0.0,9.0,2026-02-13,0
2026-02-13 17:20:07.283,0.0,0.0,0.0,1.0,1.0,3.0,1.0,1.0,61.0,69.0,0.0,0.2499999375000156,0.0,7.0,2026-02-13,0
2026-02-13 17:20:08.294,0.0,0.0,1.0,2.0,1.0,2.0,1.0,1.0,63.0,87.0,0.0,0.9999996666667778,0.0,8.0,2026-02-13,0
2026-02-13 17:20:09.303,0.0,0.0,0.0,2.0,0.0,1.0,2.0,2.0,57.0,93.0,0.0,1.999998000002,0.0,7.0,2026-02-13,0
2026-02-13 17:20:10.312,6.0,1.0,0.0,0.0,1.0,4.0,3.0,2.0,66.0,63.0,0.199999960000008,0.0,1.199999760000048,17.0,2026-02-13,0
2026-02-13 17:20:11.323,0.0,0.0,0.0,0.0,1.0,4.0,2.0,1.0,74.0,60.0,0.0,0.0,0.0,8.0,2026-02-13,0
2026-02-13 17:20:12.330,0.0,1.0,0.0,2.0,1.0,2.0,1.0,0.0,67.0,54.0,0.3333332222222592,0.6666664444445185,0.0,7.0,2026-02-13,0
2026-02-13 17:20:13.342,2.0,0.0,0.0,1.0,1.0,3.0,2.0,2.0,75.0,37.0,0.0,0.2499999375000156,0.399999920000016,11.0,2026-02-13,0
2026-02-13 17:20:14.352,1.0,1.0,0.0,0.0,1.0,2.0,1.0,5.0,74.0,48.0,0.3333332222222592,0.0,0.3333332222222592,11.0,2026-02-13,0
2026-02-13 17:20:15.362,0.0,0.0,2.0,0.0,1.0,2.0,1.0,3.0,60.0,63.0,0.0,0.6666664444445185,0.0,9.0,2026-02-13,0
2026-02-13 17:20:16.372,0.0,0.0,0.0,2.0,2.0,1.0,1.0,0.0,57.0,63.0,0.0,0.6666664444445185,0.0,6.0,2026-02-13,0
2026-02-13 17:20:17.382,0.0,0.0,0.0,1.0,1.0,2.0,2.0,0.0,53.0,69.0,0.0,0.3333332222222592,0.0,6.0,2026-02-13,0
2026-02-13 17:20:18.391,0.0,0.0,1.0,0.0,1.0,3.0,0.0,1.0,56.0,84.0,0.0,0.2499999375000156,0.0,6.0,2026-02-13,0
2026-02-13 17:20:19.399,1.0,0.0,0.0,0.0,0.0,1.0,1.0,3.0,63.0,70.0,0.0,0.0,0.999999000001,6.0,2026-02-13,0
2026-02-13 17:20:20.410,1.0,0.0,0.0,1.0,2.0,3.0,5.0,1.0,77.0,64.0,0.0,0.199999960000008,0.1666666388888935,13.0,2026-02-13,0
2026-02-13 17:20:21.417,0.0,2.0,0.0,2.0,3.0,2.0,2.0,1.0,67.0,63.0,0.399999920000016,0.399999920000016,0.0,12.0,2026-02-13,0
2026-02-13 17:20:22.428,0.0,1.0,0.0,1.0,2.0,3.0,2.0,1.0,61.0,51.0,0.199999960000008,0.199999960000008,0.0,10.0,2026-02-13,0
2026-02-13 17:20:23.436,0.0,0.0,0.0,1.0,2.0,3.0,2.0,1.0,63.0,51.0,0.0,0.199999960000008,0.0,9.0,2026-02-13,0
2026-02-13 17:20:24.443,0.0,0.0,1.0,0.0,1.0,4.0,0.0,1.0,61.0,50.0,0.0,0.199999960000008,0.0,7.0,2026-02-13,0
2026-02-13 17:20:25.453,0.0,0.0,0.0,1.0,1.0,1.0,2.0,2.0,70.0,51.0,0.0,0.499999750000125,0.0,7.0,2026-02-13,0
2026-02-13 17:20:26.463,3.0,2.0,2.0,0.0,2.0,2.0,0.0,0.0,63.0,51.0,0.4999998750000312,0.4999998750000312,0.4999999166666805,11.0,2026-02-13,0
2026-02-13 17:20:27.474,0.0,0.0,0.0,1.0,2.0,5.0,1.0,1.0,69.0,50.0,0.0,0.1428571224489825,0.0,10.0,2026-02-13,0
2026-02-13 17:20:28.482,0.0,1.0,3.0,3.0,5.0,3.0,0.0,1.0,56.0,57.0,0.1249999843750019,0.7499999062500118,0.0,16.0,2026-02-13,0
2026-02-13 17:20:29.486,0.0,0.0,0.0,0.0,1.0,2.0,3.0,2.0,57.0,61.0,0.0,0.0,0.0,8.0,2026-02-13,0
2026-02-13 17:20:30.497,0.0,0.0,2.0,6.0,7.0,7.0,1.0,1.0,69.0,74.0,0.0,0.5714285306122479,0.0,24.0,2026-02-13,0
2026-02-13 17:20:31.506,0.0,1.0,2.0,1.0,8.0,2.0,1.0,1.0,53.0,75.0,0.099999990000001,0.299999970000003,0.0,16.0,2026-02-13,0
2026-02-13 17:20:32.514,0.0,0.0,0.0,0.0,1.0,2.0,2.0,3.0,64.0,67.0,0.0,0.0,0.0,8.0,2026-02-13,0
2026-02-13 17:20:33.523,0.0,0.0,0.0,0.0,3.0,4.0,2.0,1.0,74.0,57.0,0.0,0.0,0.0,10.0,2026-02-13,0
2026-02-13 17:20:34.532,1.0,1.0,2.0,3.0,4.0,24.0,1.0,2.0,83.0,50.0,0.0357142844387755,0.1785714221938777,0.0303030293847566,38.0,2026-02-13,0
2026-02-13 17:20:35.538,0.0,2.0,3.0,1.0,0.0,2.0,3.0,1.0,78.0,51.0,0.99999950000025,1.9999990000005,0.0,12.0,2026-02-13,0
2026-02-13 17:20:36.551,1.0,1.0,0.0,2.0,0.0,1.0,3.0,2.0,64.0,54.0,0.999999000001,1.999998000002,0.3333332222222592,10.0,2026-02-13,0
2026-02-13 17:20:37.559,1.0,1.0,2.0,2.0,1.0,2.0,2.0,1.0,47.0,67.0,0.3333332222222592,1.333332888889037,0.1428571224489825,12.0,2026-02-13,0
2026-02-13 17:20:38.573,0.0,0.0,1.0,1.0,3.0,7.0,1.0,5.0,43.0,69.0,0.0,0.199999980000002,0.0,18.0,2026-02-13,0
2026-02-13 17:20:39.582,0.0,1.0,0.0,0.0,0.0,3.0,2.0,1.0,53.0,64.0,0.3333332222222592,0.0,0.0,7.0,2026-02-13,0
2026-02-13 17:20:40.587,0.0,0.0,0.0,1.0,1.0,2.0,2.0,1.0,66.0,67.0,0.0,0.3333332222222592,0.0,7.0,2026-02-13,0
2026-02-13 17:20:41.598,0.0,0.0,2.0,1.0,2.0,2.0,0.0,1.0,70.0,70.0,0.0,0.7499998125000469,0.0,8.0,2026-02-13,0
2026-02-13 17:20:42.604,0.0,0.0,1.0,2.0,3.0,3.0,1.0,1.0,60.0,77.0,0.0,0.4999999166666805,0.0,11.0,2026-02-13,0
2026-02-13 17:20:43.610,0.0,1.0,0.0,1.0,2.0,6.0,2.0,1.0,69.0,70.0,0.1249999843750019,0.1249999843750019,0.0,13.0,2026-02-13,0
2026-02-13 17:20:44.616,0.0,0.0,0.0,1.0,0.0,1.0,2.0,1.0,64.0,78.0,0.0,0.999999000001,0.0,5.0,2026-02-13,0
2026-02-13 17:20:45.629,0.0,0.0,1.0,0.0,1.0,2.0,0.0,2.0,69.0,70.0,0.0,0.3333332222222592,0.0,6.0,2026-02-13,0
2026-02-13 17:20:46.641,0.0,0.0,5.0,5.0,2.0,5.0,4.0,0.0,64.0,81.0,0.0,1.428571224489825,0.0,21.0,2026-02-13,0
2026-02-13 17:20:47.653,0.0,0.0,0.0,0.0,2.0,4.0,2.0,0.0,64.0,81.0,0.0,0.0,0.0,8.0,2026-02-13,0
2026-02-13 17:20:48.661,0.0,1.0,1.0,8.0,7.0,3.0,2.0,1.0,56.0,80.0,0.099999990000001,0.8999999100000091,0.0,23.0,2026-02-13,0
2026-02-13 17:20:49.671,0.0,0.0,0.0,1.0,1.0,1.0,1.0,0.0,56.0,83.0,0.0,0.499999750000125,0.0,4.0,2026-02-13,0
2026-02-13 17:20:50.679,0.0,0.0,0.0,0.0,1.0,2.0,1.0,1.0,66.0,67.0,0.0,0.0,0.0,5.0,2026-02-13,0
2026-02-13 17:20:51.687,0.0,0.0,0.0,1.0,1.0,1.0,3.0,0.0,53.0,77.0,0.0,0.499999750000125,0.0,6.0,2026-02-13,0
2026-02-13 17:20:52.698,0.0,0.0,0.0,0.0,0.0,1.0,1.0,2.0,57.0,70.0,0.0,0.0,0.0,4.0,2026-02-13,0
2026-02-13 17:20:53.702,0.0,1.0,0.0,1.0,1.0,3.0,3.0,1.0,60.0,66.0,0.2499999375000156,0.2499999375000156,0.0,10.0,2026-02-13,0
2026-02-13 17:20:54.707,0.0,0.0,0.0,0.0,2.0,3.0,3.0,1.0,57.0,63.0,0.0,0.0,0.0,9.0,2026-02-13,0
2026-02-13 17:20:55.716,0.0,1.0,4.0,1.0,0.0,4.0,3.0,1.0,60.0,69.0,0.2499999375000156,1.249999687500078,0.0,14.0,2026-02-13,0
2026-02-13 17:20:56.727,0.0,1.0,0.0,4.0,1.0,3.0,4.0,1.0,61.0,69.0,0.2499999375000156,0.9999997500000624,0.0,14.0,2026-02-13,0
2026-02-13 17:20:57.740,0.0,0.0,0.0,3.0,2.0,3.0,3.0,1.0,66.0,75.0,0.0,0.599999880000024,0.0,12.0,2026-02-13,0
2026-02-13 17:20:58.747,0.0,1.0,0.0,1.0,4.0,2.0,3.0,1.0,67.0,57.0,0.1666666388888935,0.1666666388888935,0.0,12.0,2026-02-13,0
2026-02-13 17:20:59.754,0.0,0.0,0.0,2.0,0.0,3.0,1.0,1.0,77.0,60.0,0.0,0.6666664444445185,0.0,7.0,2026-02-13,0
2026-02-13 17:21:00.761,0.0,0.0,1.0,1.0,0.0,5.0,1.0,2.0,77.0,70.0,0.0,0.399999920000016,0.0,10.0,2026-02-13,0
2026-02-13 17:21:01.768,0.0,0.0,1.0,5.0,2.0,7.0,1.0,1.0,77.0,74.0,0.0,0.6666665925926009,0.0,17.0,2026-02-13,0
2026-02-13 17:21:02.776,0.0,1.0,0.0,0.0,5.0,3.0,1.0,1.0,77.0,67.0,0.1249999843750019,0.0,0.0,11.0,2026-02-13,0
2026-02-13 17:21:03.783,0.0,0.0,0.0,0.0,1.0,3.0,1.0,0.0,77.0,63.0,0.0,0.0,0.0,5.0,2026-02-13,0
2026-02-13 17:21:04.793,0.0,0.0,0.0,1.0,1.0,1.0,2.0,0.0,66.0,57.0,0.0,0.499999750000125,0.0,5.0,2026-02-13,0
2026-02-13 17:21:05.801,1.0,0.0,2.0,1.0,5.0,3.0,2.0,0.0,61.0,54.0,0.0,0.3749999531250059,0.0909090826446288,14.0,2026-02-13,0
2026-02-13 17:21:06.808,0.0,0.0,1.0,0.0,1.0,5.0,1.0,2.0,70.0,64.0,0.0,0.1666666388888935,0.0,10.0,2026-02-13,0
2026-02-13 17:21:07.814,0.0,0.0,1.0,1.0,2.0,5.0,3.0,1.0,70.0,70.0,0.0,0.285714244897965,0.0,13.0,2026-02-13,0
2026-02-13 17:21:08.824,0.0,0.0,0.0,0.0,0.0,0.0,2.0,0.0,66.0,81.0,0.0,0.0,0.0,2.0,2026-02-13,0
2026-02-13 17:21:09.833,0.0,0.0,1.0,0.0,2.0,2.0,2.0,1.0,69.0,77.0,0.0,0.2499999375000156,0.0,8.0,2026-02-13,0
2026-02-13 17:21:10.844,0.0,0.0,0.0,0.0,0.0,1.0,3.0,1.0,57.0,77.0,0.0,0.0,0.0,5.0,2026-02-13,0
2026-02-13 17:21:11.849,0.0,0.0,0.0,1.0,1.0,2.0,1.0,0.0,51.0,67.0,0.0,0.3333332222222592,0.0,5.0,2026-02-13,0
2026-02-13 17:21:12.856,0.0,2.0,1.0,2.0,2.0,5.0,2.0,0.0,61.0,56.0,0.285714244897965,0.4285713673469475,0.0,14.0,2026-02-13,0
2026-02-13 17:21:13.860,0.0,0.0,0.0,0.0,1.0,2.0,0.0,1.0,63.0,54.0,0.0,0.0,0.0,4.0,2026-02-13,0
2026-02-13 17:21:14.868,0.0,1.0,0.0,1.0,4.0,4.0,2.0,1.0,67.0,50.0,0.1249999843750019,0.1249999843750019,0.0,13.0,2026-02-13,0
2026-02-13 17:21:15.880,0.0,2.0,0.0,1.0,2.0,3.0,4.0,0.0,63.0,43.0,0.399999920000016,0.199999960000008,0.0,12.0,2026-02-13,0
2026-02-13 17:21:16.889,0.0,0.0,0.0,2.0,1.0,4.0,1.0,1.0,70.0,47.0,0.0,0.399999920000016,0.0,9.0,2026-02-13,0
2026-02-13 17:21:17.899,1.0,1.0,0.0,0.0,0.0,2.0,3.0,3.0,67.0,40.0,0.499999750000125,0.0,0.499999750000125,10.0,2026-02-13,0
2026-02-13 17:21:18.905,1.0,0.0,0.0,0.0,0.0,3.0,2.0,3.0,67.0,30.0,0.0,0.0,0.3333332222222592,9.0,2026-02-13,0
2026-02-13 17:21:19.911,0.0,0.0,0.0,1.0,2.0,3.0,1.0,1.0,77.0,40.0,0.0,0.199999960000008,0.0,8.0,2026-02-13,0
2026-02-13 17:21:20.916,0.0,0.0,1.0,1.0,1.0,4.0,1.0,0.0,69.0,48.0,0.0,0.399999920000016,0.0,8.0,2026-02-13,0
2026-02-13 17:21:21.924,0.0,0.0,1.0,0.0,0.0,3.0,1.0,1.0,70.0,57.0,0.0,0.3333332222222592,0.0,6.0,2026-02-13,0
2026-02-13 17:21:22.934,0.0,0.0,3.0,0.0,1.0,1.0,1.0,1.0,57.0,88.0,0.0,1.499999250000375,0.0,7.0,2026-02-13,0
2026-02-13 17:21:23.941,0.0,0.0,4.0,3.0,3.0,1.0,1.0,1.0,38.0,100.0,0.0,1.7499995625001092,0.0,13.0,2026-02-13,0
2026-02-13 17:21:24.952,0.0,1.0,0.0,1.0,1.0,3.0,1.0,1.0,38.0,90.0,0.2499999375000156,0.2499999375000156,0.0,8.0,2026-02-13,0
2026-02-13 17:21:25.962,0.0,0.0,0.0,1.0,1.0,2.0,3.0,2.0,43.0,88.0,0.0,0.3333332222222592,0.0,9.0,2026-02-13,0
2026-02-13 17:21:26.969,0.0,0.0,1.0,1.0,0.0,4.0,1.0,2.0,54.0,81.0,0.0,0.4999998750000312,0.0,9.0,2026-02-13,0
2026-02-13 17:21:27.980,0.0,0.0,0.0,0.0,1.0,1.0,2.0,1.0,80.0,57.0,0.0,0.0,0.0,5.0,2026-02-13,0
2026-02-13 17:21:28.983,0.0,0.0,1.0,1.0,1.0,2.0,2.0,1.0,78.0,70.0,0.0,0.6666664444445185,0.0,8.0,2026-02-13,0
2026-02-13 17:21:29.992,0.0,0.0,0.0,0.0,3.0,1.0,3.0,1.0,70.0,67.0,0.0,0.0,0.0,8.0,2026-02-13,0
2026-02-13 17:21:31.002,0.0,0.0,1.0,1.0,2.0,4.0,2.0,2.0,75.0,64.0,0.0,0.333333277777787,0.0,12.0,2026-02-13,0
2026-02-13 17:21:32.010,0.0,0.0,0.0,0.0,1.0,2.0,2.0,1.0,70.0,74.0,0.0,0.0,0.0,6.0,2026-02-13,0
2026-02-13 17:21:33.021,0.0,1.0,0.0,1.0,2.0,2.0,1.0,1.0,66.0,60.0,0.2499999375000156,0.2499999375000156,0.0,8.0,2026-02-13,0
2026-02-13 17:21:34.027,0.0,0.0,0.0,0.0,2.0,2.0,3.0,2.0,70.0,56.0,0.0,0.0,0.0,9.0,2026-02-13,0
2026-02-13 17:21:35.037,0.0,0.0,3.0,1.0,3.0,3.0,1.0,3.0,56.0,61.0,0.0,0.6666665555555741,0.0,14.0,2026-02-13,0
2026-02-13 17:21:36.043,0.0,0.0,1.0,1.0,2.0,3.0,2.0,1.0,51.0,63.0,0.0,0.399999920000016,0.0,10.0,2026-02-13,0
2026-02-13 17:21:37.053,0.0,0.0,1.0,0.0,1.0,1.0,0.0,1.0,50.0,70.0,0.0,0.499999750000125,0.0,4.0,2026-02-13,0
2026-02-13 17:21:38.062,0.0,0.0,0.0,1.0,1.0,3.0,1.0,1.0,51.0,78.0,0.0,0.2499999375000156,0.0,7.0,2026-02-13,0
2026-02-13 17:21:39.075,0.0,0.0,0.0,0.0,2.0,2.0,3.0,4.0,61.0,66.0,0.0,0.0,0.0,11.0,2026-02-13,0
2026-02-13 17:21:40.085,0.0,0.0,0.0,0.0,0.0,1.0,2.0,2.0,61.0,67.0,0.0,0.0,0.0,5.0,2026-02-13,0
2026-02-13 17:21:41.092,0.0,0.0,2.0,6.0,10.0,16.0,0.0,1.0,80.0,66.0,0.0,0.3076922958579886,0.0,35.0,2026-02-13,0
2026-02-13 17:21:42.101,0.0,0.0,1.0,1.0,0.0,2.0,2.0,3.0,75.0,74.0,0.0,0.99999950000025,0.0,9.0,2026-02-13,0
2026-02-13 17:21:43.111,0.0,0.0,1.0,1.0,2.0,3.0,1.0,0.0,74.0,84.0,0.0,0.399999920000016,0.0,8.0,2026-02-13,0
2026-02-13 17:21:44.121,0.0,0.0,0.0,1.0,1.0,8.0,2.0,0.0,90.0,80.0,0.0,0.1111110987654334,0.0,12.0,2026-02-13,0
2026-02-13 17:21:45.134,0.0,0.0,0.0,3.0,2.0,0.0,1.0,1.0,69.0,90.0,0.0,1.499999250000375,0.0,7.0,2026-02-13,0
2026-02-13 17:21:46.144,0.0,0.0,0.0,1.0,1.0,2.0,2.0,0.0,70.0,81.0,0.0,0.3333332222222592,0.0,6.0,2026-02-13,0
2026-02-13 17:21:47.153,0.0,1.0,1.0,0.0,1.0,2.0,2.0,0.0,63.0,77.0,0.3333332222222592,0.3333332222222592,0.0,7.0,2026-02-13,0
2026-02-13 17:21:48.157,0.0,0.0,0.0,0.0,1.0,2.0,3.0,2.0,53.0,67.0,0.0,0.0,0.0,8.0,2026-02-13,0
2026-02-13 17:21:49.164,0.0,0.0,0.0,0.0,3.0,1.0,3.0,1.0,66.0,44.0,0.0,0.0,0.0,8.0,2026-02-13,0
2026-02-13 17:21:50.172,0.0,0.0,0.0,1.0,1.0,1.0,3.0,1.0,61.0,50.0,0.0,0.499999750000125,0.0,7.0,2026-02-13,0
2026-02-13 17:21:51.183,0.0,0.0,0.0,2.0,2.0,2.0,3.0,1.0,66.0,50.0,0.0,0.4999998750000312,0.0,10.0,2026-02-13,0
2026-02-13 17:21:52.193,0.0,1.0,2.0,0.0,0.0,1.0,1.0,1.0,51.0,67.0,0.999999000001,1.999998000002,0.0,6.0,2026-02-13,0
2026-02-13 17:21:53.199,0.0,0.0,3.0,1.0,1.0,2.0,0.0,0.0,44.0,91.0,0.0,1.333332888889037,0.0,7.0,2026-02-13,0
2026-02-13 17:21:54.210,0.0,0.0,0.0,0.0,0.0,4.0,2.0,1.0,61.0,74.0,0.0,0.0,0.0,7.0,2026-02-13,0
2026-02-13 17:21:55.217,0.0,0.0,0.0,1.0,1.0,6.0,2.0,4.0,74.0,70.0,0.0,0.1428571224489825,0.0,14.0,2026-02-13,0
2026-02-13 17:21:56.227,0.0,0.0,0.0,0.0,0.0,4.0,1.0,0.0,90.0,57.0,0.0,0.0,0.0,5.0,2026-02-13,0
2026-02-13 17:21:57.236,0.0,0.0,0.0,1.0,0.0,2.0,2.0,0.0,97.0,51.0,0.0,0.499999750000125,0.0,5.0,2026-02-13,0
2026-02-13 17:21:58.239,0.0,0.0,0.0,1.0,1.0,1.0,2.0,0.0,81.0,57.0,0.0,0.499999750000125,0.0,5.0,2026-02-13,0
2026-02-13 17:21:59.249,0.0,0.0,1.0,0.0,1.0,2.0,4.0,1.0,67.0,60.0,0.0,0.3333332222222592,0.0,9.0,2026-02-13,0
2026-02-13 17:22:00.261,0.0,0.0,0.0,3.0,1.0,1.0,2.0,1.0,54.0,74.0,0.0,1.499999250000375,0.0,8.0,2026-02-13,0
2026-02-13 17:22:01.268,0.0,0.0,0.0,0.0,4.0,2.0,1.0,1.0,56.0,61.0,0.0,0.0,0.0,8.0,2026-02-13,0
2026-02-13 17:22:02.273,0.0,0.0,1.0,0.0,1.0,3.0,2.0,1.0,60.0,69.0,0.0,0.2499999375000156,0.0,8.0,2026-02-13,0
2026-02-13 17:22:03.284,0.0,0.0,0.0,0.0,3.0,2.0,3.0,1.0,74.0,56.0,0.0,0.0,0.0,9.0,2026-02-13,0
2026-02-13 17:22:04.291,0.0,0.0,0.0,2.0,0.0,2.0,2.0,2.0,81.0,61.0,0.0,0.99999950000025,0.0,8.0,2026-02-13,0
2026-02-13 17:22:05.299,0.0,0.0,0.0,2.0,0.0,2.0,2.0,4.0,75.0,75.0,0.0,0.99999950000025,0.0,10.0,2026-02-13,0
2026-02-13 17:22:06.303,0.0,0.0,0.0,3.0,1.0,2.0,2.0,1.0,70.0,77.0,0.0,0.9999996666667778,0.0,9.0,2026-02-13,0
2026-02-13 17:22:07.313,0.0,1.0,0.0,2.0,1.0,5.0,2.0,0.0,64.0,87.0,0.1666666388888935,0.333333277777787,0.0,11.0,2026-02-13,0
2026-02-13 17:22:08.318,0.0,1.0,1.0,1.0,5.0,2.0,2.0,4.0,63.0,69.0,0.1428571224489825,0.285714244897965,0.0,16.0,2026-02-13,0
2026-02-13 17:22:09.325,0.0,0.0,0.0,1.0,1.0,1.0,3.0,1.0,54.0,69.0,0.0,0.499999750000125,0.0,7.0,2026-02-13,0
2026-02-13 17:22:10.333,0.0,0.0,1.0,2.0,0.0,5.0,1.0,0.0,63.0,74.0,0.0,0.599999880000024,0.0,9.0,2026-02-13,0
2026-02-13 17:22:11.339,0.0,0.0,0.0,6.0,4.0,2.0,2.0,1.0,54.0,87.0,0.0,0.9999998333333612,0.0,15.0,2026-02-13,0
2026-02-13 17:22:12.343,0.0,0.0,1.0,3.0,3.0,2.0,5.0,1.0,51.0,97.0,0.0,0.799999840000032,0.0,15.0,2026-02-13,0
2026-02-13 17:22:13.350,0.0,0.0,1.0,1.0,0.0,4.0,3.0,1.0,61.0,94.0,0.0,0.4999998750000312,0.0,10.0,2026-02-13,0
2026-02-13 17:22:14.360,0.0,0.0,2.0,0.0,1.0,1.0,1.0,2.0,50.0,90.0,0.0,0.99999950000025,0.0,7.0,2026-02-13,0
2026-02-13 17:22:15.371,0.0,0.0,2.0,0.0,1.0,1.0,1.0,2.0,50.0,90.0,0.0,0.99999950000025,0.0,7.0,2026-02-13,0
2026-02-13 17:22:16.382,0.0,1.0,0.0,1.0,0.0,3.0,0.0,2.0,38.0,78.0,0.3333332222222592,0.3333332222222592,0.0,7.0,2026-02-13,0
2026-02-13 17:22:17.390,0.0,0.0,0.0,1.0,1.0,2.0,1.0,2.0,43.0,77.0,0.0,0.3333332222222592,0.0,7.0,2026-02-13,0
2026-02-13 17:22:18.395,0.0,1.0,0.0,1.0,1.0,3.0,1.0,0.0,51.0,54.0,0.2499999375000156,0.2499999375000156,0.0,7.0,2026-02-13,0
2026-02-13 17:22:19.401,0.0,2.0,0.0,1.0,1.0,3.0,1.0,1.0,54.0,47.0,0.4999998750000312,0.2499999375000156,0.0,9.0,2026-02-13,0
2026-02-13 17:22:20.408,0.0,0.0,0.0,2.0,2.0,2.0,0.0,0.0,57.0,54.0,0.0,0.4999998750000312,0.0,6.0,2026-02-13,0
2026-02-13 17:22:21.415,0.0,0.0,1.0,0.0,0.0,2.0,3.0,1.0,64.0,56.0,0.0,0.499999750000125,0.0,7.0,2026-02-13,0
2026-02-13 17:22:22.424,0.0,0.0,0.0,1.0,0.0,1.0,1.0,1.0,56.0,78.0,0.0,0.999999000001,0.0,4.0,2026-02-13,0
2026-02-13 17:22:23.435,0.0,1.0,0.0,0.0,1.0,2.0,2.0,0.0,61.0,69.0,0.3333332222222592,0.0,0.0,6.0,2026-02-13,0
2026-02-13 17:22:24.441,0.0,0.0,0.0,0.0,0.0,3.0,0.0,1.0,69.0,64.0,0.0,0.0,0.0,4.0,2026-02-13,0
2026-02-13 17:22:25.452,0.0,0.0,0.0,0.0,1.0,1.0,2.0,1.0,64.0,61.0,0.0,0.0,0.0,5.0,2026-02-13,0
2026-02-13 17:22:26.456,0.0,0.0,0.0,1.0,0.0,7.0,1.0,2.0,90.0,44.0,0.0,0.1428571224489825,0.0,11.0,2026-02-13,0
2026-02-13 17:22:27.461,0.0,0.0,0.0,0.0,3.0,4.0,8.0,1.0,97.0,51.0,0.0,0.0,0.0,16.0,2026-02-13,0
2026-02-13 17:22:28.470,0.0,0.0,1.0,1.0,2.0,5.0,1.0,1.0,93.0,54.0,0.0,0.285714244897965,0.0,11.0,2026-02-13,0
2026-02-13 17:22:29.478,0.0,1.0,0.0,2.0,1.0,4.0,3.0,1.0,93.0,51.0,0.199999960000008,0.399999920000016,0.0,12.0,2026-02-13,0
2026-02-13 17:22:30.486,0.0,1.0,2.0,0.0,2.0,3.0,1.0,1.0,70.0,60.0,0.199999960000008,0.399999920000016,0.0,10.0,2026-02-13,0
2026-02-13 17:22:31.494,0.0,0.0,0.0,0.0,0.0,4.0,3.0,1.0,67.0,61.0,0.0,0.0,0.0,8.0,2026-02-13,0
2026-02-13 17:22:32.501,0.0,0.0,0.0,0.0,1.0,1.0,2.0,1.0,56.0,60.0,0.0,0.0,0.0,5.0,2026-02-13,0
2026-02-13 17:22:33.513,0.0,0.0,0.0,0.0,0.0,2.0,1.0,0.0,61.0,57.0,0.0,0.0,0.0,3.0,2026-02-13,0
2026-02-13 17:22:34.522,0.0,0.0,1.0,0.0,1.0,3.0,1.0,0.0,66.0,53.0,0.0,0.2499999375000156,0.0,6.0,2026-02-13,0
2026-02-13 17:22:35.529,0.0,0.0,0.0,3.0,3.0,4.0,1.0,1.0,63.0,61.0,0.0,0.4285713673469475,0.0,12.0,2026-02-13,0
2026-02-13 17:22:36.539,0.0,0.0,0.0,0.0,1.0,4.0,0.0,0.0,87.0,41.0,0.0,0.0,0.0,5.0,2026-02-13,0
2026-02-13 17:22:37.544,0.0,0.0,0.0,1.0,2.0,5.0,0.0,0.0,93.0,43.0,0.0,0.1428571224489825,0.0,8.0,2026-02-13,0
2026-02-13 17:22:38.553,0.0,0.0,1.0,0.0,2.0,6.0,2.0,0.0,100.0,40.0,0.0,0.1249999843750019,0.0,11.0,2026-02-13,0
2026-02-13 17:22:39.561,0.0,1.0,0.0,0.0,0.0,1.0,0.0,1.0,100.0,24.0,0.999999000001,0.0,0.0,3.0,2026-02-13,0
2026-02-13 17:22:40.570,0.0,0.0,1.0,0.0,2.0,2.0,1.0,2.0,83.0,50.0,0.0,0.2499999375000156,0.0,8.0,2026-02-13,0
2026-02-13 17:22:41.579,0.0,0.0,1.0,0.0,0.0,2.0,1.0,0.0,69.0,63.0,0.0,0.499999750000125,0.0,4.0,2026-02-13,0
2026-02-13 17:22:42.586,0.0,1.0,0.0,0.0,1.0,2.0,1.0,1.0,51.0,56.0,0.3333332222222592,0.0,0.0,6.0,2026-02-13,0
2026-02-13 17:22:43.599,0.0,0.0,3.0,0.0,0.0,2.0,2.0,1.0,51.0,81.0,0.0,1.499999250000375,0.0,8.0,2026-02-13,0
2026-02-13 17:22:44.611,0.0,0.0,3.0,2.0,6.0,3.0,1.0,1.0,44.0,83.0,0.0,0.5555554938271674,0.0,16.0,2026-02-13,0
2026-02-13 17:22:45.622,0.0,0.0,0.0,1.0,0.0,3.0,0.0,2.0,44.0,75.0,0.0,0.3333332222222592,0.0,6.0,2026-02-13,0
2026-02-13 17:22:46.632,0.0,0.0,1.0,1.0,0.0,3.0,2.0,1.0,54.0,91.0,0.0,0.6666664444445185,0.0,8.0,2026-02-13,0
2026-02-13 17:22:47.670,0.0,0.0,0.0,0.0,1.0,7.0,2.0,0.0,69.0,67.0,0.0,0.0,0.0,10.0,2026-02-13,0
2026-02-13 17:22:48.682,0.0,0.0,3.0,0.0,0.0,2.0,0.0,1.0,67.0,75.0,0.0,1.499999250000375,0.0,6.0,2026-02-13,0
2026-02-13 17:22:49.689,0.0,1.0,1.0,1.0,1.0,2.0,2.0,1.0,63.0,77.0,0.3333332222222592,0.6666664444445185,0.0,9.0,2026-02-13,0
2026-02-13 17:22:50.700,0.0,0.0,0.0,1.0,2.0,1.0,2.0,2.0,57.0,75.0,0.0,0.3333332222222592,0.0,8.0,2026-02-13,0
2026-02-13 17:22:51.711,0.0,0.0,1.0,1.0,0.0,4.0,2.0,1.0,51.0,94.0,0.0,0.4999998750000312,0.0,9.0,2026-02-13,0
2026-02-13 17:22:52.720,0.0,1.0,0.0,0.0,1.0,3.0,2.0,1.0,60.0,63.0,0.2499999375000156,0.0,0.0,8.0,2026-02-13,0
2026-02-13 17:22:53.727,0.0,0.0,0.0,1.0,1.0,2.0,2.0,2.0,63.0,61.0,0.0,0.3333332222222592,0.0,8.0,2026-02-13,0
2026-02-13 17:22:54.737,0.0,0.0,1.0,4.0,1.0,2.0,3.0,0.0,56.0,64.0,0.0,1.666666111111296,0.0,11.0,2026-02-13,0
2026-02-13 17:22:55.747,2.0,1.0,0.0,1.0,1.0,2.0,1.0,0.0,48.0,53.0,0.3333332222222592,0.3333332222222592,0.4999998750000312,8.0,2026-02-13,0
2026-02-13 17:22:56.758,0.0,1.0,1.0,1.0,0.0,2.0,1.0,1.0,38.0,75.0,0.499999750000125,0.99999950000025,0.0,7.0,2026-02-13,0
2026-02-13 17:22:57.764,0.0,0.0,0.0,3.0,1.0,2.0,2.0,1.0,38.0,78.0,0.0,0.9999996666667778,0.0,9.0,2026-02-13,0
2026-02-13 17:22:58.777,0.0,0.0,0.0,1.0,1.0,5.0,1.0,3.0,54.0,67.0,0.0,0.1666666388888935,0.0,11.0,2026-02-13,0
2026-02-13 17:22:59.787,0.0,1.0,1.0,2.0,1.0,3.0,3.0,1.0,56.0,77.0,0.2499999375000156,0.7499998125000469,0.0,12.0,2026-02-13,0
2026-02-13 17:23:00.800,0.0,0.0,0.0,1.0,2.0,2.0,1.0,1.0,63.0,69.0,0.0,0.2499999375000156,0.0,7.0,2026-02-13,0
2026-02-13 17:23:01.808,0.0,1.0,0.0,0.0,1.0,2.0,2.0,2.0,61.0,56.0,0.3333332222222592,0.0,0.0,8.0,2026-02-13,0
2026-02-13 17:23:02.815,0.0,1.0,1.0,0.0,1.0,11.0,3.0,3.0,64.0,50.0,0.0833333263888894,0.0833333263888894,0.0,20.0,2026-02-13,0
2026-02-13 17:23:03.820,0.0,1.0,0.0,0.0,0.0,1.0,1.0,4.0,54.0,44.0,0.999999000001,0.0,0.0,7.0,2026-02-13,0
2026-02-13 17:23:04.831,0.0,0.0,0.0,0.0,3.0,3.0,3.0,1.0,61.0,34.0,0.0,0.0,0.0,10.0,2026-02-13,0
2026-02-13 17:23:05.842,0.0,1.0,0.0,1.0,0.0,2.0,2.0,2.0,63.0,38.0,0.499999750000125,0.499999750000125,0.0,8.0,2026-02-13,0
2026-02-13 17:23:06.851,0.0,1.0,0.0,1.0,3.0,2.0,1.0,3.0,50.0,37.0,0.199999960000008,0.199999960000008,0.0,11.0,2026-02-13,0
2026-02-13 17:23:07.864,0.0,0.0,0.0,0.0,0.0,1.0,6.0,1.0,60.0,41.0,0.0,0.0,0.0,8.0,2026-02-13,0
2026-02-13 17:23:08.871,0.0,0.0,0.0,0.0,2.0,1.0,4.0,1.0,48.0,48.0,0.0,0.0,0.0,8.0,2026-02-13,0
2026-02-13 17:23:09.882,0.0,0.0,1.0,0.0,0.0,2.0,2.0,2.0,48.0,56.0,0.0,0.499999750000125,0.0,7.0,2026-02-13,0
2026-02-13 17:23:10.890,0.0,0.0,1.0,0.0,1.0,3.0,1.0,1.0,51.0,64.0,0.0,0.2499999375000156,0.0,7.0,2026-02-13,0
2026-02-13 17:23:11.895,0.0,0.0,0.0,1.0,2.0,2.0,1.0,3.0,53.0,57.0,0.0,0.2499999375000156,0.0,9.0,2026-02-13,0
2026-02-13 17:23:12.902,0.0,1.0,0.0,0.0,0.0,1.0,2.0,1.0,47.0,51.0,0.999999000001,0.0,0.0,5.0,2026-02-13,0
2026-02-13 17:23:13.914,0.0,0.0,0.0,0.0,1.0,4.0,3.0,1.0,54.0,41.0,0.0,0.0,0.0,9.0,2026-02-13,0
2026-02-13 17:23:14.921,0.0,0.0,2.0,1.0,0.0,1.0,1.0,2.0,47.0,57.0,0.0,2.9999970000030003,0.0,7.0,2026-02-13,0
2026-02-13 17:23:15.925,0.0,0.0,0.0,1.0,4.0,2.0,2.0,1.0,47.0,60.0,0.0,0.1666666388888935,0.0,10.0,2026-02-13,0
2026-02-13 17:23:16.930,0.0,0.0,0.0,0.0,1.0,2.0,2.0,1.0,60.0,77.0,0.0,0.0,0.0,6.0,2026-02-13,0
2026-02-13 17:23:17.944,0.0,0.0,0.0,1.0,6.0,1.0,2.0,2.0,56.0,77.0,0.0,0.1428571224489825,0.0,12.0,2026-02-13,0
2026-02-13 17:23:18.951,0.0,1.0,1.0,0.0,0.0,1.0,3.0,0.0,50.0,61.0,0.999999000001,0.999999000001,0.0,6.0,2026-02-13,0
2026-02-13 17:23:19.964,0.0,1.0,1.0,1.0,0.0,3.0,5.0,1.0,48.0,63.0,0.3333332222222592,0.6666664444445185,0.0,12.0,2026-02-13,0
2026-02-13 17:23:20.974,0.0,1.0,0.0,0.0,1.0,2.0,1.0,1.0,44.0,50.0,0.3333332222222592,0.0,0.0,6.0,2026-02-13,0
2026-02-13 17:23:21.988,0.0,0.0,1.0,3.0,1.0,2.0,0.0,1.0,34.0,64.0,0.0,1.333332888889037,0.0,8.0,2026-02-13,0
2026-02-13 17:23:23.001,0.0,1.0,1.0,0.0,0.0,1.0,1.0,2.0,40.0,60.0,0.999999000001,0.999999000001,0.0,6.0,2026-02-13,0
2026-02-13 17:23:24.006,0.0,0.0,0.0,0.0,1.0,1.0,1.0,2.0,40.0,60.0,0.0,0.0,0.0,5.0,2026-02-13,0
2026-02-13 17:23:25.015,0.0,0.0,0.0,1.0,0.0,3.0,2.0,4.0,44.0,75.0,0.0,0.3333332222222592,0.0,10.0,2026-02-13,0
2026-02-13 17:23:26.019,0.0,0.0,0.0,2.0,2.0,1.0,1.0,0.0,48.0,70.0,0.0,0.6666664444445185,0.0,6.0,2026-02-13,0
2026-02-13 17:23:27.034,0.0,0.0,1.0,0.0,3.0,2.0,3.0,1.0,54.0,81.0,0.0,0.199999960000008,0.0,10.0,2026-02-13,0
2026-02-13 17:23:28.043,0.0,1.0,0.0,0.0,1.0,3.0,2.0,3.0,54.0,77.0,0.2499999375000156,0.0,0.0,10.0,2026-02-13,0
2026-02-13 17:23:29.052,0.0,0.0,1.0,1.0,0.0,3.0,3.0,0.0,50.0,75.0,0.0,0.6666664444445185,0.0,8.0,2026-02-13,0
2026-02-13 17:23:30.058,0.0,0.0,0.0,1.0,0.0,3.0,1.0,0.0,57.0,67.0,0.0,0.3333332222222592,0.0,5.0,2026-02-13,0
2026-02-13 17:23:31.069,0.0,0.0,2.0,1.0,1.0,1.0,3.0,1.0,47.0,74.0,0.0,1.499999250000375,0.0,9.0,2026-02-13,0
2026-02-13 17:23:32.083,0.0,0.0,0.0,0.0,1.0,3.0,2.0,1.0,61.0,64.0,0.0,0.0,0.0,7.0,2026-02-13,0
2026-02-13 17:23:33.096,0.0,0.0,0.0,0.0,0.0,4.0,1.0,1.0,64.0,63.0,0.0,0.0,0.0,6.0,2026-02-13,0
2026-02-13 17:23:34.110,0.0,0.0,4.0,1.0,1.0,6.0,0.0,1.0,77.0,61.0,0.0,0.7142856122449125,0.0,13.0,2026-02-13,0
2026-02-13 17:23:35.120,0.0,0.0,2.0,1.0,1.0,5.0,1.0,1.0,77.0,66.0,0.0,0.4999999166666805,0.0,11.0,2026-02-13,0
2026-02-13 17:23:36.128,0.0,0.0,0.0,0.0,0.0,2.0,2.0,0.0,74.0,83.0,0.0,0.0,0.0,4.0,2026-02-13,0
2026-02-13 17:23:37.132,0.0,0.0,0.0,0.0,2.0,1.0,1.0,3.0,69.0,81.0,0.0,0.0,0.0,7.0,2026-02-13,0
2026-02-13 17:23:38.143,0.0,0.0,0.0,1.0,1.0,2.0,1.0,1.0,67.0,69.0,0.0,0.3333332222222592,0.0,6.0,2026-02-13,0
2026-02-13 17:23:39.152,0.0,0.0,0.0,0.0,5.0,1.0,2.0,1.0,60.0,56.0,0.0,0.0,0.0,9.0,2026-02-13,0
2026-02-13 17:23:40.158,0.0,1.0,1.0,0.0,6.0,2.0,2.0,0.0,50.0,44.0,0.1249999843750019,0.1249999843750019,0.0,12.0,2026-02-13,0
2026-02-13 17:23:41.167,0.0,0.0,0.0,0.0,0.0,4.0,1.0,1.0,56.0,41.0,0.0,0.0,0.0,6.0,2026-02-13,0
2026-02-13 17:23:42.177,0.0,0.0,0.0,1.0,2.0,1.0,1.0,2.0,50.0,41.0,0.0,0.3333332222222592,0.0,7.0,2026-02-13,0
2026-02-13 17:23:43.180,0.0,0.0,1.0,1.0,3.0,4.0,0.0,0.0,54.0,53.0,0.0,0.285714244897965,0.0,9.0,2026-02-13,0
2026-02-13 17:23:44.180,0.0,1.0,1.0,1.0,1.0,2.0,1.0,1.0,57.0,61.0,0.3333332222222592,0.6666664444445185,0.0,8.0,2026-02-13,0
2026-02-13 17:23:45.190,0.0,1.0,0.0,0.0,1.0,1.0,1.0,1.0,43.0,61.0,0.499999750000125,0.0,0.0,5.0,2026-02-13,0
2026-02-13 17:23:46.194,0.0,0.0,2.0,2.0,1.0,4.0,1.0,0.0,50.0,67.0,0.0,0.799999840000032,0.0,10.0,2026-02-13,0
2026-02-13 17:23:47.204,0.0,0.0,0.0,0.0,1.0,3.0,1.0,1.0,54.0,56.0,0.0,0.0,0.0,6.0,2026-02-13,0
2026-02-13 17:23:48.213,0.0,1.0,0.0,0.0,0.0,1.0,0.0,1.0,53.0,51.0,0.999999000001,0.0,0.0,3.0,2026-02-13,0
2026-02-13 17:23:49.216,0.0,1.0,0.0,0.0,0.0,3.0,4.0,0.0,61.0,51.0,0.3333332222222592,0.0,0.0,8.0,2026-02-13,0
2026-02-13 17:23:50.220,0.0,0.0,1.0,1.0,1.0,2.0,1.0,3.0,63.0,51.0,0.0,0.6666664444445185,0.0,9.0,2026-02-13,0
2026-02-13 17:23:51.229,0.0,0.0,2.0,0.0,0.0,8.0,1.0,2.0,64.0,61.0,0.0,0.2499999687500039,0.0,13.0,2026-02-13,0
2026-02-13 17:23:52.243,0.0,0.0,3.0,1.0,2.0,6.0,1.0,0.0,70.0,75.0,0.0,0.4999999375000079,0.0,13.0,2026-02-13,0
2026-02-13 17:23:53.250,0.0,0.0,1.0,0.0,2.0,4.0,1.0,1.0,74.0,84.0,0.0,0.1666666388888935,0.0,9.0,2026-02-13,0
2026-02-13 17:23:54.257,0.0,0.0,1.0,1.0,0.0,3.0,0.0,1.0,74.0,87.0,0.0,0.6666664444445185,0.0,6.0,2026-02-13,0
2026-02-13 17:23:55.265,0.0,0.0,1.0,1.0,1.0,2.0,1.0,2.0,63.0,90.0,0.0,0.6666664444445185,0.0,8.0,2026-02-13,0
2026-02-13 17:23:56.273,0.0,0.0,3.0,0.0,1.0,6.0,1.0,1.0,64.0,90.0,0.0,0.4285713673469475,0.0,12.0,2026-02-13,0
2026-02-13 17:23:57.281,0.0,1.0,1.0,2.0,1.0,3.0,1.0,0.0,61.0,87.0,0.2499999375000156,0.7499998125000469,0.0,9.0,2026-02-13,0
2026-02-13 17:23:58.289,0.0,0.0,0.0,1.0,4.0,12.0,2.0,1.0,77.0,66.0,0.0,0.0624999960937502,0.0,20.0,2026-02-13,0
2026-02-13 17:23:59.302,0.0,0.0,0.0,0.0,2.0,2.0,3.0,1.0,77.0,57.0,0.0,0.0,0.0,8.0,2026-02-13,0
2026-02-13 17:24:00.309,0.0,0.0,3.0,2.0,5.0,2.0,2.0,1.0,66.0,60.0,0.0,0.7142856122449125,0.0,15.0,2026-02-13,0
2026-02-13 17:24:01.316,1.0,1.0,1.0,4.0,3.0,2.0,3.0,4.0,56.0,60.0,0.199999960000008,0.99999980000004,0.099999990000001,19.0,2026-02-13,0
2026-02-13 17:24:02.325,0.0,0.0,2.0,1.0,1.0,3.0,3.0,1.0,38.0,80.0,0.0,0.7499998125000469,0.0,11.0,2026-02-13,0
2026-02-13 17:24:03.339,0.0,0.0,0.0,2.0,3.0,3.0,1.0,3.0,41.0,84.0,0.0,0.333333277777787,0.0,12.0,2026-02-13,0
2026-02-13 17:24:04.348,0.0,0.0,1.0,2.0,2.0,3.0,3.0,0.0,48.0,81.0,0.0,0.599999880000024,0.0,11.0,2026-02-13,0
2026-02-13 17:24:05.358,0.0,0.0,0.0,1.0,0.0,8.0,1.0,2.0,70.0,77.0,0.0,0.1249999843750019,0.0,12.0,2026-02-13,0
2026-02-13 17:24:06.366,0.0,0.0,0.0,1.0,5.0,1.0,3.0,0.0,75.0,61.0,0.0,0.1666666388888935,0.0,10.0,2026-02-13,0
2026-02-13 17:24:07.368,0.0,0.0,1.0,1.0,1.0,4.0,3.0,2.0,77.0,64.0,0.0,0.399999920000016,0.0,12.0,2026-02-13,0
2026-02-13 17:24:08.369,0.0,0.0,0.0,1.0,2.0,2.0,5.0,1.0,80.0,60.0,0.0,0.2499999375000156,0.0,11.0,2026-02-13,0
2026-02-13 17:24:09.383,0.0,0.0,0.0,0.0,2.0,1.0,6.0,3.0,69.0,54.0,0.0,0.0,0.0,12.0,2026-02-13,0
2026-02-13 17:24:10.385,0.0,0.0,0.0,0.0,4.0,2.0,4.0,1.0,69.0,50.0,0.0,0.0,0.0,11.0,2026-02-13,0
2026-02-13 17:24:11.389,0.0,1.0,1.0,1.0,1.0,7.0,2.0,2.0,70.0,43.0,0.1249999843750019,0.2499999687500039,0.0,15.0,2026-02-13,0
2026-02-13 17:24:12.403,0.0,0.0,0.0,0.0,5.0,7.0,5.0,3.0,78.0,29.0,0.0,0.0,0.0,20.0,2026-02-13,0
2026-02-13 17:24:13.417,0.0,0.0,1.0,0.0,2.0,3.0,2.0,2.0,75.0,41.0,0.0,0.199999960000008,0.0,10.0,2026-02-13,0
2026-02-13 17:24:14.423,0.0,0.0,0.0,2.0,1.0,4.0,7.0,1.0,77.0,51.0,0.0,0.399999920000016,0.0,15.0,2026-02-13,0
2026-02-13 17:24:15.434,0.0,0.0,0.0,1.0,2.0,2.0,5.0,1.0,78.0,51.0,0.0,0.2499999375000156,0.0,11.0,2026-02-13,0
2026-02-13 17:24:16.444,0.0,0.0,0.0,0.0,0.0,3.0,2.0,4.0,74.0,64.0,0.0,0.0,0.0,9.0,2026-02-13,0
2026-02-13 17:24:17.450,0.0,0.0,0.0,1.0,0.0,2.0,4.0,3.0,77.0,63.0,0.0,0.499999750000125,0.0,10.0,2026-02-13,0
2026-02-13 17:24:18.459,0.0,1.0,1.0,1.0,1.0,4.0,1.0,0.0,70.0,61.0,0.199999960000008,0.399999920000016,0.0,9.0,2026-02-13,0
2026-02-13 17:24:19.466,0.0,0.0,0.0,0.0,1.0,4.0,2.0,1.0,69.0,61.0,0.0,0.0,0.0,8.0,2026-02-13,0
2026-02-13 17:24:20.474,0.0,1.0,0.0,1.0,9.0,2.0,3.0,2.0,64.0,47.0,0.0909090826446288,0.0909090826446288,0.0,18.0,2026-02-13,0
2026-02-13 17:24:21.478,0.0,0.0,1.0,1.0,4.0,4.0,1.0,0.0,67.0,44.0,0.0,0.2499999687500039,0.0,11.0,2026-02-13,0
2026-02-13 17:24:22.484,0.0,0.0,1.0,0.0,1.0,3.0,2.0,0.0,69.0,53.0,0.0,0.2499999375000156,0.0,7.0,2026-02-13,0
2026-02-13 17:24:23.489,0.0,0.0,0.0,0.0,1.0,4.0,1.0,1.0,74.0,47.0,0.0,0.0,0.0,7.0,2026-02-13,0
2026-02-13 17:24:24.498,0.0,0.0,1.0,1.0,1.0,3.0,1.0,1.0,75.0,67.0,0.0,0.4999998750000312,0.0,8.0,2026-02-13,0
2026-02-13 17:24:25.502,0.0,0.0,0.0,0.0,1.0,2.0,2.0,2.0,75.0,70.0,0.0,0.0,0.0,7.0,2026-02-13,0
2026-02-13 17:24:26.507,0.0,0.0,0.0,0.0,1.0,1.0,0.0,3.0,75.0,64.0,0.0,0.0,0.0,5.0,2026-02-13,0
2026-02-13 17:24:27.510,0.0,0.0,0.0,0.0,0.0,4.0,1.0,0.0,70.0,69.0,0.0,0.0,0.0,5.0,2026-02-13,0
2026-02-13 17:24:28.522,0.0,0.0,0.0,2.0,0.0,1.0,3.0,1.0,67.0,69.0,0.0,1.999998000002,0.0,7.0,2026-02-13,0
2026-02-13 17:24:29.523,0.0,0.0,0.0,0.0,2.0,4.0,1.0,1.0,75.0,54.0,0.0,0.0,0.0,8.0,2026-02-13,0
2026-02-13 17:24:30.536,0.0,0.0,0.0,0.0,0.0,2.0,2.0,0.0,80.0,56.0,0.0,0.0,0.0,4.0,2026-02-13,0
2026-02-13 17:24:31.545,0.0,0.0,1.0,0.0,3.0,5.0,2.0,1.0,83.0,51.0,0.0,0.1249999843750019,0.0,12.0,2026-02-13,0
2026-02-13 17:24:32.559,0.0,1.0,0.0,0.0,0.0,4.0,0.0,1.0,90.0,24.0,0.2499999375000156,0.0,0.0,6.0,2026-02-13,0
2026-02-13 17:24:33.567,0.0,0.0,1.0,1.0,1.0,1.0,1.0,1.0,70.0,43.0,0.0,0.99999950000025,0.0,6.0,2026-02-13,0
2026-02-13 17:24:34.572,0.0,0.0,0.0,1.0,0.0,4.0,1.0,1.0,70.0,50.0,0.0,0.2499999375000156,0.0,7.0,2026-02-13,0
2026-02-13 17:24:35.587,0.0,0.0,0.0,1.0,0.0,1.0,1.0,1.0,57.0,69.0,0.0,0.999999000001,0.0,4.0,2026-02-13,0
2026-02-13 17:24:36.595,0.0,0.0,1.0,1.0,1.0,6.0,1.0,0.0,63.0,90.0,0.0,0.285714244897965,0.0,10.0,2026-02-13,0
2026-02-13 17:24:37.597,0.0,1.0,1.0,0.0,2.0,3.0,1.0,0.0,63.0,77.0,0.199999960000008,0.199999960000008,0.0,8.0,2026-02-13,0
2026-02-13 17:24:38.606,0.0,0.0,1.0,1.0,1.0,4.0,0.0,1.0,57.0,74.0,0.0,0.399999920000016,0.0,8.0,2026-02-13,0
2026-02-13 17:24:39.611,0.0,1.0,0.0,0.0,3.0,4.0,1.0,2.0,67.0,48.0,0.1428571224489825,0.0,0.0,11.0,2026-02-13,0
2026-02-13 17:24:40.617,1.0,3.0,1.0,0.0,3.0,2.0,4.0,6.0,43.0,35.0,0.599999880000024,0.199999960000008,0.1666666388888935,20.0,2026-02-13,0
2026-02-13 17:24:41.620,0.0,0.0,0.0,0.0,0.0,2.0,0.0,0.0,47.0,40.0,0.0,0.0,0.0,2.0,2026-02-13,0
2026-02-13 17:24:42.626,0.0,1.0,0.0,0.0,0.0,1.0,0.0,2.0,40.0,26.0,0.999999000001,0.0,0.0,4.0,2026-02-13,0
2026-02-13 17:24:43.637,0.0,0.0,0.0,0.0,2.0,1.0,2.0,2.0,40.0,24.0,0.0,0.0,0.0,7.0,2026-02-13,0
2026-02-13 17:24:44.645,1.0,1.0,1.0,0.0,0.0,2.0,3.0,1.0,50.0,40.0,0.499999750000125,0.499999750000125,0.3333332222222592,9.0,2026-02-13,0
2026-02-13 17:24:45.648,0.0,0.0,0.0,0.0,0.0,3.0,2.0,1.0,57.0,40.0,0.0,0.0,0.0,6.0,2026-02-13,0
2026-02-13 17:24:46.653,0.0,1.0,0.0,4.0,1.0,4.0,1.0,3.0,61.0,56.0,0.199999960000008,0.799999840000032,0.0,14.0,2026-02-13,0
2026-02-13 17:24:47.658,0.0,2.0,0.0,2.0,9.0,6.0,2.0,1.0,60.0,61.0,0.133333324444445,0.133333324444445,0.0,22.0,2026-02-13,0
2026-02-13 17:24:48.663,0.0,0.0,1.0,1.0,5.0,2.0,1.0,0.0,60.0,54.0,0.0,0.285714244897965,0.0,10.0,2026-02-13,0
2026-02-13 17:24:49.670,0.0,0.0,0.0,2.0,3.0,4.0,2.0,0.0,56.0,57.0,0.0,0.285714244897965,0.0,11.0,2026-02-13,0
2026-02-13 17:24:50.675,0.0,0.0,1.0,0.0,1.0,1.0,3.0,1.0,50.0,53.0,0.0,0.499999750000125,0.0,7.0,2026-02-13,0
2026-02-13 17:24:51.681,0.0,0.0,0.0,1.0,0.0,2.0,2.0,0.0,48.0,67.0,0.0,0.499999750000125,0.0,5.0,2026-02-13,0
2026-02-13 17:24:52.686,0.0,0.0,1.0,1.0,0.0,2.0,1.0,1.0,53.0,75.0,0.0,0.99999950000025,0.0,6.0,2026-02-13,0
2026-02-13 17:24:53.690,12.0,6.0,0.0,0.0,1.0,2.0,1.0,4.0,29.0,53.0,1.9999993333335555,0.0,3.999998666667111,26.0,2026-02-13,1
2026-02-13 17:24:54.694,0.0,1.0,0.0,0.0,1.0,2.0,1.0,0.0,34.0,44.0,0.3333332222222592,0.0,0.0,5.0,2026-02-13,0
2026-02-13 17:24:55.709,0.0,0.0,0.0,0.0,0.0,1.0,1.0,1.0,34.0,17.0,0.0,0.0,0.0,3.0,2026-02-13,0
2026-02-13 17:24:56.720,0.0,0.0,0.0,1.0,0.0,1.0,1.0,2.0,48.0,38.0,0.0,0.999999000001,0.0,5.0,2026-02-13,0
2026-02-13 17:24:57.733,0.0,1.0,0.0,1.0,1.0,2.0,1.0,1.0,50.0,37.0,0.3333332222222592,0.3333332222222592,0.0,7.0,2026-02-13,0
2026-02-13 17:24:58.744,0.0,0.0,0.0,1.0,1.0,2.0,2.0,1.0,51.0,54.0,0.0,0.3333332222222592,0.0,7.0,2026-02-13,0
2026-02-13 17:24:59.759,0.0,0.0,0.0,0.0,2.0,1.0,2.0,1.0,50.0,50.0,0.0,0.0,0.0,6.0,2026-02-13,0
2026-02-13 17:25:00.766,0.0,0.0,0.0,2.0,1.0,2.0,2.0,1.0,53.0,53.0,0.0,0.6666664444445185,0.0,8.0,2026-02-13,0
2026-02-13 17:25:01.772,0.0,1.0,0.0,0.0,1.0,1.0,1.0,0.0,48.0,51.0,0.499999750000125,0.0,0.0,4.0,2026-02-13,0
2026-02-13 17:25:02.789,0.0,0.0,2.0,0.0,3.0,1.0,1.0,0.0,35.0,53.0,0.0,0.4999998750000312,0.0,7.0,2026-02-13,0
2026-02-13 17:25:03.800,0.0,0.0,0.0,0.0,1.0,2.0,2.0,0.0,50.0,50.0,0.0,0.0,0.0,5.0,2026-02-13,0
2026-02-13 17:25:04.803,0.0,0.0,0.0,1.0,1.0,4.0,2.0,1.0,56.0,47.0,0.0,0.199999960000008,0.0,9.0,2026-02-13,0
2026-02-13 17:25:05.803,0.0,1.0,0.0,0.0,1.0,4.0,0.0,1.0,66.0,50.0,0.199999960000008,0.0,0.0,7.0,2026-02-13,0
2026-02-13 17:25:06.817,9.0,7.0,1.0,1.0,12.0,7.0,0.0,1.0,66.0,27.0,0.3684210332409982,0.1052631523545709,0.4285714081632663,38.0,2026-02-13,0
2026-02-13 17:25:07.827,0.0,0.0,0.0,3.0,8.0,2.0,1.0,1.0,54.0,35.0,0.0,0.299999970000003,0.0,15.0,2026-02-13,0
2026-02-13 17:25:08.841,0.0,0.0,2.0,2.0,2.0,2.0,0.0,0.0,44.0,44.0,0.0,0.9999997500000624,0.0,8.0,2026-02-13,0
2026-02-13 17:25:09.848,0.0,1.0,1.0,1.0,1.0,0.0,2.0,1.0,29.0,53.0,0.999999000001,1.999998000002,0.0,7.0,2026-02-13,0
2026-02-13 17:25:10.859,0.0,0.0,0.0,0.0,1.0,2.0,2.0,1.0,43.0,70.0,0.0,0.0,0.0,6.0,2026-02-13,0
2026-02-13 17:25:11.872,0.0,0.0,0.0,0.0,0.0,2.0,3.0,0.0,44.0,61.0,0.0,0.0,0.0,5.0,2026-02-13,0
2026-02-13 17:25:12.885,0.0,1.0,0.0,0.0,2.0,3.0,2.0,0.0,51.0,34.0,0.199999960000008,0.0,0.0,8.0,2026-02-13,0
2026-02-13 17:25:13.885,0.0,2.0,0.0,1.0,1.0,1.0,3.0,0.0,54.0,21.0,0.99999950000025,0.499999750000125,0.0,8.0,2026-02-13,0
2026-02-13 17:25:14.901,0.0,1.0,1.0,1.0,3.0,1.0,2.0,0.0,40.0,21.0,0.2499999375000156,0.4999998750000312,0.0,9.0,2026-02-13,0
2026-02-13 17:25:15.912,0.0,1.0,1.0,1.0,0.0,1.0,2.0,5.0,29.0,37.0,0.999999000001,1.999998000002,0.0,11.0,2026-02-13,0
2026-02-13 17:25:16.926,0.0,0.0,2.0,0.0,1.0,3.0,1.0,1.0,30.0,64.0,0.0,0.4999998750000312,0.0,8.0,2026-02-13,0
2026-02-13 17:25:17.940,0.0,0.0,0.0,0.0,1.0,1.0,4.0,2.0,35.0,77.0,0.0,0.0,0.0,8.0,2026-02-13,1
2026-02-13 17:25:18.954,0.0,0.0,0.0,0.0,1.0,2.0,2.0,1.0,47.0,78.0,0.0,0.0,0.0,6.0,2026-02-13,0
2026-02-13 17:25:19.960,0.0,1.0,0.0,0.0,0.0,3.0,1.0,1.0,57.0,66.0,0.3333332222222592,0.0,0.0,6.0,2026-02-13,0
2026-02-13 17:25:20.966,0.0,0.0,0.0,1.0,0.0,3.0,3.0,1.0,56.0,57.0,0.0,0.3333332222222592,0.0,8.0,2026-02-13,0
2026-02-13 17:25:21.979,0.0,0.0,0.0,1.0,1.0,1.0,1.0,0.0,51.0,54.0,0.0,0.499999750000125,0.0,4.0,2026-02-13,0
2026-02-13 17:25:22.988,0.0,0.0,0.0,1.0,0.0,1.0,1.0,1.0,50.0,57.0,0.0,0.999999000001,0.0,4.0,2026-02-13,0
2026-02-13 17:25:23.999,0.0,1.0,1.0,0.0,1.0,2.0,1.0,1.0,41.0,63.0,0.3333332222222592,0.3333332222222592,0.0,7.0,2026-02-13,0
2026-02-13 17:25:25.009,0.0,0.0,0.0,0.0,0.0,1.0,1.0,1.0,40.0,67.0,0.0,0.0,0.0,3.0,2026-02-13,0
2026-02-13 17:25:26.017,0.0,1.0,1.0,0.0,2.0,4.0,1.0,3.0,50.0,61.0,0.1666666388888935,0.1666666388888935,0.0,12.0,2026-02-13,0
2026-02-13 17:25:27.026,0.0,1.0,0.0,0.0,1.0,3.0,1.0,1.0,50.0,48.0,0.2499999375000156,0.0,0.0,7.0,2026-02-13,0
2026-02-13 17:25:28.027,0.0,1.0,0.0,1.0,3.0,3.0,1.0,1.0,57.0,44.0,0.1666666388888935,0.1666666388888935,0.0,10.0,2026-02-13,0
2026-02-13 17:25:29.032,0.0,0.0,0.0,0.0,1.0,1.0,0.0,0.0,51.0,41.0,0.0,0.0,0.0,2.0,2026-02-13,0
2026-02-13 17:25:30.043,0.0,0.0,0.0,2.0,1.0,3.0,0.0,0.0,54.0,50.0,0.0,0.4999998750000312,0.0,6.0,2026-02-13,0
2026-02-13 17:25:31.057,0.0,1.0,0.0,1.0,0.0,2.0,1.0,1.0,50.0,56.0,0.499999750000125,0.499999750000125,0.0,6.0,2026-02-13,0
2026-02-13 17:25:32.066,0.0,0.0,1.0,0.0,0.0,2.0,0.0,0.0,43.0,69.0,0.0,0.499999750000125,0.0,3.0,2026-02-13,0
2026-02-13 17:25:33.077,0.0,1.0,1.0,1.0,1.0,2.0,1.0,0.0,44.0,67.0,0.3333332222222592,0.6666664444445185,0.0,7.0,2026-02-13,0
2026-02-13 17:25:34.089,0.0,0.0,0.0,0.0,1.0,1.0,0.0,0.0,40.0,56.0,0.0,0.0,0.0,2.0,2026-02-13,0
2026-02-13 17:25:35.097,0.0,1.0,1.0,0.0,1.0,1.0,0.0,0.0,34.0,60.0,0.499999750000125,0.499999750000125,0.0,4.0,2026-02-13,0
2026-02-13 17:25:36.107,0.0,0.0,1.0,1.0,1.0,2.0,0.0,0.0,37.0,63.0,0.0,0.6666664444445185,0.0,5.0,2026-02-13,0
2026-02-13 17:25:37.118,0.0,1.0,0.0,0.0,0.0,1.0,4.0,0.0,30.0,63.0,0.999999000001,0.0,0.0,6.0,2026-02-13,0
2026-02-13 17:25:38.123,0.0,1.0,0.0,2.0,1.0,7.0,2.0,0.0,43.0,69.0,0.1249999843750019,0.2499999687500039,0.0,13.0,2026-02-13,0
2026-02-13 17:25:39.128,0.0,0.0,0.0,1.0,1.0,1.0,0.0,1.0,50.0,67.0,0.0,0.499999750000125,0.0,4.0,2026-02-13,0
2026-02-13 17:25:40.137,0.0,0.0,0.0,0.0,4.0,2.0,0.0,1.0,56.0,43.0,0.0,0.0,0.0,7.0,2026-02-13,0
2026-02-13 17:25:41.147,0.0,1.0,0.0,0.0,1.0,2.0,2.0,2.0,63.0,35.0,0.3333332222222592,0.0,0.0,8.0,2026-02-13,0
2026-02-13 17:25:42.156,0.0,1.0,1.0,1.0,2.0,1.0,2.0,1.0,43.0,40.0,0.3333332222222592,0.6666664444445185,0.0,9.0,2026-02-13,0
2026-02-13 17:25:43.170,0.0,1.0,0.0,1.0,1.0,2.0,2.0,2.0,41.0,38.0,0.3333332222222592,0.3333332222222592,0.0,9.0,2026-02-13,0
2026-02-13 17:25:44.176,0.0,0.0,1.0,2.0,2.0,4.0,2.0,2.0,41.0,56.0,0.0,0.4999999166666805,0.0,13.0,2026-02-13,0
2026-02-13 17:25:45.180,0.0,0.0,0.0,0.0,1.0,1.0,1.0,1.0,41.0,54.0,0.0,0.0,0.0,4.0,2026-02-13,0
2026-02-13 17:25:46.185,0.0,0.0,0.0,0.0,2.0,4.0,1.0,0.0,57.0,47.0,0.0,0.0,0.0,7.0,2026-02-13,0
2026-02-13 17:25:47.194,0.0,0.0,0.0,0.0,2.0,2.0,3.0,1.0,63.0,50.0,0.0,0.0,0.0,8.0,2026-02-13,0
2026-02-13 17:25:48.202,0.0,0.0,1.0,0.0,1.0,2.0,0.0,0.0,56.0,50.0,0.0,0.3333332222222592,0.0,4.0,2026-02-13,0
2026-02-13 17:25:49.209,0.0,1.0,0.0,1.0,2.0,2.0,1.0,1.0,53.0,60.0,0.2499999375000156,0.2499999375000156,0.0,8.0,2026-02-13,0
2026-02-13 17:25:50.221,0.0,0.0,0.0,2.0,1.0,3.0,1.0,2.0,56.0,70.0,0.0,0.4999998750000312,0.0,9.0,2026-02-13,0
2026-02-13 17:25:51.223,0.0,0.0,1.0,1.0,7.0,1.0,1.0,1.0,50.0,67.0,0.0,0.2499999687500039,0.0,12.0,2026-02-13,0
2026-02-13 17:25:52.232,1.0,5.0,4.0,4.0,12.0,7.0,1.0,2.0,47.0,63.0,0.2631578808864273,0.4210526094182837,0.0370370356652949,36.0,2026-02-13,0
2026-02-13 17:25:53.235,0.0,1.0,2.0,2.0,12.0,2.0,4.0,0.0,43.0,64.0,0.0714285663265309,0.2857142653061239,0.0,23.0,2026-02-13,0
2026-02-13 17:25:54.248,0.0,0.0,2.0,1.0,5.0,6.0,0.0,0.0,41.0,61.0,0.0,0.2727272479338866,0.0,14.0,2026-02-13,0
2026-02-13 17:25:55.255,3.0,2.0,4.0,1.0,1.0,1.0,2.0,0.0,30.0,66.0,0.99999950000025,2.499998750000625,0.4285713673469475,14.0,2026-02-13,0
2026-02-13 17:25:56.268,0.0,0.0,0.0,0.0,0.0,2.0,1.0,1.0,41.0,56.0,0.0,0.0,0.0,4.0,2026-02-13,0
2026-02-13 17:25:57.280,0.0,0.0,0.0,0.0,1.0,1.0,2.0,2.0,51.0,48.0,0.0,0.0,0.0,6.0,2026-02-13,0
2026-02-13 17:25:58.285,0.0,0.0,0.0,1.0,2.0,2.0,2.0,1.0,44.0,41.0,0.0,0.2499999375000156,0.0,8.0,2026-02-13,0
2026-02-13 17:25:59.290,0.0,1.0,0.0,0.0,1.0,2.0,2.0,2.0,63.0,24.0,0.3333332222222592,0.0,0.0,8.0,2026-02-13,0
2026-02-13 17:26:00.297,0.0,1.0,0.0,3.0,2.0,2.0,4.0,0.0,54.0,41.0,0.2499999375000156,0.7499998125000469,0.0,12.0,2026-02-13,0
2026-02-13 17:26:01.305,0.0,1.0,0.0,0.0,2.0,3.0,4.0,1.0,53.0,47.0,0.199999960000008,0.0,0.0,11.0,2026-02-13,0
2026-02-13 17:26:02.314,0.0,1.0,1.0,0.0,0.0,3.0,1.0,1.0,54.0,51.0,0.3333332222222592,0.3333332222222592,0.0,7.0,2026-02-13,0
2026-02-13 17:26:03.321,0.0,0.0,0.0,1.0,1.0,2.0,1.0,1.0,54.0,63.0,0.0,0.3333332222222592,0.0,6.0,2026-02-13,0
2026-02-13 17:26:04.336,0.0,0.0,0.0,0.0,2.0,2.0,2.0,0.0,56.0,56.0,0.0,0.0,0.0,6.0,2026-02-13,0
2026-02-13 17:26:05.346,0.0,1.0,1.0,1.0,1.0,3.0,1.0,1.0,54.0,56.0,0.2499999375000156,0.4999998750000312,0.0,9.0,2026-02-13,0
2026-02-13 17:26:06.357,0.0,0.0,1.0,0.0,1.0,1.0,0.0,1.0,48.0,64.0,0.0,0.499999750000125,0.0,4.0,2026-02-13,0
2026-02-13 17:26:07.365,0.0,1.0,1.0,1.0,0.0,3.0,0.0,1.0,48.0,67.0,0.3333332222222592,0.6666664444445185,0.0,7.0,2026-02-13,0
2026-02-13 17:26:08.380,0.0,0.0,1.0,1.0,6.0,3.0,3.0,1.0,51.0,67.0,0.0,0.2222221975308669,0.0,15.0,2026-02-13,0
2026-02-13 17:26:09.386,0.0,1.0,1.0,1.0,1.0,2.0,2.0,0.0,64.0,57.0,0.3333332222222592,0.6666664444445185,0.0,8.0,2026-02-13,0
2026-02-13 17:26:10.394,0.0,0.0,0.0,0.0,1.0,2.0,1.0,0.0,66.0,54.0,0.0,0.0,0.0,4.0,2026-02-13,0
2026-02-13 17:26:11.398,0.0,0.0,0.0,0.0,0.0,2.0,2.0,1.0,69.0,50.0,0.0,0.0,0.0,5.0,2026-02-13,0
2026-02-13 17:26:12.402,1.0,1.0,3.0,6.0,3.0,4.0,2.0,1.0,51.0,61.0,0.1428571224489825,1.2857141020408425,0.0624999960937502,21.0,2026-02-13,0
2026-02-13 17:26:13.413,0.0,0.0,0.0,19.0,5.0,16.0,1.0,1.0,57.0,74.0,0.0,0.9047618616780064,0.0,42.0,2026-02-13,0
2026-02-13 17:26:14.421,0.0,1.0,4.0,9.0,20.0,5.0,1.0,0.0,48.0,78.0,0.0399999984,0.5199999792000009,0.0,40.0,2026-02-13,0
2026-02-13 17:26:15.431,0.0,0.0,1.0,3.0,8.0,3.0,2.0,2.0,43.0,87.0,0.0,0.3636363305785154,0.0,19.0,2026-02-13,0
2026-02-13 17:26:16.437,0.0,1.0,2.0,0.0,9.0,9.0,1.0,1.0,57.0,70.0,0.0555555524691359,0.1111111049382719,0.0,23.0,2026-02-13,0
2026-02-13 17:26:17.446,2.0,1.0,0.0,0.0,3.0,2.0,0.0,0.0,51.0,54.0,0.199999960000008,0.0,0.399999920000016,8.0,2026-02-13,0
2026-02-13 17:26:18.447,0.0,0.0,0.0,0.0,4.0,3.0,0.0,1.0,63.0,47.0,0.0,0.0,0.0,8.0,2026-02-13,0
2026-02-13 17:26:19.460,0.0,0.0,0.0,1.0,2.0,2.0,0.0,1.0,67.0,41.0,0.0,0.2499999375000156,0.0,6.0,2026-02-13,0
2026-02-13 17:26:20.471,0.0,1.0,2.0,1.0,0.0,4.0,1.0,0.0,57.0,56.0,0.2499999375000156,0.7499998125000469,0.0,9.0,2026-02-13,0
2026-02-13 17:26:21.483,0.0,0.0,1.0,2.0,0.0,1.0,3.0,0.0,48.0,77.0,0.0,2.9999970000030003,0.0,7.0,2026-02-13,0
2026-02-13 17:26:22.497,0.0,1.0,0.0,1.0,0.0,1.0,2.0,0.0,30.0,80.0,0.999999000001,0.999999000001,0.0,5.0,2026-02-13,1
2026-02-13 17:26:23.512,0.0,0.0,1.0,0.0,2.0,2.0,1.0,1.0,26.0,83.0,0.0,0.2499999375000156,0.0,7.0,2026-02-13,1
2026-02-13 17:26:24.524,0.0,0.0,0.0,0.0,2.0,3.0,1.0,1.0,41.0,70.0,0.0,0.0,0.0,7.0,2026-02-13,0
2026-02-13 17:26:26.657,0.0,0.0,0.0,1.0,1.0,2.0,0.0,1.0,56.0,56.0,0.0,0.3333332222222592,0.0,5.0,2026-02-13,0
2026-02-13 17:26:27.669,0.0,0.0,0.0,0.0,3.0,7.0,0.0,2.0,83.0,50.0,0.0,0.0,0.0,12.0,2026-02-13,0
2026-02-13 17:26:28.684,0.0,0.0,0.0,0.0,1.0,2.0,0.0,0.0,87.0,44.0,0.0,0.0,0.0,3.0,2026-02-13,0
2026-02-13 17:26:29.699,0.0,0.0,0.0,1.0,1.0,1.0,2.0,1.0,74.0,57.0,0.0,0.499999750000125,0.0,6.0,2026-02-13,0
2026-02-13 17:26:30.699,0.0,0.0,0.0,0.0,0.0,5.0,0.0,0.0,87.0,48.0,0.0,0.0,0.0,5.0,2026-02-13,0
2026-02-13 17:26:31.714,0.0,0.0,0.0,1.0,2.0,3.0,2.0,1.0,77.0,51.0,0.0,0.199999960000008,0.0,9.0,2026-02-13,0
2026-02-13 17:26:32.729,0.0,2.0,0.0,0.0,1.0,3.0,0.0,1.0,70.0,34.0,0.4999998750000312,0.0,0.0,7.0,2026-02-13,0
2026-02-13 17:26:33.743,1.0,1.0,0.0,5.0,1.0,2.0,1.0,1.0,64.0,30.0,0.3333332222222592,1.666666111111296,0.1249999843750019,12.0,2026-02-13,0
2026-02-13 17:26:34.744,0.0,0.0,1.0,1.0,4.0,6.0,1.0,1.0,61.0,41.0,0.0,0.199999980000002,0.0,14.0,2026-02-13,0
2026-02-13 17:26:35.760,0.0,2.0,2.0,0.0,1.0,2.0,0.0,1.0,47.0,44.0,0.6666664444445185,0.6666664444445185,0.0,8.0,2026-02-13,0
2026-02-13 17:26:36.775,0.0,1.0,1.0,0.0,2.0,1.0,1.0,1.0,40.0,64.0,0.3333332222222592,0.3333332222222592,0.0,7.0,2026-02-13,0
2026-02-13 17:26:37.788,0.0,0.0,0.0,0.0,1.0,2.0,0.0,0.0,56.0,57.0,0.0,0.0,0.0,3.0,2026-02-13,0
2026-02-13 17:26:38.802,0.0,2.0,0.0,1.0,1.0,0.0,1.0,1.0,27.0,54.0,1.999998000002,0.999999000001,0.0,6.0,2026-02-13,0
2026-02-13 17:26:39.812,0.0,0.0,0.0,0.0,1.0,1.0,0.0,0.0,40.0,47.0,0.0,0.0,0.0,2.0,2026-02-13,0
2026-02-13 17:26:40.824,0.0,1.0,0.0,2.0,3.0,3.0,0.0,0.0,48.0,44.0,0.1666666388888935,0.333333277777787,0.0,9.0,2026-02-13,0
2026-02-13 17:26:41.835,0.0,0.0,1.0,2.0,2.0,2.0,1.0,1.0,34.0,57.0,0.0,0.7499998125000469,0.0,9.0,2026-02-13,0
2026-02-13 17:26:42.848,0.0,0.0,1.0,0.0,2.0,2.0,2.0,0.0,51.0,63.0,0.0,0.2499999375000156,0.0,7.0,2026-02-13,0
2026-02-13 17:26:43.863,0.0,0.0,1.0,2.0,1.0,2.0,0.0,1.0,44.0,81.0,0.0,0.9999996666667778,0.0,7.0,2026-02-13,0
2026-02-13 17:26:44.876,0.0,1.0,1.0,0.0,1.0,1.0,2.0,1.0,41.0,83.0,0.499999750000125,0.499999750000125,0.0,7.0,2026-02-13,0
2026-02-13 17:26:45.884,0.0,1.0,0.0,0.0,0.0,4.0,3.0,0.0,48.0,64.0,0.2499999375000156,0.0,0.0,8.0,2026-02-13,0
2026-02-13 17:26:46.897,0.0,0.0,0.0,0.0,2.0,2.0,1.0,0.0,51.0,51.0,0.0,0.0,0.0,5.0,2026-02-13,0
2026-02-13 17:26:47.908,0.0,0.0,0.0,1.0,0.0,1.0,1.0,1.0,50.0,48.0,0.0,0.999999000001,0.0,4.0,2026-02-13,0
2026-02-13 17:26:48.920,0.0,0.0,0.0,0.0,1.0,6.0,1.0,0.0,74.0,34.0,0.0,0.0,0.0,8.0,2026-02-13,0
2026-02-13 17:26:49.928,0.0,1.0,0.0,0.0,1.0,2.0,1.0,1.0,69.0,35.0,0.3333332222222592,0.0,0.0,6.0,2026-02-13,0
2026-02-13 17:26:50.933,0.0,0.0,0.0,1.0,1.0,3.0,2.0,2.0,69.0,37.0,0.0,0.2499999375000156,0.0,9.0,2026-02-13,0
2026-02-13 17:26:51.938,0.0,1.0,2.0,1.0,0.0,3.0,1.0,1.0,70.0,35.0,0.3333332222222592,0.9999996666667778,0.0,9.0,2026-02-13,0
2026-02-13 17:26:52.943,0.0,0.0,2.0,0.0,1.0,4.0,2.0,1.0,57.0,54.0,0.0,0.399999920000016,0.0,10.0,2026-02-13,0
2026-02-13 17:26:53.952,0.0,0.0,0.0,0.0,1.0,4.0,2.0,1.0,74.0,43.0,0.0,0.0,0.0,8.0,2026-02-13,0
2026-02-13 17:26:54.960,0.0,0.0,0.0,0.0,1.0,2.0,1.0,0.0,70.0,43.0,0.0,0.0,0.0,4.0,2026-02-13,0
2026-02-13 17:26:55.976,0.0,0.0,0.0,2.0,1.0,2.0,0.0,1.0,78.0,48.0,0.0,0.6666664444445185,0.0,6.0,2026-02-13,0
2026-02-13 17:26:57.008,0.0,0.0,0.0,1.0,2.0,3.0,1.0,0.0,80.0,41.0,0.0,0.199999960000008,0.0,7.0,2026-02-13,0
2026-02-13 17:26:58.020,0.0,1.0,0.0,0.0,3.0,3.0,0.0,1.0,67.0,54.0,0.1666666388888935,0.0,0.0,8.0,2026-02-13,0
2026-02-13 17:26:59.029,0.0,1.0,0.0,1.0,1.0,2.0,1.0,0.0,63.0,54.0,0.3333332222222592,0.3333332222222592,0.0,6.0,2026-02-13,0
2026-02-13 17:27:00.037,0.0,0.0,0.0,0.0,8.0,4.0,2.0,0.0,74.0,35.0,0.0,0.0,0.0,14.0,2026-02-13,0
2026-02-13 17:27:01.041,0.0,0.0,0.0,0.0,2.0,3.0,1.0,0.0,80.0,35.0,0.0,0.0,0.0,6.0,2026-02-13,0
2026-02-13 17:27:02.050,0.0,1.0,0.0,0.0,0.0,3.0,0.0,1.0,80.0,34.0,0.3333332222222592,0.0,0.0,5.0,2026-02-13,0
2026-02-13 17:27:03.060,0.0,0.0,0.0,0.0,2.0,1.0,2.0,0.0,83.0,38.0,0.0,0.0,0.0,5.0,2026-02-13,0
2026-02-13 17:27:04.069,0.0,0.0,0.0,0.0,0.0,3.0,2.0,0.0,80.0,47.0,0.0,0.0,0.0,5.0,2026-02-13,0
2026-02-13 17:27:05.079,0.0,0.0,1.0,1.0,1.0,2.0,0.0,0.0,67.0,54.0,0.0,0.6666664444445185,0.0,5.0,2026-02-13,0
2026-02-13 17:27:06.087,0.0,0.0,0.0,1.0,1.0,4.0,0.0,0.0,70.0,63.0,0.0,0.199999960000008,0.0,6.0,2026-02-13,0
2026-02-13 17:27:07.094,0.0,1.0,0.0,0.0,2.0,2.0,0.0,0.0,67.0,60.0,0.2499999375000156,0.0,0.0,5.0,2026-02-13,0
2026-02-13 17:27:08.106,0.0,0.0,0.0,0.0,2.0,2.0,1.0,0.0,66.0,61.0,0.0,0.0,0.0,5.0,2026-02-13,0
2026-02-13 17:27:09.115,0.0,1.0,0.0,1.0,2.0,3.0,1.0,1.0,64.0,51.0,0.199999960000008,0.199999960000008,0.0,9.0,2026-02-13,0
2026-02-13 17:27:10.124,0.0,0.0,0.0,0.0,0.0,2.0,0.0,2.0,63.0,43.0,0.0,0.0,0.0,4.0,2026-02-13,0
2026-02-13 17:27:11.133,0.0,0.0,0.0,0.0,1.0,3.0,0.0,0.0,78.0,35.0,0.0,0.0,0.0,4.0,2026-02-13,0
2026-02-13 17:27:12.140,0.0,0.0,0.0,0.0,1.0,2.0,1.0,0.0,78.0,27.0,0.0,0.0,0.0,4.0,2026-02-13,0
2026-02-13 17:27:13.153,0.0,0.0,1.0,1.0,3.0,5.0,0.0,0.0,83.0,30.0,0.0,0.2499999687500039,0.0,10.0,2026-02-13,0
2026-02-13 17:27:14.160,0.0,1.0,0.0,1.0,1.0,3.0,1.0,1.0,84.0,29.0,0.2499999375000156,0.2499999375000156,0.0,8.0,2026-02-13,0
2026-02-13 17:27:15.170,0.0,0.0,2.0,2.0,6.0,5.0,0.0,0.0,69.0,50.0,0.0,0.3636363305785154,0.0,15.0,2026-02-13,0
2026-02-13 17:27:16.179,0.0,1.0,0.0,1.0,1.0,3.0,0.0,0.0,66.0,54.0,0.2499999375000156,0.2499999375000156,0.0,6.0,2026-02-13,0
2026-02-13 17:27:17.186,0.0,1.0,1.0,0.0,0.0,4.0,1.0,0.0,56.0,43.0,0.2499999375000156,0.2499999375000156,0.0,7.0,2026-02-13,0
2026-02-13 17:27:18.198,0.0,0.0,1.0,1.0,5.0,9.0,1.0,0.0,69.0,35.0,0.0,0.1428571326530619,0.0,17.0,2026-02-13,0
2026-02-13 17:27:19.210,0.0,0.0,1.0,1.0,5.0,9.0,1.0,0.0,69.0,35.0,0.0,0.1428571326530619,0.0,17.0,2026-02-13,0
2026-02-13 17:27:20.220,0.0,1.0,0.0,0.0,0.0,1.0,1.0,0.0,69.0,43.0,0.999999000001,0.0,0.0,3.0,2026-02-13,0
2026-02-13 17:27:21.230,0.0,0.0,1.0,0.0,0.0,2.0,0.0,0.0,69.0,53.0,0.0,0.499999750000125,0.0,3.0,2026-02-13,0
2026-02-13 17:27:22.238,0.0,0.0,0.0,0.0,1.0,1.0,1.0,1.0,53.0,53.0,0.0,0.0,0.0,4.0,2026-02-13,0
2026-02-13 17:27:23.246,0.0,0.0,0.0,0.0,1.0,1.0,1.0,0.0,40.0,43.0,0.0,0.0,0.0,3.0,2026-02-13,0
2026-02-13 17:27:24.252,0.0,1.0,0.0,1.0,2.0,4.0,0.0,1.0,47.0,57.0,0.1666666388888935,0.1666666388888935,0.0,9.0,2026-02-13,0
2026-02-13 17:27:25.259,0.0,1.0,0.0,1.0,3.0,1.0,1.0,0.0,34.0,44.0,0.2499999375000156,0.2499999375000156,0.0,7.0,2026-02-13,0
2026-02-13 17:27:26.265,0.0,2.0,0.0,0.0,0.0,1.0,1.0,0.0,21.0,35.0,1.999998000002,0.0,0.0,4.0,2026-02-13,0
2026-02-13 17:27:27.273,0.0,0.0,1.0,1.0,4.0,5.0,0.0,0.0,37.0,34.0,0.0,0.2222221975308669,0.0,11.0,2026-02-13,0
2026-02-13 17:27:28.284,0.0,2.0,1.0,1.0,3.0,4.0,0.0,0.0,30.0,30.0,0.285714244897965,0.285714244897965,0.0,11.0,2026-02-13,0
2026-02-13 17:27:29.295,0.0,0.0,2.0,1.0,4.0,2.0,1.0,1.0,38.0,44.0,0.0,0.4999999166666805,0.0,11.0,2026-02-13,0
2026-02-13 17:27:30.303,0.0,0.0,0.0,1.0,1.0,3.0,1.0,0.0,60.0,50.0,0.0,0.2499999375000156,0.0,6.0,2026-02-13,0
2026-02-13 17:27:31.310,0.0,1.0,1.0,1.0,1.0,1.0,0.0,1.0,43.0,60.0,0.499999750000125,0.99999950000025,0.0,6.0,2026-02-13,0
2026-02-13 17:27:32.317,0.0,2.0,0.0,1.0,3.0,6.0,1.0,1.0,48.0,51.0,0.2222221975308669,0.1111110987654334,0.0,14.0,2026-02-13,0
2026-02-13 17:27:33.329,0.0,0.0,2.0,0.0,2.0,1.0,0.0,0.0,43.0,54.0,0.0,0.6666664444445185,0.0,5.0,2026-02-13,0
2026-02-13 17:27:34.335,0.0,1.0,1.0,0.0,0.0,4.0,1.0,1.0,35.0,63.0,0.2499999375000156,0.2499999375000156,0.0,8.0,2026-02-13,0
2026-02-13 17:27:35.345,0.0,2.0,1.0,0.0,1.0,2.0,0.0,1.0,37.0,50.0,0.6666664444445185,0.3333332222222592,0.0,7.0,2026-02-13,0
2026-02-13 17:27:36.354,0.0,1.0,0.0,0.0,0.0,2.0,0.0,1.0,35.0,61.0,0.499999750000125,0.0,0.0,4.0,2026-02-13,0
2026-02-13 17:27:37.362,0.0,0.0,0.0,1.0,1.0,7.0,0.0,0.0,56.0,48.0,0.0,0.1249999843750019,0.0,9.0,2026-02-13,0
2026-02-13 17:27:38.373,0.0,0.0,0.0,2.0,1.0,2.0,0.0,1.0,54.0,51.0,0.0,0.6666664444445185,0.0,6.0,2026-02-13,0
2026-02-13 17:27:39.382,0.0,1.0,0.0,1.0,13.0,6.0,0.0,1.0,70.0,44.0,0.0526315761772854,0.0526315761772854,0.0,22.0,2026-02-13,0
2026-02-13 17:27:40.387,0.0,1.0,2.0,0.0,4.0,3.0,0.0,1.0,69.0,48.0,0.1428571224489825,0.285714244897965,0.0,11.0,2026-02-13,0
2026-02-13 17:27:41.395,0.0,1.0,0.0,1.0,2.0,2.0,3.0,0.0,48.0,51.0,0.2499999375000156,0.2499999375000156,0.0,9.0,2026-02-13,0
2026-02-13 17:27:42.406,0.0,1.0,0.0,2.0,1.0,1.0,1.0,1.0,47.0,48.0,0.499999750000125,0.99999950000025,0.0,7.0,2026-02-13,0
2026-02-13 17:27:43.417,0.0,0.0,1.0,3.0,2.0,3.0,1.0,0.0,35.0,70.0,0.0,0.799999840000032,0.0,10.0,2026-02-13,0
2026-02-13 17:27:44.425,0.0,1.0,0.0,1.0,4.0,4.0,0.0,1.0,41.0,66.0,0.1249999843750019,0.1249999843750019,0.0,11.0,2026-02-13,0
2026-02-13 17:27:45.433,0.0,0.0,0.0,2.0,2.0,1.0,0.0,2.0,37.0,75.0,0.0,0.6666664444445185,0.0,7.0,2026-02-13,0
2026-02-13 17:27:46.439,0.0,0.0,0.0,0.0,6.0,6.0,0.0,1.0,57.0,57.0,0.0,0.0,0.0,13.0,2026-02-13,0
2026-02-13 17:27:47.449,0.0,0.0,0.0,1.0,1.0,4.0,0.0,0.0,67.0,43.0,0.0,0.199999960000008,0.0,6.0,2026-02-13,0
2026-02-13 17:27:48.460,0.0,2.0,1.0,1.0,0.0,3.0,1.0,2.0,57.0,43.0,0.6666664444445185,0.6666664444445185,0.0,10.0,2026-02-13,0
2026-02-13 17:27:49.467,0.0,0.0,0.0,1.0,3.0,2.0,1.0,1.0,69.0,43.0,0.0,0.199999960000008,0.0,8.0,2026-02-13,0
2026-02-13 17:27:50.473,0.0,1.0,1.0,1.0,0.0,2.0,0.0,0.0,44.0,57.0,0.499999750000125,0.99999950000025,0.0,5.0,2026-02-13,0
2026-02-13 17:27:51.485,0.0,3.0,1.0,0.0,0.0,7.0,0.0,0.0,40.0,57.0,0.4285713673469475,0.1428571224489825,0.0,11.0,2026-02-13,0
2026-02-13 17:27:52.494,0.0,2.0,0.0,1.0,1.0,2.0,0.0,0.0,40.0,50.0,0.6666664444445185,0.3333332222222592,0.0,6.0,2026-02-13,0
2026-02-13 17:27:53.498,0.0,1.0,3.0,2.0,0.0,8.0,1.0,1.0,41.0,53.0,0.1249999843750019,0.6249999218750099,0.0,16.0,2026-02-13,0
2026-02-13 17:27:54.501,0.0,0.0,1.0,0.0,3.0,2.0,1.0,1.0,56.0,48.0,0.0,0.199999960000008,0.0,8.0,2026-02-13,0
2026-02-13 17:27:55.507,0.0,0.0,0.0,0.0,0.0,2.0,0.0,1.0,60.0,50.0,0.0,0.0,0.0,3.0,2026-02-13,0
2026-02-13 17:27:56.521,0.0,2.0,1.0,4.0,0.0,2.0,1.0,1.0,54.0,63.0,0.99999950000025,2.499998750000625,0.0,11.0,2026-02-13,0
2026-02-13 17:27:57.530,0.0,0.0,1.0,0.0,2.0,1.0,0.0,1.0,47.0,56.0,0.0,0.3333332222222592,0.0,5.0,2026-02-13,0
2026-02-13 17:27:58.535,2.0,0.0,1.0,0.0,2.0,2.0,0.0,0.0,40.0,63.0,0.0,0.2499999375000156,0.399999920000016,7.0,2026-02-13,0
2026-02-13 17:27:59.546,0.0,1.0,2.0,0.0,1.0,1.0,0.0,0.0,21.0,74.0,0.499999750000125,0.99999950000025,0.0,5.0,2026-02-13,1
2026-02-13 17:28:00.557,0.0,0.0,1.0,0.0,0.0,3.0,1.0,0.0,40.0,70.0,0.0,0.3333332222222592,0.0,5.0,2026-02-13,0
2026-02-13 17:28:01.569,0.0,1.0,1.0,1.0,6.0,3.0,1.0,1.0,44.0,64.0,0.1111110987654334,0.2222221975308669,0.0,14.0,2026-02-13,0
2026-02-13 17:28:02.578,23.0,9.0,5.0,11.0,7.0,9.0,3.0,1.0,35.0,63.0,0.5624999648437522,0.9999999375000038,0.7187499775390632,68.0,2026-02-13,1
2026-02-13 17:28:03.588,5.0,2.0,2.0,2.0,9.0,28.0,2.0,2.0,61.0,51.0,0.0540540525931337,0.1081081051862674,0.1219512165377752,52.0,2026-02-13,0
2026-02-13 17:28:04.593,1.0,1.0,3.0,3.0,9.0,5.0,1.0,1.0,53.0,51.0,0.0714285663265309,0.4285713979591858,0.0499999975000001,24.0,2026-02-13,0
2026-02-13 17:28:05.601,0.0,0.0,1.0,2.0,6.0,8.0,2.0,1.0,63.0,53.0,0.0,0.2142856989795929,0.0,20.0,2026-02-13,0
2026-02-13 17:28:06.611,0.0,0.0,0.0,3.0,2.0,4.0,1.0,1.0,77.0,54.0,0.0,0.4999999166666805,0.0,11.0,2026-02-13,0
2026-02-13 17:28:07.619,0.0,0.0,1.0,2.0,7.0,1.0,1.0,1.0,50.0,67.0,0.0,0.3749999531250059,0.0,13.0,2026-02-13,0
2026-02-13 17:28:08.629,0.0,0.0,0.0,2.0,6.0,5.0,0.0,0.0,57.0,61.0,0.0,0.1818181652892577,0.0,13.0,2026-02-13,0
2026-02-13 17:28:09.640,0.0,1.0,1.0,1.0,5.0,2.0,1.0,0.0,41.0,64.0,0.1428571224489825,0.285714244897965,0.0,11.0,2026-02-13,0
2026-02-13 17:28:10.651,0.0,1.0,0.0,1.0,2.0,8.0,1.0,0.0,50.0,56.0,0.099999990000001,0.099999990000001,0.0,13.0,2026-02-13,0
2026-02-13 17:28:11.660,0.0,0.0,0.0,4.0,5.0,5.0,0.0,1.0,67.0,53.0,0.0,0.399999960000004,0.0,15.0,2026-02-13,0
2026-02-13 17:28:12.667,1.0,4.0,5.0,11.0,9.0,14.0,2.0,1.0,57.0,63.0,0.1739130359168245,0.6956521436672981,0.0256410249835634,47.0,2026-02-13,0
2026-02-13 17:28:13.675,0.0,0.0,2.0,3.0,4.0,4.0,0.0,1.0,60.0,70.0,0.0,0.6249999218750099,0.0,14.0,2026-02-13,0
2026-02-13 17:28:14.683,0.0,0.0,0.0,1.0,6.0,4.0,0.0,0.0,57.0,66.0,0.0,0.099999990000001,0.0,11.0,2026-02-13,0
2026-02-13 17:28:15.691,0.0,2.0,3.0,1.0,2.0,11.0,1.0,0.0,57.0,61.0,0.1538461420118352,0.3076922840236705,0.0,20.0,2026-02-13,0
2026-02-13 17:28:16.698,0.0,2.0,3.0,0.0,2.0,3.0,1.0,1.0,56.0,57.0,0.399999920000016,0.599999880000024,0.0,12.0,2026-02-13,0
2026-02-13 17:28:17.708,0.0,0.0,0.0,0.0,1.0,1.0,0.0,1.0,57.0,48.0,0.0,0.0,0.0,3.0,2026-02-13,0
2026-02-13 17:28:18.718,0.0,0.0,1.0,0.0,0.0,3.0,1.0,1.0,60.0,63.0,0.0,0.3333332222222592,0.0,6.0,2026-02-13,0
2026-02-13 17:28:19.731,0.0,0.0,0.0,1.0,1.0,1.0,0.0,3.0,51.0,63.0,0.0,0.499999750000125,0.0,6.0,2026-02-13,0
2026-02-13 17:28:20.741,0.0,1.0,0.0,0.0,1.0,3.0,1.0,0.0,57.0,57.0,0.2499999375000156,0.0,0.0,6.0,2026-02-13,0
2026-02-13 17:28:21.751,0.0,1.0,0.0,0.0,1.0,4.0,1.0,2.0,69.0,43.0,0.199999960000008,0.0,0.0,9.0,2026-02-13,0
2026-02-13 17:28:22.759,0.0,0.0,0.0,1.0,0.0,1.0,1.0,1.0,50.0,37.0,0.0,0.999999000001,0.0,4.0,2026-02-13,0
2026-02-13 17:28:23.768,0.0,0.0,0.0,0.0,1.0,1.0,1.0,0.0,51.0,37.0,0.0,0.0,0.0,3.0,2026-02-13,0
2026-02-13 17:28:24.776,0.0,0.0,0.0,1.0,0.0,3.0,0.0,0.0,56.0,35.0,0.0,0.3333332222222592,0.0,4.0,2026-02-13,0
2026-02-13 17:28:25.786,0.0,0.0,0.0,0.0,2.0,1.0,2.0,1.0,48.0,37.0,0.0,0.0,0.0,6.0,2026-02-13,0
2026-02-13 17:28:26.792,0.0,0.0,0.0,0.0,0.0,3.0,3.0,1.0,63.0,38.0,0.0,0.0,0.0,7.0,2026-02-13,0
2026-02-13 17:28:27.799,0.0,0.0,0.0,1.0,1.0,2.0,1.0,0.0,70.0,35.0,0.0,0.3333332222222592,0.0,5.0,2026-02-13,0
2026-02-13 17:28:28.806,0.0,0.0,1.0,3.0,1.0,10.0,2.0,0.0,74.0,47.0,0.0,0.3636363305785154,0.0,17.0,2026-02-13,0
2026-02-13 17:28:29.813,0.0,0.0,1.0,1.0,2.0,2.0,1.0,0.0,66.0,61.0,0.0,0.4999998750000312,0.0,7.0,2026-02-13,0
2026-02-13 17:28:30.826,0.0,1.0,1.0,1.0,1.0,4.0,2.0,1.0,63.0,61.0,0.199999960000008,0.399999920000016,0.0,11.0,2026-02-13,0
2026-02-13 17:28:31.832,0.0,1.0,0.0,3.0,1.0,2.0,0.0,0.0,51.0,66.0,0.3333332222222592,0.9999996666667778,0.0,7.0,2026-02-13,0
2026-02-13 17:28:32.844,0.0,1.0,2.0,0.0,0.0,1.0,0.0,1.0,27.0,64.0,0.999999000001,1.999998000002,0.0,5.0,2026-02-13,0
2026-02-13 17:28:33.851,0.0,1.0,0.0,1.0,0.0,2.0,3.0,2.0,30.0,54.0,0.499999750000125,0.499999750000125,0.0,9.0,2026-02-13,0
2026-02-13 17:28:34.859,0.0,0.0,0.0,1.0,2.0,3.0,1.0,1.0,20.0,57.0,0.0,0.199999960000008,0.0,8.0,2026-02-13,0
2026-02-13 17:28:35.865,0.0,1.0,0.0,1.0,1.0,1.0,0.0,1.0,26.0,51.0,0.499999750000125,0.499999750000125,0.0,5.0,2026-02-13,0
2026-02-13 17:28:36.872,0.0,0.0,0.0,0.0,1.0,2.0,1.0,0.0,29.0,54.0,0.0,0.0,0.0,4.0,2026-02-13,0
2026-02-13 17:28:37.883,0.0,2.0,0.0,1.0,1.0,2.0,1.0,0.0,40.0,50.0,0.6666664444445185,0.3333332222222592,0.0,7.0,2026-02-13,0
2026-02-13 17:28:38.891,0.0,1.0,0.0,3.0,1.0,2.0,0.0,0.0,35.0,48.0,0.3333332222222592,0.9999996666667778,0.0,7.0,2026-02-13,0
2026-02-13 17:28:39.899,0.0,1.0,0.0,1.0,1.0,3.0,0.0,0.0,40.0,50.0,0.2499999375000156,0.2499999375000156,0.0,6.0,2026-02-13,0
2026-02-13 17:28:40.906,0.0,1.0,0.0,1.0,1.0,2.0,0.0,3.0,35.0,54.0,0.3333332222222592,0.3333332222222592,0.0,8.0,2026-02-13,0
2026-02-13 17:28:41.916,0.0,1.0,0.0,0.0,3.0,2.0,0.0,0.0,41.0,51.0,0.199999960000008,0.0,0.0,6.0,2026-02-13,0
2026-02-13 17:28:42.925,0.0,1.0,0.0,0.0,3.0,3.0,1.0,2.0,47.0,44.0,0.1666666388888935,0.0,0.0,10.0,2026-02-13,0
2026-02-13 17:28:43.935,1.0,2.0,0.0,0.0,0.0,1.0,0.0,0.0,37.0,34.0,1.999998000002,0.0,0.999999000001,4.0,2026-02-13,0
2026-02-13 17:28:44.944,1.0,0.0,1.0,4.0,5.0,4.0,0.0,1.0,38.0,37.0,0.0,0.5555554938271674,0.0714285663265309,16.0,2026-02-13,0
2026-02-13 17:28:45.953,0.0,1.0,3.0,4.0,7.0,1.0,0.0,0.0,24.0,54.0,0.1249999843750019,0.8749998906250137,0.0,16.0,2026-02-13,0
2026-02-13 17:28:46.962,2.0,0.0,0.0,3.0,1.0,1.0,0.0,0.0,10.0,64.0,0.0,1.499999250000375,0.399999920000016,7.0,2026-02-13,0
2026-02-13 17:28:47.969,0.0,2.0,3.0,9.0,11.0,13.0,1.0,1.0,23.0,84.0,0.0833333298611112,0.4999999791666675,0.0,40.0,2026-02-13,0
2026-02-13 17:28:48.978,0.0,0.0,2.0,1.0,6.0,6.0,1.0,0.0,29.0,80.0,0.0,0.2499999791666684,0.0,16.0,2026-02-13,0
2026-02-13 17:28:49.993,0.0,1.0,2.0,1.0,10.0,10.0,1.0,1.0,54.0,67.0,0.0499999975000001,0.1499999925000003,0.0,26.0,2026-02-13,0
2026-02-13 17:28:51.002,0.0,0.0,1.0,2.0,1.0,3.0,2.0,1.0,67.0,70.0,0.0,0.7499998125000469,0.0,10.0,2026-02-13,0
2026-02-13 17:28:52.012,0.0,0.0,1.0,2.0,2.0,3.0,0.0,1.0,64.0,75.0,0.0,0.599999880000024,0.0,9.0,2026-02-13,0
2026-02-13 17:28:53.023,0.0,2.0,4.0,0.0,3.0,1.0,2.0,1.0,43.0,78.0,0.4999998750000312,0.9999997500000624,0.0,13.0,2026-02-13,0
2026-02-13 17:28:54.030,0.0,0.0,0.0,1.0,1.0,2.0,0.0,1.0,38.0,80.0,0.0,0.3333332222222592,0.0,5.0,2026-02-13,0
2026-02-13 17:28:55.039,0.0,0.0,0.0,0.0,1.0,7.0,0.0,0.0,54.0,53.0,0.0,0.0,0.0,8.0,2026-02-13,0
2026-02-13 17:28:56.049,0.0,0.0,0.0,1.0,2.0,1.0,1.0,1.0,57.0,48.0,0.0,0.3333332222222592,0.0,6.0,2026-02-13,0
2026-02-13 17:28:57.052,0.0,0.0,0.0,1.0,2.0,4.0,1.0,1.0,87.0,44.0,0.0,0.1666666388888935,0.0,9.0,2026-02-13,0
2026-02-13 17:28:58.058,0.0,0.0,0.0,0.0,1.0,3.0,0.0,1.0,100.0,40.0,0.0,0.0,0.0,5.0,2026-02-13,0
2026-02-13 17:28:59.070,0.0,1.0,0.0,1.0,0.0,1.0,2.0,1.0,74.0,48.0,0.999999000001,0.999999000001,0.0,6.0,2026-02-13,0
2026-02-13 17:29:00.071,0.0,2.0,0.0,0.0,0.0,2.0,1.0,0.0,64.0,38.0,0.99999950000025,0.0,0.0,5.0,2026-02-13,0
2026-02-13 17:29:01.080,0.0,0.0,0.0,0.0,0.0,2.0,1.0,1.0,57.0,27.0,0.0,0.0,0.0,4.0,2026-02-13,0
2026-02-13 17:29:02.087,0.0,0.0,0.0,3.0,14.0,4.0,1.0,0.0,44.0,30.0,0.0,0.1666666574074079,0.0,22.0,2026-02-13,0
2026-02-13 17:29:03.094,0.0,1.0,0.0,0.0,1.0,5.0,0.0,0.0,57.0,27.0,0.1666666388888935,0.0,0.0,7.0,2026-02-13,0
2026-02-13 17:29:04.105,0.0,1.0,0.0,0.0,4.0,5.0,2.0,0.0,74.0,27.0,0.1111110987654334,0.0,0.0,12.0,2026-02-13,0
2026-02-13 17:29:05.112,0.0,0.0,0.0,1.0,3.0,2.0,0.0,1.0,64.0,35.0,0.0,0.199999960000008,0.0,7.0,2026-02-13,0
2026-02-13 17:29:06.123,0.0,0.0,1.0,2.0,3.0,1.0,1.0,1.0,56.0,47.0,0.0,0.7499998125000469,0.0,9.0,2026-02-13,0
2026-02-13 17:29:07.135,0.0,0.0,0.0,1.0,1.0,1.0,1.0,0.0,51.0,56.0,0.0,0.499999750000125,0.0,4.0,2026-02-13,0
2026-02-13 17:29:08.144,0.0,0.0,0.0,1.0,1.0,3.0,1.0,2.0,56.0,66.0,0.0,0.2499999375000156,0.0,8.0,2026-02-13,0
2026-02-13 17:29:09.155,0.0,1.0,0.0,0.0,2.0,1.0,1.0,1.0,50.0,66.0,0.3333332222222592,0.0,0.0,6.0,2026-02-13,0
2026-02-13 17:29:10.162,0.0,0.0,0.0,0.0,0.0,4.0,0.0,2.0,64.0,51.0,0.0,0.0,0.0,6.0,2026-02-13,0
2026-02-13 17:29:11.168,0.0,2.0,2.0,1.0,5.0,2.0,1.0,0.0,53.0,50.0,0.285714244897965,0.4285713673469475,0.0,13.0,2026-02-13,0
2026-02-13 17:29:12.175,0.0,1.0,3.0,5.0,3.0,7.0,1.0,1.0,40.0,56.0,0.099999990000001,0.7999999200000081,0.0,21.0,2026-02-13,0
2026-02-13 17:29:13.183,0.0,0.0,0.0,0.0,0.0,2.0,1.0,0.0,51.0,47.0,0.0,0.0,0.0,3.0,2026-02-13,0
2026-02-13 17:29:14.192,0.0,0.0,2.0,0.0,1.0,3.0,1.0,1.0,41.0,60.0,0.0,0.4999998750000312,0.0,8.0,2026-02-13,0
2026-02-13 17:29:15.202,0.0,1.0,0.0,0.0,3.0,1.0,2.0,0.0,48.0,54.0,0.2499999375000156,0.0,0.0,7.0,2026-02-13,0
2026-02-13 17:29:16.216,0.0,0.0,0.0,1.0,4.0,5.0,1.0,0.0,57.0,40.0,0.0,0.1111110987654334,0.0,11.0,2026-02-13,0
2026-02-13 17:29:17.230,0.0,0.0,2.0,1.0,1.0,3.0,1.0,1.0,53.0,61.0,0.0,0.7499998125000469,0.0,9.0,2026-02-13,0
2026-02-13 17:29:18.243,0.0,0.0,1.0,0.0,0.0,3.0,0.0,0.0,60.0,61.0,0.0,0.3333332222222592,0.0,4.0,2026-02-13,0
2026-02-13 17:29:19.251,0.0,1.0,0.0,1.0,1.0,3.0,0.0,0.0,64.0,67.0,0.2499999375000156,0.2499999375000156,0.0,6.0,2026-02-13,0
2026-02-13 17:29:20.258,0.0,1.0,2.0,3.0,0.0,3.0,0.0,0.0,51.0,83.0,0.3333332222222592,1.666666111111296,0.0,9.0,2026-02-13,0
2026-02-13 17:29:21.268,0.0,0.0,1.0,1.0,2.0,4.0,1.0,1.0,57.0,75.0,0.0,0.333333277777787,0.0,10.0,2026-02-13,0
2026-02-13 17:29:22.272,0.0,1.0,0.0,0.0,1.0,2.0,1.0,0.0,48.0,63.0,0.3333332222222592,0.0,0.0,5.0,2026-02-13,0
2026-02-13 17:29:23.279,0.0,0.0,1.0,0.0,0.0,4.0,1.0,0.0,53.0,67.0,0.0,0.2499999375000156,0.0,6.0,2026-02-13,0
2026-02-13 17:29:24.285,0.0,1.0,1.0,0.0,1.0,1.0,0.0,1.0,48.0,57.0,0.499999750000125,0.499999750000125,0.0,5.0,2026-02-13,0
2026-02-13 17:29:25.294,3.0,0.0,2.0,3.0,8.0,5.0,1.0,1.0,44.0,60.0,0.0,0.3846153550295881,0.1666666574074079,23.0,2026-02-13,0
2026-02-13 17:29:26.304,0.0,3.0,1.0,1.0,3.0,8.0,0.0,1.0,48.0,60.0,0.2727272479338866,0.1818181652892577,0.0,17.0,2026-02-13,0
2026-02-13 17:29:27.314,0.0,0.0,4.0,10.0,5.0,4.0,0.0,1.0,30.0,75.0,0.0,1.5555553827160686,0.0,24.0,2026-02-13,0
2026-02-13 17:29:28.326,0.0,0.0,1.0,0.0,6.0,2.0,0.0,1.0,48.0,70.0,0.0,0.1249999843750019,0.0,10.0,2026-02-13,0
2026-02-13 17:29:29.339,0.0,2.0,0.0,1.0,2.0,4.0,0.0,0.0,48.0,60.0,0.333333277777787,0.1666666388888935,0.0,9.0,2026-02-13,0
2026-02-13 17:29:30.345,0.0,0.0,0.0,1.0,2.0,1.0,0.0,1.0,50.0,74.0,0.0,0.3333332222222592,0.0,5.0,2026-02-13,0
2026-02-13 17:29:31.353,0.0,0.0,1.0,1.0,1.0,1.0,3.0,1.0,50.0,61.0,0.0,0.99999950000025,0.0,8.0,2026-02-13,0
2026-02-13 17:29:32.362,0.0,0.0,0.0,1.0,0.0,2.0,0.0,0.0,50.0,69.0,0.0,0.499999750000125,0.0,3.0,2026-02-13,0
2026-02-13 17:29:33.371,0.0,0.0,0.0,1.0,0.0,3.0,0.0,1.0,57.0,80.0,0.0,0.3333332222222592,0.0,5.0,2026-02-13,0
2026-02-13 17:29:34.374,0.0,0.0,0.0,0.0,21.0,4.0,1.0,2.0,60.0,53.0,0.0,0.0,0.0,28.0,2026-02-13,0
2026-02-13 17:29:35.384,4.0,7.0,5.0,4.0,40.0,10.0,2.0,1.0,64.0,40.0,0.1399999972,0.1799999964,0.0677966090203964,73.0,2026-02-13,0
2026-02-13 17:29:36.389,0.0,0.0,3.0,7.0,7.0,4.0,1.0,2.0,53.0,44.0,0.0,0.9090908264462886,0.0,24.0,2026-02-13,0
2026-02-13 17:29:37.398,0.0,1.0,1.0,1.0,11.0,10.0,1.0,0.0,57.0,34.0,0.047619045351474,0.095238090702948,0.0,25.0,2026-02-13,0
2026-02-13 17:29:38.403,0.0,4.0,1.0,4.0,13.0,5.0,1.0,0.0,44.0,47.0,0.2222222098765439,0.2777777623456798,0.0,28.0,2026-02-13,0
2026-02-13 17:29:39.412,0.0,0.0,0.0,0.0,1.0,4.0,0.0,0.0,66.0,44.0,0.0,0.0,0.0,5.0,2026-02-13,0
2026-02-13 17:29:40.420,0.0,0.0,0.0,0.0,0.0,5.0,1.0,2.0,87.0,29.0,0.0,0.0,0.0,8.0,2026-02-13,0
2026-02-13 17:29:41.427,0.0,0.0,0.0,0.0,0.0,3.0,5.0,0.0,83.0,37.0,0.0,0.0,0.0,8.0,2026-02-13,0
2026-02-13 17:29:42.435,0.0,1.0,0.0,0.0,0.0,3.0,1.0,1.0,94.0,29.0,0.3333332222222592,0.0,0.0,6.0,2026-02-13,0
2026-02-13 17:29:43.448,0.0,0.0,0.0,0.0,0.0,3.0,1.0,0.0,93.0,41.0,0.0,0.0,0.0,4.0,2026-02-13,0
2026-02-13 17:29:44.452,0.0,2.0,0.0,0.0,3.0,1.0,1.0,1.0,69.0,30.0,0.4999998750000312,0.0,0.0,8.0,2026-02-13,0
2026-02-13 17:29:45.462,0.0,1.0,0.0,0.0,2.0,5.0,1.0,1.0,69.0,26.0,0.1428571224489825,0.0,0.0,10.0,2026-02-13,0
2026-02-13 17:29:46.467,0.0,0.0,0.0,0.0,0.0,3.0,2.0,0.0,75.0,29.0,0.0,0.0,0.0,5.0,2026-02-13,0
2026-02-13 17:29:47.476,0.0,0.0,1.0,0.0,3.0,2.0,1.0,0.0,57.0,29.0,0.0,0.199999960000008,0.0,7.0,2026-02-13,0
2026-02-13 17:29:48.482,0.0,1.0,1.0,0.0,1.0,5.0,1.0,0.0,70.0,43.0,0.1666666388888935,0.1666666388888935,0.0,9.0,2026-02-13,0
2026-02-13 17:29:49.493,0.0,1.0,0.0,0.0,1.0,2.0,1.0,0.0,64.0,44.0,0.3333332222222592,0.0,0.0,5.0,2026-02-13,0
2026-02-13 17:29:50.500,1.0,0.0,0.0,1.0,1.0,0.0,1.0,1.0,53.0,43.0,0.0,0.999999000001,0.499999750000125,5.0,2026-02-13,0
2026-02-13 17:29:51.509,0.0,0.0,0.0,1.0,4.0,2.0,2.0,1.0,43.0,43.0,0.0,0.1666666388888935,0.0,10.0,2026-02-13,0
2026-02-13 17:29:52.513,0.0,2.0,0.0,1.0,1.0,1.0,1.0,0.0,29.0,43.0,0.99999950000025,0.499999750000125,0.0,6.0,2026-02-13,0
2026-02-13 17:29:53.524,0.0,0.0,0.0,0.0,2.0,3.0,2.0,0.0,30.0,44.0,0.0,0.0,0.0,7.0,2026-02-13,0
2026-02-13 17:29:54.540,0.0,2.0,1.0,0.0,3.0,1.0,0.0,0.0,24.0,38.0,0.4999998750000312,0.2499999375000156,0.0,7.0,2026-02-13,0
2026-02-13 17:29:55.548,0.0,1.0,2.0,8.0,10.0,4.0,1.0,0.0,21.0,48.0,0.0714285663265309,0.7142856632653098,0.0,26.0,2026-02-13,0
2026-02-13 17:29:56.551,1.0,2.0,0.0,1.0,25.0,9.0,1.0,0.0,40.0,30.0,0.0588235276816609,0.0294117638408304,0.028571427755102,39.0,2026-02-13,0
2026-02-13 17:29:57.560,0.0,1.0,1.0,4.0,30.0,4.0,1.0,0.0,29.0,29.0,0.0294117638408304,0.1470588192041524,0.0,41.0,2026-02-13,0
2026-02-13 17:29:58.568,1.0,2.0,4.0,5.0,11.0,8.0,2.0,0.0,43.0,40.0,0.1052631523545709,0.4736841855955691,0.0357142844387755,33.0,2026-02-13,0
2026-02-13 17:29:59.575,0.0,0.0,1.0,0.0,0.0,1.0,1.0,1.0,48.0,34.0,0.0,0.999999000001,0.0,4.0,2026-02-13,0
2026-02-13 17:30:00.581,0.0,0.0,0.0,0.0,1.0,1.0,0.0,0.0,37.0,53.0,0.0,0.0,0.0,2.0,2026-02-13,0
2026-02-13 17:30:01.588,0.0,0.0,0.0,0.0,2.0,2.0,2.0,0.0,44.0,53.0,0.0,0.0,0.0,6.0,2026-02-13,0
2026-02-13 17:30:02.589,0.0,1.0,0.0,0.0,1.0,4.0,0.0,1.0,53.0,26.0,0.199999960000008,0.0,0.0,7.0,2026-02-13,0
2026-02-13 17:30:03.602,0.0,1.0,1.0,0.0,1.0,3.0,0.0,1.0,54.0,23.0,0.2499999375000156,0.2499999375000156,0.0,7.0,2026-02-13,0
2026-02-13 17:30:04.612,0.0,0.0,0.0,0.0,2.0,1.0,0.0,0.0,63.0,14.0,0.0,0.0,0.0,3.0,2026-02-13,0
2026-02-13 17:30:05.623,1.0,3.0,0.0,1.0,4.0,7.0,0.0,1.0,57.0,11.0,0.2727272479338866,0.0909090826446288,0.0833333263888894,17.0,2026-02-13,0
2026-02-13 17:30:06.629,0.0,0.0,1.0,0.0,5.0,2.0,1.0,1.0,54.0,26.0,0.0,0.1428571224489825,0.0,10.0,2026-02-13,0
2026-02-13 17:30:07.641,0.0,0.0,2.0,1.0,0.0,2.0,1.0,0.0,51.0,41.0,0.0,1.499999250000375,0.0,6.0,2026-02-13,0
2026-02-13 17:30:08.649,0.0,1.0,1.0,0.0,1.0,3.0,1.0,1.0,48.0,48.0,0.2499999375000156,0.2499999375000156,0.0,8.0,2026-02-13,0
2026-02-13 17:30:09.660,0.0,1.0,2.0,0.0,2.0,2.0,0.0,1.0,41.0,64.0,0.2499999375000156,0.4999998750000312,0.0,8.0,2026-02-13,0
2026-02-13 17:30:10.674,0.0,0.0,0.0,2.0,1.0,2.0,2.0,1.0,41.0,74.0,0.0,0.6666664444445185,0.0,8.0,2026-02-13,0
2026-02-13 17:30:11.685,0.0,0.0,0.0,13.0,5.0,3.0,0.0,0.0,37.0,77.0,0.0,1.6249997968750256,0.0,21.0,2026-02-13,0
2026-02-13 17:30:12.695,0.0,2.0,1.0,2.0,7.0,4.0,0.0,1.0,34.0,80.0,0.1818181652892577,0.2727272479338866,0.0,17.0,2026-02-13,0
2026-02-13 17:30:13.706,0.0,0.0,1.0,1.0,7.0,1.0,1.0,1.0,34.0,70.0,0.0,0.2499999687500039,0.0,12.0,2026-02-13,0
2026-02-13 17:30:14.718,0.0,0.0,1.0,1.0,6.0,3.0,1.0,0.0,35.0,74.0,0.0,0.2222221975308669,0.0,12.0,2026-02-13,0
2026-02-13 17:30:15.732,1.0,1.0,2.0,0.0,4.0,2.0,2.0,1.0,37.0,60.0,0.1666666388888935,0.333333277777787,0.1249999843750019,13.0,2026-02-13,0
2026-02-13 17:30:16.741,0.0,0.0,0.0,1.0,5.0,2.0,3.0,1.0,40.0,60.0,0.0,0.1428571224489825,0.0,12.0,2026-02-13,0
2026-02-13 17:30:17.749,0.0,0.0,0.0,1.0,1.0,1.0,1.0,0.0,47.0,67.0,0.0,0.499999750000125,0.0,4.0,2026-02-13,0
2026-02-13 17:30:18.761,0.0,0.0,0.0,0.0,0.0,1.0,0.0,0.0,47.0,64.0,0.0,0.0,0.0,1.0,2026-02-13,0
2026-02-13 17:30:19.770,0.0,0.0,1.0,0.0,0.0,2.0,1.0,1.0,51.0,70.0,0.0,0.499999750000125,0.0,5.0,2026-02-13,0
2026-02-13 17:30:20.776,0.0,0.0,0.0,0.0,2.0,2.0,1.0,1.0,53.0,67.0,0.0,0.0,0.0,6.0,2026-02-13,0
2026-02-13 17:30:21.784,0.0,1.0,1.0,0.0,0.0,1.0,0.0,0.0,43.0,64.0,0.999999000001,0.999999000001,0.0,3.0,2026-02-13,0
2026-02-13 17:30:22.795,0.0,0.0,1.0,0.0,0.0,5.0,1.0,1.0,53.0,69.0,0.0,0.199999960000008,0.0,8.0,2026-02-13,0
2026-02-13 17:30:23.807,63.0,2.0,2.0,5.0,4.0,7.0,1.0,1.0,54.0,63.0,0.1818181652892577,0.636363578512402,3.499999805555566,85.0,2026-02-13,0
2026-02-13 17:30:24.820,0.0,5.0,1.0,2.0,7.0,4.0,0.0,1.0,47.0,57.0,0.4545454132231443,0.2727272479338866,0.0,20.0,2026-02-13,0
2026-02-13 17:30:25.828,0.0,1.0,1.0,5.0,8.0,10.0,0.0,1.0,63.0,56.0,0.0555555524691359,0.3333333148148158,0.0,26.0,2026-02-13,0
2026-02-13 17:30:26.834,0.0,2.0,5.0,5.0,10.0,10.0,1.0,1.0,50.0,57.0,0.0999999950000002,0.4999999750000012,0.0,34.0,2026-02-13,0
2026-02-13 17:30:27.846,0.0,1.0,0.0,1.0,2.0,4.0,0.0,2.0,53.0,54.0,0.1666666388888935,0.1666666388888935,0.0,10.0,2026-02-13,0
2026-02-13 17:30:28.858,0.0,1.0,1.0,2.0,11.0,2.0,1.0,1.0,54.0,64.0,0.0769230710059176,0.2307692130177528,0.0,19.0,2026-02-13,0
2026-02-13 17:30:29.870,0.0,0.0,0.0,1.0,4.0,7.0,0.0,0.0,61.0,60.0,0.0,0.0909090826446288,0.0,12.0,2026-02-13,0
2026-02-13 17:30:30.881,0.0,1.0,0.0,2.0,30.0,4.0,1.0,1.0,66.0,38.0,0.0294117638408304,0.0588235276816609,0.0,39.0,2026-02-13,0
2026-02-13 17:30:31.890,0.0,1.0,0.0,0.0,2.0,1.0,0.0,5.0,54.0,30.0,0.3333332222222592,0.0,0.0,9.0,2026-02-13,0
2026-02-13 17:30:32.899,0.0,0.0,0.0,2.0,4.0,2.0,2.0,2.0,61.0,34.0,0.0,0.333333277777787,0.0,12.0,2026-02-13,0
2026-02-13 17:30:33.913,0.0,1.0,0.0,1.0,0.0,5.0,0.0,1.0,54.0,29.0,0.199999960000008,0.199999960000008,0.0,8.0,2026-02-13,0
2026-02-13 17:30:34.923,0.0,0.0,0.0,0.0,4.0,1.0,1.0,0.0,48.0,43.0,0.0,0.0,0.0,6.0,2026-02-13,0
2026-02-13 17:30:35.936,10.0,2.0,1.0,9.0,1.0,7.0,0.0,1.0,54.0,61.0,0.2499999687500039,1.2499998437500195,0.5555555246913597,31.0,2026-02-13,0
2026-02-13 17:30:36.949,0.0,0.0,3.0,1.0,5.0,5.0,0.0,1.0,56.0,66.0,0.0,0.399999960000004,0.0,15.0,2026-02-13,0
2026-02-13 17:30:37.962,0.0,1.0,3.0,3.0,1.0,1.0,1.0,0.0,30.0,88.0,0.499999750000125,2.99999850000075,0.0,10.0,2026-02-13,1
2026-02-13 17:30:38.978,0.0,2.0,1.0,1.0,2.0,2.0,1.0,0.0,23.0,84.0,0.4999998750000312,0.4999998750000312,0.0,9.0,2026-02-13,1
2026-02-13 17:30:39.988,0.0,1.0,0.0,2.0,1.0,3.0,2.0,1.0,24.0,70.0,0.2499999375000156,0.4999998750000312,0.0,10.0,2026-02-13,1
2026-02-13 17:30:41.000,0.0,0.0,0.0,2.0,0.0,2.0,1.0,1.0,24.0,70.0,0.0,0.99999950000025,0.0,6.0,2026-02-13,1
2026-02-13 17:30:42.015,0.0,0.0,0.0,3.0,0.0,1.0,1.0,1.0,37.0,66.0,0.0,2.9999970000030003,0.0,6.0,2026-02-13,0
2026-02-13 17:30:43.024,0.0,0.0,0.0,1.0,2.0,2.0,1.0,1.0,56.0,67.0,0.0,0.2499999375000156,0.0,7.0,2026-02-13,0
2026-02-13 17:30:44.035,0.0,0.0,0.0,0.0,3.0,3.0,1.0,0.0,64.0,61.0,0.0,0.0,0.0,7.0,2026-02-13,0
2026-02-13 17:30:45.047,0.0,1.0,1.0,1.0,1.0,3.0,1.0,1.0,64.0,57.0,0.2499999375000156,0.4999998750000312,0.0,9.0,2026-02-13,0
2026-02-13 17:30:46.059,0.0,1.0,0.0,0.0,5.0,1.0,2.0,0.0,67.0,38.0,0.1666666388888935,0.0,0.0,9.0,2026-02-13,0
2026-02-13 17:30:47.068,0.0,0.0,1.0,0.0,0.0,2.0,2.0,0.0,57.0,47.0,0.0,0.499999750000125,0.0,5.0,2026-02-13,0
2026-02-13 17:30:48.078,0.0,0.0,0.0,0.0,0.0,2.0,0.0,0.0,63.0,54.0,0.0,0.0,0.0,2.0,2026-02-13,0
2026-02-13 17:30:49.088,0.0,1.0,0.0,1.0,2.0,2.0,0.0,1.0,60.0,41.0,0.2499999375000156,0.2499999375000156,0.0,7.0,2026-02-13,0
2026-02-13 17:30:50.098,0.0,2.0,0.0,0.0,2.0,0.0,0.0,0.0,48.0,35.0,0.99999950000025,0.0,0.0,4.0,2026-02-13,0
2026-02-13 17:30:51.106,5.0,3.0,2.0,8.0,6.0,4.0,1.0,0.0,37.0,37.0,0.299999970000003,0.99999990000001,0.2499999875000006,29.0,2026-02-13,0
2026-02-13 17:30:52.117,0.0,1.0,0.0,1.0,3.0,6.0,0.0,0.0,35.0,27.0,0.1111110987654334,0.1111110987654334,0.0,11.0,2026-02-13,0
2026-02-13 17:30:53.128,0.0,0.0,0.0,2.0,1.0,3.0,1.0,0.0,41.0,43.0,0.0,0.4999998750000312,0.0,7.0,2026-02-13,0
2026-02-13 17:30:54.141,0.0,0.0,0.0,0.0,1.0,2.0,1.0,0.0,57.0,53.0,0.0,0.0,0.0,4.0,2026-02-13,0
2026-02-13 17:30:55.142,0.0,0.0,0.0,0.0,1.0,2.0,0.0,1.0,74.0,47.0,0.0,0.0,0.0,4.0,2026-02-13,0
2026-02-13 17:30:56.153,0.0,0.0,1.0,2.0,2.0,1.0,0.0,3.0,56.0,64.0,0.0,0.9999996666667778,0.0,9.0,2026-02-13,0
2026-02-13 17:30:57.163,0.0,0.0,0.0,1.0,0.0,2.0,1.0,1.0,54.0,63.0,0.0,0.499999750000125,0.0,5.0,2026-02-13,0
2026-02-13 17:30:58.173,0.0,1.0,2.0,1.0,1.0,5.0,0.0,0.0,54.0,77.0,0.1666666388888935,0.4999999166666805,0.0,10.0,2026-02-13,0
2026-02-13 17:30:59.184,0.0,0.0,0.0,0.0,0.0,1.0,1.0,0.0,50.0,74.0,0.0,0.0,0.0,2.0,2026-02-13,0
2026-02-13 17:31:00.199,1.0,0.0,0.0,0.0,1.0,2.0,0.0,1.0,60.0,56.0,0.0,0.0,0.3333332222222592,5.0,2026-02-13,0
2026-02-13 17:31:01.213,0.0,0.0,0.0,1.0,4.0,1.0,0.0,1.0,53.0,53.0,0.0,0.199999960000008,0.0,7.0,2026-02-13,0
2026-02-13 17:31:02.228,0.0,0.0,1.0,2.0,1.0,4.0,0.0,0.0,57.0,64.0,0.0,0.599999880000024,0.0,8.0,2026-02-13,0
2026-02-13 17:31:03.239,0.0,1.0,0.0,1.0,2.0,4.0,1.0,0.0,61.0,54.0,0.1666666388888935,0.1666666388888935,0.0,9.0,2026-02-13,0
2026-02-13 17:31:04.249,0.0,0.0,0.0,2.0,0.0,2.0,1.0,0.0,56.0,69.0,0.0,0.99999950000025,0.0,5.0,2026-02-13,0
2026-02-13 17:31:05.258,1.0,2.0,1.0,1.0,3.0,2.0,0.0,1.0,51.0,64.0,0.399999920000016,0.399999920000016,0.1428571224489825,11.0,2026-02-13,0
2026-02-13 17:31:06.271,0.0,1.0,0.0,0.0,1.0,2.0,0.0,2.0,47.0,43.0,0.3333332222222592,0.0,0.0,6.0,2026-02-13,0
2026-02-13 17:31:07.281,0.0,1.0,1.0,0.0,6.0,1.0,0.0,1.0,38.0,41.0,0.1428571224489825,0.1428571224489825,0.0,10.0,2026-02-13,0
2026-02-13 17:31:08.292,0.0,0.0,0.0,0.0,2.0,1.0,0.0,0.0,37.0,27.0,0.0,0.0,0.0,3.0,2026-02-13,0
2026-02-13 17:31:09.305,0.0,0.0,3.0,0.0,3.0,3.0,3.0,0.0,44.0,41.0,0.0,0.4999999166666805,0.0,12.0,2026-02-13,0
2026-02-13 17:31:10.320,0.0,1.0,3.0,4.0,3.0,4.0,1.0,0.0,38.0,67.0,0.1428571224489825,0.9999998571428776,0.0,16.0,2026-02-13,0
2026-02-13 17:31:11.335,0.0,1.0,2.0,1.0,0.0,2.0,0.0,0.0,41.0,80.0,0.499999750000125,1.499999250000375,0.0,6.0,2026-02-13,0
2026-02-13 17:31:12.343,0.0,0.0,1.0,0.0,2.0,1.0,3.0,0.0,37.0,90.0,0.0,0.3333332222222592,0.0,7.0,2026-02-13,0
2026-02-13 17:31:13.353,0.0,0.0,0.0,0.0,3.0,10.0,0.0,0.0,56.0,63.0,0.0,0.0,0.0,13.0,2026-02-13,0
2026-02-13 17:31:14.362,0.0,0.0,0.0,2.0,1.0,3.0,0.0,1.0,63.0,56.0,0.0,0.4999998750000312,0.0,7.0,2026-02-13,0
2026-02-13 17:31:15.373,0.0,2.0,0.0,0.0,3.0,3.0,1.0,1.0,61.0,38.0,0.333333277777787,0.0,0.0,10.0,2026-02-13,0
2026-02-13 17:31:16.381,0.0,0.0,0.0,0.0,1.0,1.0,0.0,0.0,66.0,43.0,0.0,0.0,0.0,2.0,2026-02-13,0
2026-02-13 17:31:17.393,0.0,1.0,0.0,0.0,4.0,3.0,0.0,1.0,50.0,38.0,0.1428571224489825,0.0,0.0,9.0,2026-02-13,0
2026-02-13 17:31:18.400,0.0,0.0,1.0,0.0,2.0,4.0,0.0,1.0,53.0,34.0,0.0,0.1666666388888935,0.0,8.0,2026-02-13,0
2026-02-13 17:31:19.410,0.0,0.0,1.0,1.0,1.0,5.0,1.0,0.0,61.0,53.0,0.0,0.333333277777787,0.0,9.0,2026-02-13,0
2026-02-13 17:31:20.418,1.0,1.0,0.0,1.0,1.0,2.0,0.0,1.0,60.0,40.0,0.3333332222222592,0.3333332222222592,0.2499999375000156,7.0,2026-02-13,0
2026-02-13 17:31:21.428,0.0,0.0,2.0,4.0,2.0,2.0,1.0,1.0,50.0,70.0,0.0,1.4999996250000938,0.0,12.0,2026-02-13,0
2026-02-13 17:31:22.438,0.0,0.0,0.0,1.0,0.0,3.0,1.0,0.0,51.0,64.0,0.0,0.3333332222222592,0.0,5.0,2026-02-13,0
2026-02-13 17:31:23.448,4.0,1.0,0.0,1.0,0.0,0.0,0.0,0.0,27.0,60.0,1000000.0,1000000.0,3.999996000004,6.0,2026-02-13,1
2026-02-13 17:31:24.459,1.0,6.0,3.0,7.0,5.0,3.0,0.0,1.0,13.0,67.0,0.7499999062500118,1.2499998437500195,0.0555555524691359,26.0,2026-02-13,0
2026-02-13 17:31:25.468,1.0,0.0,2.0,6.0,17.0,2.0,1.0,0.0,10.0,60.0,0.0,0.4210526094182837,0.0370370356652949,29.0,2026-02-13,0
2026-02-13 17:31:26.474,0.0,0.0,0.0,1.0,3.0,1.0,0.0,1.0,1.0,64.0,0.0,0.2499999375000156,0.0,6.0,2026-02-13,0
2026-02-13 17:31:27.483,0.0,0.0,0.0,0.0,0.0,1.0,1.0,1.0,13.0,60.0,0.0,0.0,0.0,3.0,2026-02-13,0
2026-02-13 17:31:28.493,0.0,0.0,1.0,2.0,2.0,1.0,1.0,1.0,21.0,70.0,0.0,0.9999996666667778,0.0,8.0,2026-02-13,1
2026-02-13 17:31:29.508,0.0,1.0,1.0,1.0,1.0,2.0,0.0,0.0,27.0,74.0,0.3333332222222592,0.6666664444445185,0.0,6.0,2026-02-13,1
2026-02-13 17:31:30.519,0.0,0.0,0.0,1.0,1.0,0.0,0.0,0.0,24.0,77.0,0.0,0.999999000001,0.0,2.0,2026-02-13,1
2026-02-13 17:31:31.532,0.0,1.0,0.0,0.0,2.0,2.0,0.0,0.0,23.0,67.0,0.2499999375000156,0.0,0.0,5.0,2026-02-13,0
2026-02-13 17:31:32.543,0.0,0.0,0.0,2.0,1.0,1.0,0.0,0.0,24.0,63.0,0.0,0.99999950000025,0.0,4.0,2026-02-13,0
2026-02-13 17:31:33.555,0.0,0.0,2.0,7.0,5.0,2.0,1.0,0.0,20.0,67.0,0.0,1.2857141020408425,0.0,17.0,2026-02-13,0
2026-02-13 17:31:34.564,0.0,1.0,2.0,5.0,2.0,12.0,0.0,0.0,37.0,70.0,0.0714285663265309,0.4999999642857168,0.0,22.0,2026-02-13,0
2026-02-13 17:31:35.573,0.0,1.0,0.0,1.0,3.0,4.0,1.0,0.0,43.0,78.0,0.1428571224489825,0.1428571224489825,0.0,10.0,2026-02-13,0
2026-02-13 17:31:36.584,0.0,1.0,1.0,1.0,3.0,2.0,0.0,0.0,44.0,67.0,0.199999960000008,0.399999920000016,0.0,8.0,2026-02-13,0
2026-02-13 17:31:37.595,0.0,0.0,2.0,1.0,0.0,2.0,1.0,1.0,53.0,69.0,0.0,1.499999250000375,0.0,7.0,2026-02-13,0
2026-02-13 17:31:38.604,0.0,0.0,0.0,1.0,3.0,4.0,0.0,0.0,53.0,63.0,0.0,0.1428571224489825,0.0,8.0,2026-02-13,0
2026-02-13 17:31:39.611,0.0,0.0,1.0,0.0,1.0,6.0,0.0,0.0,61.0,67.0,0.0,0.1428571224489825,0.0,8.0,2026-02-13,0
2026-02-13 17:31:40.622,0.0,0.0,1.0,2.0,0.0,3.0,1.0,1.0,64.0,78.0,0.0,0.9999996666667778,0.0,8.0,2026-02-13,0
2026-02-13 17:31:41.629,0.0,1.0,2.0,2.0,0.0,2.0,1.0,0.0,57.0,77.0,0.499999750000125,1.9999990000005,0.0,8.0,2026-02-13,0
2026-02-13 17:31:42.640,1.0,1.0,0.0,1.0,1.0,2.0,1.0,1.0,48.0,74.0,0.3333332222222592,0.3333332222222592,0.2499999375000156,8.0,2026-02-13,0
2026-02-13 17:31:43.653,0.0,0.0,1.0,1.0,3.0,2.0,1.0,0.0,30.0,75.0,0.0,0.399999920000016,0.0,8.0,2026-02-13,0
2026-02-13 17:31:44.666,0.0,1.0,0.0,1.0,1.0,2.0,0.0,2.0,29.0,61.0,0.3333332222222592,0.3333332222222592,0.0,7.0,2026-02-13,0
2026-02-13 17:31:45.678,0.0,1.0,0.0,1.0,11.0,2.0,0.0,0.0,40.0,38.0,0.0769230710059176,0.0769230710059176,0.0,15.0,2026-02-13,0
2026-02-13 17:31:46.685,0.0,0.0,0.0,2.0,1.0,2.0,0.0,1.0,40.0,48.0,0.0,0.6666664444445185,0.0,6.0,2026-02-13,0
2026-02-13 17:31:47.694,0.0,1.0,0.0,2.0,5.0,3.0,1.0,2.0,43.0,38.0,0.1249999843750019,0.2499999687500039,0.0,14.0,2026-02-13,0
2026-02-13 17:31:48.703,0.0,1.0,0.0,1.0,1.0,1.0,1.0,0.0,40.0,41.0,0.499999750000125,0.499999750000125,0.0,5.0,2026-02-13,0
2026-02-13 17:31:49.716,1.0,1.0,0.0,1.0,7.0,3.0,0.0,0.0,37.0,47.0,0.099999990000001,0.099999990000001,0.0909090826446288,13.0,2026-02-13,0
2026-02-13 17:31:50.727,0.0,2.0,1.0,0.0,1.0,2.0,0.0,1.0,34.0,37.0,0.6666664444445185,0.3333332222222592,0.0,7.0,2026-02-13,0
2026-02-13 17:31:51.735,2.0,2.0,2.0,2.0,6.0,8.0,1.0,0.0,38.0,41.0,0.1428571326530619,0.2857142653061239,0.1111111049382719,23.0,2026-02-13,0
2026-02-13 17:31:52.745,14.0,2.0,1.0,5.0,11.0,3.0,1.0,0.0,37.0,41.0,0.1428571326530619,0.4285713979591858,0.6999999650000017,37.0,2026-02-13,0
2026-02-13 17:31:53.757,1.0,1.0,0.0,1.0,1.0,1.0,0.0,0.0,30.0,44.0,0.499999750000125,0.499999750000125,0.3333332222222592,5.0,2026-02-13,0
2026-02-13 17:31:54.772,2.0,0.0,0.0,0.0,1.0,0.0,0.0,0.0,29.0,41.0,0.0,0.0,1.999998000002,3.0,2026-02-13,0
2026-02-13 17:31:55.783,0.0,0.0,0.0,0.0,0.0,3.0,0.0,0.0,38.0,41.0,0.0,0.0,0.0,3.0,2026-02-13,0
2026-02-13 17:31:56.793,1.0,1.0,0.0,1.0,2.0,2.0,1.0,1.0,43.0,41.0,0.2499999375000156,0.2499999375000156,0.199999960000008,9.0,2026-02-13,0
2026-02-13 17:31:57.805,0.0,1.0,1.0,8.0,7.0,3.0,0.0,1.0,41.0,53.0,0.099999990000001,0.8999999100000091,0.0,21.0,2026-02-13,0
2026-02-13 17:31:58.813,0.0,1.0,1.0,1.0,4.0,2.0,0.0,2.0,44.0,61.0,0.1666666388888935,0.333333277777787,0.0,11.0,2026-02-13,0
2026-02-13 17:31:59.823,0.0,1.0,0.0,6.0,7.0,4.0,2.0,0.0,30.0,66.0,0.0909090826446288,0.5454544958677732,0.0,20.0,2026-02-13,0
2026-02-13 17:32:00.834,0.0,3.0,1.0,4.0,10.0,6.0,1.0,0.0,30.0,63.0,0.1874999882812507,0.3124999804687512,0.0,25.0,2026-02-13,0
2026-02-13 17:32:01.842,0.0,3.0,3.0,4.0,4.0,8.0,0.0,1.0,37.0,56.0,0.2499999791666684,0.5833332847222263,0.0,23.0,2026-02-13,0
2026-02-13 17:32:02.857,0.0,0.0,0.0,0.0,1.0,3.0,1.0,0.0,50.0,60.0,0.0,0.0,0.0,5.0,2026-02-13,0
2026-02-13 17:32:03.869,0.0,2.0,0.0,5.0,5.0,2.0,1.0,0.0,41.0,60.0,0.285714244897965,0.7142856122449125,0.0,15.0,2026-02-13,0
2026-02-13 17:32:04.876,0.0,0.0,1.0,5.0,4.0,6.0,0.0,1.0,47.0,74.0,0.0,0.599999940000006,0.0,17.0,2026-02-13,0
2026-02-13 17:32:05.890,0.0,1.0,0.0,1.0,2.0,2.0,0.0,1.0,50.0,69.0,0.2499999375000156,0.2499999375000156,0.0,7.0,2026-02-13,0
2026-02-13 17:32:06.901,0.0,1.0,0.0,0.0,2.0,2.0,2.0,2.0,41.0,50.0,0.2499999375000156,0.0,0.0,9.0,2026-02-13,0
2026-02-13 17:32:07.907,0.0,0.0,5.0,1.0,12.0,2.0,1.0,0.0,34.0,48.0,0.0,0.4285713979591858,0.0,21.0,2026-02-13,0
2026-02-13 17:32:08.922,0.0,1.0,2.0,11.0,2.0,3.0,0.0,1.0,20.0,66.0,0.199999960000008,2.599999480000104,0.0,20.0,2026-02-13,0
2026-02-13 17:32:09.933,0.0,1.0,1.0,2.0,2.0,2.0,0.0,0.0,23.0,77.0,0.2499999375000156,0.7499998125000469,0.0,8.0,2026-02-13,1
2026-02-13 17:32:10.942,0.0,2.0,1.0,1.0,0.0,1.0,1.0,0.0,10.0,90.0,1.999998000002,1.999998000002,0.0,6.0,2026-02-13,1
2026-02-13 17:32:11.958,0.0,1.0,0.0,4.0,3.0,2.0,1.0,2.0,10.0,87.0,0.199999960000008,0.799999840000032,0.0,13.0,2026-02-13,0
2026-02-13 17:32:12.971,1.0,0.0,0.0,1.0,2.0,3.0,0.0,0.0,23.0,67.0,0.0,0.199999960000008,0.1666666388888935,7.0,2026-02-13,0
2026-02-13 17:32:13.981,0.0,2.0,5.0,2.0,10.0,5.0,1.0,1.0,23.0,64.0,0.133333324444445,0.4666666355555576,0.0,26.0,2026-02-13,0
2026-02-13 17:32:14.992,2.0,1.0,0.0,1.0,2.0,4.0,1.0,0.0,40.0,54.0,0.1666666388888935,0.1666666388888935,0.285714244897965,11.0,2026-02-13,0
2026-02-13 17:32:16.002,2.0,1.0,0.0,3.0,5.0,3.0,0.0,0.0,44.0,50.0,0.1249999843750019,0.3749999531250059,0.1818181652892577,14.0,2026-02-13,0
2026-02-13 17:32:17.012,0.0,1.0,0.0,1.0,3.0,7.0,0.0,0.0,53.0,41.0,0.099999990000001,0.099999990000001,0.0,12.0,2026-02-13,0
2026-02-13 17:32:18.020,0.0,0.0,1.0,1.0,2.0,2.0,0.0,0.0,54.0,40.0,0.0,0.4999998750000312,0.0,6.0,2026-02-13,0
2026-02-13 17:32:19.030,0.0,0.0,4.0,3.0,1.0,1.0,1.0,1.0,37.0,69.0,0.0,3.499998250000875,0.0,11.0,2026-02-13,0
2026-02-13 17:32:20.038,0.0,2.0,1.0,1.0,4.0,6.0,0.0,0.0,40.0,63.0,0.199999980000002,0.199999980000002,0.0,14.0,2026-02-13,0
2026-02-13 17:32:21.050,0.0,0.0,1.0,4.0,5.0,1.0,0.0,1.0,21.0,78.0,0.0,0.8333331944444675,0.0,12.0,2026-02-13,0
2026-02-13 17:32:22.066,0.0,0.0,0.0,1.0,0.0,1.0,0.0,0.0,23.0,83.0,0.0,0.999999000001,0.0,2.0,2026-02-13,1
2026-02-13 17:32:23.077,0.0,1.0,1.0,1.0,3.0,6.0,0.0,0.0,41.0,61.0,0.1111110987654334,0.2222221975308669,0.0,12.0,2026-02-13,0
2026-02-13 17:32:24.087,0.0,1.0,0.0,0.0,3.0,2.0,0.0,0.0,38.0,63.0,0.199999960000008,0.0,0.0,6.0,2026-02-13,0
2026-02-13 17:32:25.097,0.0,1.0,0.0,0.0,1.0,2.0,0.0,0.0,48.0,48.0,0.3333332222222592,0.0,0.0,4.0,2026-02-13,0
2026-02-13 17:32:26.111,0.0,0.0,0.0,1.0,2.0,2.0,1.0,1.0,48.0,40.0,0.0,0.2499999375000156,0.0,7.0,2026-02-13,0
2026-02-13 17:32:27.124,1.0,1.0,2.0,0.0,3.0,3.0,0.0,1.0,41.0,44.0,0.1666666388888935,0.333333277777787,0.1249999843750019,11.0,2026-02-13,0
2026-02-13 17:32:28.130,0.0,1.0,1.0,4.0,4.0,3.0,1.0,0.0,37.0,53.0,0.1428571224489825,0.7142856122449125,0.0,14.0,2026-02-13,0
2026-02-13 17:32:29.139,1.0,1.0,0.0,3.0,6.0,2.0,1.0,1.0,29.0,61.0,0.1249999843750019,0.3749999531250059,0.0909090826446288,15.0,2026-02-13,0
2026-02-13 17:32:30.153,1.0,1.0,2.0,0.0,1.0,1.0,0.0,1.0,20.0,63.0,0.499999750000125,0.99999950000025,0.2499999375000156,7.0,2026-02-13,0
2026-02-13 17:32:31.162,0.0,0.0,1.0,1.0,0.0,3.0,1.0,1.0,23.0,67.0,0.0,0.6666664444445185,0.0,7.0,2026-02-13,0
2026-02-13 17:32:32.171,0.0,0.0,2.0,2.0,7.0,2.0,1.0,0.0,21.0,67.0,0.0,0.4444443950617339,0.0,14.0,2026-02-13,0
2026-02-13 17:32:33.183,0.0,0.0,1.0,1.0,0.0,1.0,1.0,1.0,24.0,75.0,0.0,1.999998000002,0.0,5.0,2026-02-13,1
2026-02-13 17:32:34.189,1.0,0.0,4.0,4.0,6.0,7.0,1.0,0.0,37.0,81.0,0.0,0.615384568047341,0.047619045351474,23.0,2026-02-13,0
2026-02-13 17:32:35.200,1.0,0.0,0.0,1.0,3.0,2.0,2.0,0.0,37.0,74.0,0.0,0.199999960000008,0.1666666388888935,9.0,2026-02-13,0
2026-02-13 17:32:36.209,0.0,2.0,3.0,0.0,5.0,1.0,0.0,0.0,26.0,70.0,0.333333277777787,0.4999999166666805,0.0,11.0,2026-02-13,0
2026-02-13 17:32:37.217,5.0,4.0,4.0,11.0,49.0,5.0,1.0,0.0,20.0,61.0,0.0740740727023319,0.277777772633745,0.0724637670657425,79.0,2026-02-13,1
2026-02-13 17:32:38.228,0.0,1.0,0.0,1.0,4.0,3.0,1.0,3.0,20.0,48.0,0.1428571224489825,0.1428571224489825,0.0,13.0,2026-02-13,0
2026-02-13 17:32:39.241,0.0,1.0,0.0,0.0,3.0,0.0,0.0,0.0,8.0,44.0,0.3333332222222592,0.0,0.0,4.0,2026-02-13,0
2026-02-13 17:32:40.251,0.0,1.0,0.0,0.0,0.0,4.0,0.0,1.0,30.0,35.0,0.2499999375000156,0.0,0.0,6.0,2026-02-13,0
2026-02-13 17:32:41.261,0.0,0.0,0.0,0.0,0.0,1.0,0.0,1.0,44.0,34.0,0.0,0.0,0.0,2.0,2026-02-13,0
2026-02-13 17:32:42.273,0.0,1.0,0.0,3.0,6.0,2.0,0.0,0.0,38.0,35.0,0.1249999843750019,0.3749999531250059,0.0,12.0,2026-02-13,0
2026-02-13 17:32:43.286,0.0,0.0,1.0,0.0,1.0,3.0,1.0,0.0,51.0,40.0,0.0,0.2499999375000156,0.0,6.0,2026-02-13,0
2026-02-13 17:32:44.289,0.0,0.0,0.0,3.0,1.0,2.0,0.0,0.0,43.0,57.0,0.0,0.9999996666667778,0.0,6.0,2026-02-13,0
2026-02-13 17:32:45.296,0.0,0.0,0.0,2.0,1.0,2.0,1.0,0.0,41.0,67.0,0.0,0.6666664444445185,0.0,6.0,2026-02-13,0
2026-02-13 17:32:46.306,0.0,2.0,0.0,0.0,3.0,2.0,0.0,0.0,41.0,48.0,0.399999920000016,0.0,0.0,7.0,2026-02-13,0
2026-02-13 17:32:47.320,1.0,0.0,0.0,1.0,1.0,2.0,1.0,1.0,40.0,48.0,0.0,0.3333332222222592,0.2499999375000156,7.0,2026-02-13,0
2026-02-13 17:32:48.334,0.0,0.0,0.0,1.0,0.0,3.0,1.0,0.0,41.0,41.0,0.0,0.3333332222222592,0.0,5.0,2026-02-13,0
2026-02-13 17:32:49.342,1.0,1.0,1.0,1.0,1.0,6.0,0.0,0.0,50.0,38.0,0.1428571224489825,0.285714244897965,0.1111110987654334,11.0,2026-02-13,0
2026-02-13 17:32:50.352,0.0,1.0,1.0,2.0,1.0,4.0,0.0,0.0,56.0,66.0,0.199999960000008,0.599999880000024,0.0,9.0,2026-02-13,0
2026-02-13 17:32:51.363,1.0,1.0,0.0,0.0,2.0,0.0,0.0,0.0,44.0,60.0,0.499999750000125,0.0,0.499999750000125,4.0,2026-02-13,0
2026-02-13 17:32:52.364,20.0,7.0,1.0,13.0,11.0,2.0,0.0,0.0,23.0,57.0,0.5384614970414233,1.0769229940828466,0.7407407133058995,54.0,2026-02-13,1
2026-02-13 17:32:53.377,12.0,5.0,0.0,6.0,1.0,1.0,2.0,3.0,1.0,54.0,2.499998750000625,2.99999850000075,1.4999998125000236,30.0,2026-02-13,1
2026-02-13 17:32:54.393,62.0,8.0,15.0,2.0,33.0,13.0,8.0,3.0,1.0,50.0,0.1739130396975426,0.3695652093572781,0.9841269685059212,144.0,2026-02-13,1
2026-02-13 17:32:55.399,24.0,2.0,1.0,2.0,6.0,3.0,1.0,1.0,1.0,51.0,0.2222221975308669,0.3333332962963004,1.9999998333333475,40.0,2026-02-13,0
2026-02-13 17:32:56.405,5.0,0.0,0.0,0.0,0.0,0.0,0.0,0.0,1.0,50.0,0.0,0.0,4279999.999999746,5.0,2026-02-13,1
2026-02-13 17:32:57.407,18.0,3.0,3.0,1.0,2.0,2.0,3.0,3.0,10.0,53.0,0.7499998125000469,0.9999997500000624,2.249999718750036,35.0,2026-02-13,1
2026-02-13 17:32:58.415,32.0,1.0,2.0,1.0,1.0,1.0,3.0,1.0,1.0,57.0,0.499999750000125,1.499999250000375,6.399998720000256,42.0,2026-02-13,1
2026-02-13 17:32:59.420,6.0,6.0,0.0,0.0,1.0,2.0,2.0,5.0,1.0,38.0,1.9999993333335555,0.0,1.9999993333335555,22.0,2026-02-13,1
2026-02-13 17:33:00.431,25.0,1.0,4.0,1.0,3.0,5.0,5.0,5.0,11.0,47.0,0.1249999843750019,0.6249999218750099,1.9230767751479405,49.0,2026-02-13,0
2026-02-13 17:33:01.441,8.0,1.0,2.0,12.0,8.0,4.0,10.0,23.0,16.0,56.0,0.0833333263888894,1.166666569444453,0.3076922958579886,68.0,2026-02-13,0
2026-02-13 17:33:02.453,5.0,2.0,0.0,1.0,2.0,5.0,6.0,2.0,34.0,43.0,0.285714244897965,0.1428571224489825,0.6249999218750099,23.0,2026-02-13,0
2026-02-13 17:33:03.456,3.0,2.0,0.0,0.0,1.0,0.0,2.0,1.0,30.0,56.0,1.999998000002,0.0,2.9999970000030003,9.0,2026-02-13,0
2026-02-13 17:33:04.459,4.0,5.0,1.0,2.0,5.0,7.0,2.0,5.0,27.0,43.0,0.4166666319444473,0.2499999791666684,0.2666666488888901,31.0,2026-02-13,1
2026-02-13 17:33:05.470,0.0,1.0,0.0,0.0,5.0,4.0,2.0,3.0,43.0,17.0,0.1111110987654334,0.0,0.0,15.0,2026-02-13,0
2026-02-13 17:33:06.521,1.0,1.0,0.0,2.0,10.0,3.0,1.0,2.0,41.0,20.0,0.0769230710059176,0.1538461420118352,0.0666666622222225,20.0,2026-02-13,0
2026-02-13 17:33:07.524,1.0,2.0,2.0,2.0,11.0,4.0,5.0,11.0,50.0,23.0,0.133333324444445,0.2666666488888901,0.0526315761772854,38.0,2026-02-13,0
2026-02-13 17:33:08.535,0.0,2.0,0.0,3.0,9.0,8.0,2.0,5.0,57.0,24.0,0.1176470519031145,0.1764705778546718,0.0,29.0,2026-02-13,0
2026-02-13 17:33:09.549,1.0,1.0,3.0,1.0,5.0,3.0,5.0,11.0,47.0,43.0,0.1249999843750019,0.4999999375000079,0.0833333263888894,30.0,2026-02-13,0
2026-02-13 17:33:10.557,1.0,5.0,3.0,9.0,3.0,1.0,2.0,2.0,24.0,54.0,1.249999687500078,2.9999992500001875,0.0624999960937502,26.0,2026-02-13,1
2026-02-13 17:33:11.566,2.0,2.0,1.0,1.0,2.0,3.0,4.0,8.0,27.0,53.0,0.399999920000016,0.399999920000016,0.285714244897965,23.0,2026-02-13,0
2026-02-13 17:33:12.586,0.0,1.0,1.0,1.0,4.0,3.0,6.0,3.0,26.0,56.0,0.1428571224489825,0.285714244897965,0.0,19.0,2026-02-13,0
2026-02-13 17:33:13.597,0.0,1.0,2.0,3.0,5.0,7.0,5.0,3.0,56.0,57.0,0.0833333263888894,0.4166666319444473,0.0,26.0,2026-02-13,0
2026-02-13 17:33:14.606,1.0,0.0,1.0,2.0,2.0,4.0,2.0,9.0,61.0,67.0,0.0,0.4999999166666805,0.1111110987654334,21.0,2026-02-13,0
2026-02-13 17:33:15.616,0.0,1.0,1.0,1.0,3.0,7.0,2.0,8.0,64.0,69.0,0.099999990000001,0.199999980000002,0.0,23.0,2026-02-13,0
2026-02-13 17:33:16.626,0.0,0.0,0.0,2.0,6.0,3.0,2.0,0.0,66.0,63.0,0.0,0.2222221975308669,0.0,13.0,2026-02-13,0
2026-02-13 17:33:17.631,0.0,0.0,0.0,1.0,2.0,6.0,7.0,3.0,75.0,57.0,0.0,0.1249999843750019,0.0,19.0,2026-02-13,0
2026-02-13 17:33:18.645,0.0,1.0,1.0,1.0,5.0,5.0,12.0,7.0,75.0,53.0,0.099999990000001,0.199999980000002,0.0,32.0,2026-02-13,0
2026-02-13 17:33:19.662,0.0,2.0,2.0,2.0,5.0,6.0,4.0,3.0,69.0,53.0,0.1818181652892577,0.3636363305785154,0.0,24.0,2026-02-13,0
2026-02-13 17:33:20.664,0.0,0.0,3.0,1.0,8.0,4.0,5.0,14.0,66.0,57.0,0.0,0.3333333055555579,0.0,35.0,2026-02-13,0
2026-02-13 17:33:21.665,0.0,1.0,0.0,2.0,5.0,6.0,7.0,3.0,60.0,54.0,0.0909090826446288,0.1818181652892577,0.0,24.0,2026-02-13,0
2026-02-13 17:33:22.808,0.0,1.0,0.0,2.0,5.0,6.0,7.0,3.0,60.0,54.0,0.0909090826446288,0.1818181652892577,0.0,24.0,2026-02-13,0
2026-02-13 17:33:23.845,12.0,0.0,0.0,0.0,0.0,0.0,1.0,0.0,60.0,51.0,0.0,0.0,4279999.999999746,13.0,2026-02-13,0
2026-02-13 17:33:25.094,12.0,0.0,0.0,0.0,0.0,0.0,1.0,0.0,60.0,51.0,0.0,0.0,4279999.999999746,13.0,2026-02-13,0
2026-02-13 17:33:26.106,0.0,1.0,0.0,1.0,6.0,4.0,3.0,5.0,38.0,41.0,0.099999990000001,0.099999990000001,0.0,20.0,2026-02-13,0
2026-02-13 17:33:27.120,0.0,0.0,0.0,0.0,3.0,4.0,2.0,1.0,34.0,30.0,0.0,0.0,0.0,10.0,2026-02-13,0
2026-02-13 17:33:28.127,0.0,1.0,5.0,5.0,2.0,6.0,6.0,5.0,41.0,50.0,0.1249999843750019,1.2499998437500195,0.0,30.0,2026-02-13,0
2026-02-13 17:33:29.130,17.0,1.0,2.0,1.0,6.0,5.0,11.0,5.0,61.0,53.0,0.0909090826446288,0.2727272479338866,1.2142856275510268,48.0,2026-02-13,0
2026-02-13 17:33:30.146,2.0,1.0,3.0,2.0,5.0,10.0,5.0,6.0,64.0,63.0,0.0666666622222225,0.3333333111111126,0.0999999950000002,34.0,2026-02-13,0
2026-02-13 17:33:31.147,1.0,1.0,3.0,5.0,3.0,5.0,6.0,5.0,50.0,81.0,0.1249999843750019,0.9999998750000156,0.0624999960937502,29.0,2026-02-13,0
2026-02-13 17:33:32.151,0.0,1.0,0.0,1.0,3.0,3.0,5.0,15.0,54.0,67.0,0.1666666388888935,0.1666666388888935,0.0,28.0,2026-02-13,0
2026-02-13 17:33:33.156,0.0,1.0,0.0,1.0,4.0,6.0,4.0,11.0,63.0,61.0,0.099999990000001,0.099999990000001,0.0,27.0,2026-02-13,0
2026-02-13 17:33:34.165,0.0,0.0,5.0,4.0,6.0,3.0,9.0,5.0,48.0,67.0,0.0,0.9999998888889012,0.0,32.0,2026-02-13,0
2026-02-13 17:33:35.178,1.0,1.0,1.0,2.0,5.0,3.0,4.0,8.0,48.0,57.0,0.1249999843750019,0.3749999531250059,0.0909090826446288,25.0,2026-02-13,0
2026-02-13 17:33:36.191,1.0,0.0,2.0,1.0,6.0,8.0,12.0,15.0,56.0,60.0,0.0,0.2142856989795929,0.0588235259515572,45.0,2026-02-13,0
2026-02-13 17:33:37.231,6.0,7.0,1.0,3.0,6.0,5.0,7.0,2.0,38.0,56.0,0.636363578512402,0.3636363305785154,0.3999999733333351,37.0,2026-02-13,0
2026-02-13 17:33:38.237,1.0,1.0,2.0,2.0,2.0,6.0,6.0,5.0,50.0,50.0,0.1249999843750019,0.4999999375000079,0.0833333263888894,25.0,2026-02-13,0
2026-02-13 17:33:39.243,0.0,1.0,1.0,0.0,2.0,3.0,4.0,11.0,53.0,51.0,0.199999960000008,0.199999960000008,0.0,22.0,2026-02-13,0
2026-02-13 17:33:40.260,0.0,0.0,0.0,2.0,1.0,2.0,12.0,2.0,44.0,54.0,0.0,0.6666664444445185,0.0,19.0,2026-02-13,0
2026-02-13 17:33:41.268,0.0,0.0,1.0,1.0,2.0,3.0,4.0,4.0,54.0,63.0,0.0,0.399999920000016,0.0,15.0,2026-02-13,0
2026-02-13 17:33:42.286,10.0,10.0,2.0,17.0,7.0,3.0,9.0,9.0,30.0,60.0,0.99999990000001,1.899999810000019,0.3448275743162905,67.0,2026-02-13,1
2026-02-13 17:33:43.289,1.0,2.0,2.0,3.0,9.0,3.0,5.0,3.0,26.0,61.0,0.1666666527777789,0.4166666319444473,0.0588235259515572,28.0,2026-02-13,0
2026-02-13 17:33:44.303,0.0,0.0,0.0,1.0,2.0,2.0,6.0,3.0,27.0,61.0,0.0,0.2499999375000156,0.0,14.0,2026-02-13,0
2026-02-13 17:33:45.317,0.0,0.0,1.0,0.0,2.0,8.0,4.0,2.0,40.0,57.0,0.0,0.099999990000001,0.0,17.0,2026-02-13,0
2026-02-13 17:33:46.317,1.0,1.0,1.0,1.0,1.0,4.0,5.0,7.0,63.0,53.0,0.199999960000008,0.399999920000016,0.1428571224489825,21.0,2026-02-13,0
2026-02-13 17:33:47.322,2.0,2.0,1.0,0.0,2.0,6.0,5.0,7.0,69.0,47.0,0.2499999687500039,0.1249999843750019,0.2222221975308669,25.0,2026-02-13,0
2026-02-13 17:33:48.329,2.0,2.0,0.0,0.0,0.0,1.0,2.0,0.0,57.0,26.0,1.999998000002,0.0,1.999998000002,7.0,2026-02-13,0
2026-02-13 17:33:49.342,0.0,2.0,1.0,4.0,2.0,6.0,4.0,12.0,47.0,30.0,0.2499999687500039,0.6249999218750099,0.0,31.0,2026-02-13,0
2026-02-13 17:33:50.347,0.0,0.0,0.0,1.0,1.0,4.0,8.0,5.0,50.0,30.0,0.0,0.199999960000008,0.0,19.0,2026-02-13,0
2026-02-13 17:33:51.398,0.0,0.0,0.0,1.0,1.0,3.0,7.0,1.0,51.0,38.0,0.0,0.2499999375000156,0.0,13.0,2026-02-13,0
2026-02-13 17:33:52.417,0.0,1.0,0.0,1.0,3.0,4.0,5.0,3.0,66.0,50.0,0.1428571224489825,0.1428571224489825,0.0,17.0,2026-02-13,0
2026-02-13 17:33:53.435,0.0,2.0,1.0,1.0,9.0,6.0,13.0,2.0,67.0,40.0,0.133333324444445,0.133333324444445,0.0,34.0,2026-02-13,0
2026-02-13 17:33:54.442,0.0,2.0,0.0,0.0,6.0,3.0,4.0,10.0,60.0,29.0,0.2222221975308669,0.0,0.0,25.0,2026-02-13,0
2026-02-13 17:33:55.445,0.0,0.0,1.0,2.0,2.0,8.0,6.0,3.0,66.0,29.0,0.0,0.299999970000003,0.0,22.0,2026-02-13,0
2026-02-13 17:33:56.460,6.0,12.0,4.0,1.0,6.0,11.0,4.0,5.0,50.0,21.0,0.7058823114186875,0.2941176297577865,0.272727260330579,49.0,2026-02-13,0
2026-02-13 17:33:57.466,6.0,1.0,0.0,1.0,3.0,0.0,1.0,0.0,43.0,27.0,0.3333332222222592,0.3333332222222592,1.4999996250000938,12.0,2026-02-13,0
2026-02-13 17:33:58.476,1.0,0.0,0.0,0.0,0.0,0.0,0.0,0.0,23.0,27.0,0.0,0.0,1000000.0,1.0,2026-02-13,0
2026-02-13 17:33:59.480,1.0,1.0,2.0,2.0,9.0,13.0,1.0,1.0,37.0,34.0,0.0454545433884298,0.1818181735537193,0.0384615369822485,30.0,2026-02-13,0
2026-02-13 17:34:00.495,3.0,0.0,0.0,9.0,16.0,2.0,1.0,1.0,35.0,50.0,0.0,0.4999999722222237,0.1111111069958849,32.0,2026-02-13,0
2026-02-13 17:34:01.508,1.0,2.0,0.0,1.0,2.0,5.0,1.0,3.0,44.0,51.0,0.285714244897965,0.1428571224489825,0.1249999843750019,15.0,2026-02-13,0
2026-02-13 17:34:02.510,1.0,2.0,0.0,1.0,2.0,5.0,1.0,3.0,44.0,51.0,0.285714244897965,0.1428571224489825,0.1249999843750019,15.0,2026-02-13,0
2026-02-13 17:34:03.518,13.0,4.0,0.0,1.0,2.0,7.0,1.0,1.0,47.0,30.0,0.4444443950617339,0.1111110987654334,1.299999870000013,29.0,2026-02-13,0
2026-02-13 17:34:04.526,1.0,1.0,1.0,2.0,3.0,2.0,1.0,5.0,50.0,34.0,0.199999960000008,0.599999880000024,0.1249999843750019,16.0,2026-02-13,0
2026-02-13 17:34:05.530,2.0,2.0,3.0,3.0,1.0,5.0,2.0,1.0,47.0,41.0,0.333333277777787,0.9999998333333612,0.1666666527777789,19.0,2026-02-13,0
2026-02-13 17:34:06.537,89.0,9.0,0.0,1.0,10.0,9.0,5.0,8.0,40.0,26.0,0.4736841855955691,0.0526315761772854,4.449999777500011,131.0,2026-02-13,0
2026-02-13 17:34:07.542,50.0,21.0,3.0,5.0,6.0,8.0,7.0,1.0,24.0,30.0,1.4999998928571503,0.5714285306122479,2.272727169421492,101.0,2026-02-13,1
2026-02-13 17:34:08.556,35.0,8.0,1.0,6.0,1.0,11.0,5.0,5.0,26.0,21.0,0.6666666111111158,0.5833332847222263,1.8421051662049912,72.0,2026-02-13,1
2026-02-13 17:34:09.558,5.0,3.0,1.0,1.0,4.0,4.0,2.0,1.0,24.0,16.0,0.3749999531250059,0.2499999687500039,0.499999950000005,21.0,2026-02-13,1
2026-02-13 17:34:10.564,18.0,1.0,0.0,0.0,0.0,1.0,0.0,0.0,21.0,21.0,0.999999000001,0.0,17.999982000018,20.0,2026-02-13,1
2026-02-13 17:34:11.565,26.0,2.0,1.0,6.0,3.0,6.0,5.0,2.0,37.0,37.0,0.2222221975308669,0.7777776913580343,1.6249998984375065,51.0,2026-02-13,0
2026-02-13 17:34:12.569,3.0,1.0,0.0,0.0,5.0,9.0,3.0,2.0,51.0,24.0,0.0714285663265309,0.0,0.2142856989795929,23.0,2026-02-13,0
2026-02-13 17:34:13.574,1.0,0.0,1.0,0.0,1.0,6.0,2.0,1.0,67.0,26.0,0.0,0.1428571224489825,0.1249999843750019,12.0,2026-02-13,0
2026-02-13 17:34:14.577,2.0,1.0,1.0,2.0,7.0,3.0,2.0,1.0,70.0,43.0,0.099999990000001,0.299999970000003,0.1538461420118352,19.0,2026-02-13,0
2026-02-13 17:34:15.585,0.0,0.0,0.0,0.0,4.0,2.0,2.0,1.0,78.0,30.0,0.0,0.0,0.0,9.0,2026-02-13,0
2026-02-13 17:34:16.587,0.0,0.0,1.0,0.0,4.0,2.0,0.0,1.0,64.0,47.0,0.0,0.1666666388888935,0.0,8.0,2026-02-13,0
2026-02-13 17:34:17.591,7.0,2.0,0.0,0.0,2.0,1.0,0.0,1.0,43.0,27.0,0.6666664444445185,0.0,2.333332555555814,13.0,2026-02-13,0
2026-02-13 17:34:18.594,6.0,2.0,3.0,3.0,2.0,9.0,6.0,1.0,48.0,34.0,0.1818181652892577,0.5454544958677732,0.3529411557093437,32.0,2026-02-13,0
2026-02-13 17:34:19.600,2.0,1.0,0.0,0.0,14.0,13.0,4.0,2.0,60.0,20.0,0.0370370356652949,0.0,0.0740740713305899,36.0,2026-02-13,0
2026-02-13 17:34:20.606,0.0,2.0,1.0,1.0,1.0,5.0,3.0,1.0,60.0,17.0,0.333333277777787,0.333333277777787,0.0,14.0,2026-02-13,0
2026-02-13 17:34:21.606,5.0,1.0,2.0,4.0,8.0,3.0,1.0,3.0,64.0,41.0,0.0909090826446288,0.5454544958677732,0.2941176297577865,27.0,2026-02-13,0
2026-02-13 17:34:22.611,6.0,0.0,0.0,0.0,1.0,2.0,0.0,0.0,74.0,29.0,0.0,0.0,1.9999993333335555,9.0,2026-02-13,0
2026-02-13 17:34:23.612,1.0,1.0,0.0,0.0,4.0,9.0,1.0,1.0,67.0,34.0,0.0769230710059176,0.0,0.0769230710059176,17.0,2026-02-13,0
2026-02-13 17:34:24.626,0.0,0.0,1.0,3.0,5.0,8.0,1.0,4.0,75.0,38.0,0.0,0.3076922840236705,0.0,22.0,2026-02-13,0
2026-02-13 17:34:25.630,0.0,0.0,0.0,0.0,4.0,5.0,4.0,1.0,91.0,29.0,0.0,0.0,0.0,14.0,2026-02-13,0
2026-02-13 17:34:26.644,0.0,0.0,0.0,0.0,1.0,2.0,1.0,2.0,91.0,35.0,0.0,0.0,0.0,6.0,2026-02-13,0
2026-02-13 17:34:27.650,0.0,0.0,0.0,1.0,2.0,2.0,0.0,1.0,80.0,51.0,0.0,0.2499999375000156,0.0,6.0,2026-02-13,0
2026-02-13 17:34:28.655,0.0,1.0,3.0,3.0,5.0,2.0,4.0,2.0,63.0,60.0,0.1428571224489825,0.857142734693895,0.0,20.0,2026-02-13,0
2026-02-13 17:34:29.666,8.0,3.0,1.0,1.0,22.0,2.0,1.0,0.0,41.0,48.0,0.1249999947916668,0.0833333298611112,0.3076922958579886,38.0,2026-02-13,0
2026-02-13 17:34:30.669,0.0,0.0,1.0,0.0,5.0,3.0,1.0,0.0,34.0,50.0,0.0,0.1249999843750019,0.0,10.0,2026-02-13,0
2026-02-13 17:34:31.684,0.0,0.0,0.0,5.0,6.0,3.0,0.0,0.0,30.0,53.0,0.0,0.5555554938271674,0.0,14.0,2026-02-13,0
2026-02-13 17:34:32.688,0.0,0.0,0.0,4.0,2.0,2.0,3.0,3.0,40.0,56.0,0.0,0.9999997500000624,0.0,14.0,2026-02-13,0
2026-02-13 17:34:33.691,0.0,0.0,1.0,3.0,2.0,5.0,1.0,2.0,51.0,78.0,0.0,0.57142848979593,0.0,14.0,2026-02-13,0
2026-02-13 17:34:34.692,0.0,0.0,2.0,4.0,6.0,2.0,1.0,1.0,43.0,84.0,0.0,0.7499999062500118,0.0,16.0,2026-02-13,0
2026-02-13 17:34:35.693,0.0,0.0,0.0,2.0,5.0,4.0,0.0,1.0,44.0,80.0,0.0,0.2222221975308669,0.0,12.0,2026-02-13,0
2026-02-13 17:34:36.696,0.0,0.0,1.0,1.0,11.0,3.0,1.0,1.0,48.0,66.0,0.0,0.1428571326530619,0.0,18.0,2026-02-13,0
2026-02-13 17:34:37.702,0.0,1.0,6.0,2.0,2.0,4.0,1.0,0.0,38.0,77.0,0.1666666388888935,1.3333331111111482,0.0,16.0,2026-02-13,0
2026-02-13 17:34:38.705,0.0,1.0,0.0,2.0,0.0,1.0,1.0,0.0,41.0,69.0,0.999999000001,1.999998000002,0.0,5.0,2026-02-13,0
2026-02-13 17:34:39.707,0.0,1.0,4.0,0.0,4.0,3.0,0.0,1.0,35.0,75.0,0.1428571224489825,0.57142848979593,0.0,13.0,2026-02-13,0
2026-02-13 17:34:40.714,0.0,0.0,0.0,0.0,1.0,9.0,0.0,1.0,54.0,69.0,0.0,0.0,0.0,11.0,2026-02-13,0
2026-02-13 17:34:41.714,0.0,2.0,0.0,2.0,3.0,5.0,3.0,0.0,63.0,48.0,0.2499999687500039,0.2499999687500039,0.0,15.0,2026-02-13,0
2026-02-13 17:34:42.718,0.0,0.0,2.0,3.0,1.0,5.0,1.0,2.0,69.0,56.0,0.0,0.8333331944444675,0.0,14.0,2026-02-13,0
2026-02-13 17:34:43.720,0.0,0.0,1.0,1.0,0.0,3.0,0.0,1.0,77.0,57.0,0.0,0.6666664444445185,0.0,6.0,2026-02-13,0
2026-02-13 17:34:44.727,0.0,0.0,1.0,1.0,1.0,6.0,1.0,0.0,64.0,66.0,0.0,0.285714244897965,0.0,10.0,2026-02-13,0
2026-02-13 17:34:45.729,0.0,0.0,1.0,1.0,2.0,2.0,0.0,1.0,64.0,77.0,0.0,0.4999998750000312,0.0,7.0,2026-02-13,0
2026-02-13 17:34:46.733,2.0,1.0,0.0,4.0,3.0,5.0,1.0,1.0,64.0,69.0,0.1249999843750019,0.4999999375000079,0.1666666527777789,17.0,2026-02-13,0
2026-02-13 17:34:47.736,0.0,0.0,0.0,6.0,3.0,9.0,1.0,1.0,69.0,69.0,0.0,0.4999999583333368,0.0,20.0,2026-02-13,0
2026-02-13 17:34:48.742,0.0,1.0,0.0,2.0,1.0,1.0,1.0,1.0,54.0,67.0,0.499999750000125,0.99999950000025,0.0,7.0,2026-02-13,0
2026-02-13 17:34:49.746,0.0,0.0,0.0,3.0,3.0,4.0,1.0,0.0,60.0,67.0,0.0,0.4285713673469475,0.0,11.0,2026-02-13,0
2026-02-13 17:34:50.751,0.0,2.0,0.0,2.0,1.0,2.0,2.0,0.0,50.0,60.0,0.6666664444445185,0.6666664444445185,0.0,9.0,2026-02-13,0
2026-02-13 17:34:51.757,0.0,0.0,0.0,0.0,1.0,4.0,1.0,2.0,54.0,56.0,0.0,0.0,0.0,8.0,2026-02-13,0
2026-02-13 17:34:52.761,0.0,0.0,0.0,1.0,2.0,3.0,1.0,0.0,66.0,56.0,0.0,0.199999960000008,0.0,7.0,2026-02-13,0
2026-02-13 17:34:53.769,0.0,0.0,0.0,4.0,2.0,2.0,0.0,0.0,60.0,56.0,0.0,0.9999997500000624,0.0,8.0,2026-02-13,0
2026-02-13 17:34:54.773,1.0,1.0,0.0,1.0,5.0,8.0,1.0,2.0,75.0,53.0,0.0769230710059176,0.0769230710059176,0.0714285663265309,19.0,2026-02-13,0
2026-02-13 17:34:55.788,0.0,4.0,1.0,2.0,4.0,4.0,1.0,2.0,56.0,44.0,0.4999999375000079,0.3749999531250059,0.0,18.0,2026-02-13,0
2026-02-13 17:34:56.794,0.0,1.0,1.0,2.0,1.0,2.0,0.0,2.0,48.0,51.0,0.3333332222222592,0.9999996666667778,0.0,9.0,2026-02-13,0
2026-02-13 17:34:57.800,0.0,0.0,0.0,1.0,4.0,3.0,4.0,1.0,53.0,38.0,0.0,0.1428571224489825,0.0,13.0,2026-02-13,0
2026-02-13 17:34:58.809,0.0,0.0,0.0,1.0,2.0,4.0,1.0,1.0,53.0,48.0,0.0,0.1666666388888935,0.0,9.0,2026-02-13,0
2026-02-13 17:34:59.819,0.0,1.0,1.0,1.0,4.0,15.0,1.0,1.0,70.0,51.0,0.0526315761772854,0.1052631523545709,0.0,24.0,2026-02-13,0
2026-02-13 17:35:00.824,19.0,4.0,0.0,8.0,13.0,14.0,6.0,5.0,78.0,43.0,0.1481481426611799,0.2962962853223598,0.5428571273469392,69.0,2026-02-13,0
2026-02-13 17:35:01.831,0.0,0.0,0.0,1.0,1.0,3.0,1.0,1.0,80.0,54.0,0.0,0.2499999375000156,0.0,7.0,2026-02-13,0
2026-02-13 17:35:02.834,0.0,1.0,0.0,2.0,1.0,2.0,0.0,1.0,69.0,54.0,0.3333332222222592,0.6666664444445185,0.0,7.0,2026-02-13,0
2026-02-13 17:35:03.849,0.0,0.0,0.0,2.0,3.0,10.0,1.0,1.0,75.0,54.0,0.0,0.1538461420118352,0.0,17.0,2026-02-13,0
2026-02-13 17:35:04.854,0.0,0.0,1.0,1.0,1.0,3.0,1.0,1.0,75.0,63.0,0.0,0.4999998750000312,0.0,8.0,2026-02-13,0
2026-02-13 17:35:05.859,0.0,0.0,0.0,0.0,0.0,1.0,2.0,1.0,64.0,56.0,0.0,0.0,0.0,4.0,2026-02-13,0
2026-02-13 17:35:06.865,0.0,0.0,0.0,1.0,1.0,3.0,0.0,1.0,69.0,60.0,0.0,0.2499999375000156,0.0,6.0,2026-02-13,0
2026-02-13 17:35:07.866,0.0,2.0,0.0,3.0,2.0,5.0,1.0,0.0,53.0,57.0,0.285714244897965,0.4285713673469475,0.0,13.0,2026-02-13,0
2026-02-13 17:35:08.880,0.0,0.0,1.0,2.0,5.0,2.0,1.0,1.0,48.0,56.0,0.0,0.4285713673469475,0.0,12.0,2026-02-13,0
2026-02-13 17:35:09.895,0.0,1.0,0.0,1.0,2.0,3.0,0.0,1.0,54.0,53.0,0.199999960000008,0.199999960000008,0.0,8.0,2026-02-13,0
2026-02-13 17:35:10.900,0.0,0.0,0.0,1.0,13.0,4.0,1.0,0.0,60.0,40.0,0.0,0.0588235259515572,0.0,19.0,2026-02-13,0
2026-02-13 17:35:11.903,0.0,0.0,0.0,0.0,6.0,1.0,0.0,1.0,57.0,35.0,0.0,0.0,0.0,8.0,2026-02-13,0
2026-02-13 17:35:12.911,0.0,1.0,0.0,0.0,7.0,2.0,1.0,0.0,57.0,23.0,0.1111110987654334,0.0,0.0,11.0,2026-02-13,0
2026-02-13 17:35:13.919,0.0,1.0,3.0,5.0,7.0,8.0,0.0,0.0,54.0,37.0,0.0666666622222225,0.5333332977777802,0.0,24.0,2026-02-13,0
2026-02-13 17:35:14.926,0.0,0.0,1.0,4.0,7.0,3.0,0.0,0.0,47.0,50.0,0.0,0.499999950000005,0.0,15.0,2026-02-13,0
2026-02-13 17:35:15.929,2.0,2.0,2.0,3.0,19.0,9.0,1.0,2.0,50.0,56.0,0.0714285688775511,0.1785714221938777,0.0606060587695133,40.0,2026-02-13,0
2026-02-13 17:35:16.932,0.0,2.0,1.0,3.0,6.0,11.0,0.0,0.0,61.0,60.0,0.1176470519031145,0.2352941038062291,0.0,23.0,2026-02-13,0
2026-02-13 17:35:17.940,0.0,0.0,4.0,9.0,15.0,8.0,1.0,1.0,61.0,61.0,0.0,0.5652173667296797,0.0,38.0,2026-02-13,0
2026-02-13 17:35:18.949,0.0,0.0,2.0,1.0,6.0,5.0,0.0,1.0,63.0,60.0,0.0,0.2727272479338866,0.0,15.0,2026-02-13,0
2026-02-13 17:35:19.955,0.0,2.0,2.0,1.0,5.0,9.0,1.0,1.0,66.0,63.0,0.1428571326530619,0.2142856989795929,0.0,21.0,2026-02-13,0
2026-02-13 17:35:20.958,0.0,1.0,1.0,2.0,2.0,1.0,2.0,1.0,50.0,74.0,0.3333332222222592,0.9999996666667778,0.0,10.0,2026-02-13,0
2026-02-13 17:35:21.962,0.0,0.0,2.0,1.0,3.0,3.0,1.0,1.0,50.0,75.0,0.0,0.4999999166666805,0.0,11.0,2026-02-13,0
2026-02-13 17:35:22.963,0.0,0.0,3.0,3.0,2.0,7.0,1.0,1.0,51.0,81.0,0.0,0.6666665925926009,0.0,17.0,2026-02-13,0
2026-02-13 17:35:23.969,0.0,2.0,4.0,2.0,4.0,6.0,1.0,1.0,44.0,88.0,0.199999980000002,0.599999940000006,0.0,20.0,2026-02-13,0
2026-02-13 17:35:24.983,0.0,1.0,3.0,4.0,5.0,5.0,1.0,0.0,54.0,81.0,0.099999990000001,0.699999930000007,0.0,19.0,2026-02-13,0
2026-02-13 17:35:25.994,0.0,0.0,2.0,1.0,9.0,3.0,2.0,1.0,51.0,75.0,0.0,0.2499999791666684,0.0,18.0,2026-02-13,0
2026-02-13 17:35:27.004,0.0,3.0,3.0,0.0,4.0,6.0,1.0,1.0,50.0,69.0,0.299999970000003,0.299999970000003,0.0,18.0,2026-02-13,0
2026-02-13 17:35:28.008,0.0,2.0,0.0,1.0,9.0,5.0,0.0,1.0,44.0,53.0,0.1428571326530619,0.0714285663265309,0.0,18.0,2026-02-13,0
2026-02-13 17:35:29.016,0.0,2.0,3.0,5.0,11.0,3.0,1.0,3.0,40.0,48.0,0.1428571326530619,0.5714285306122479,0.0,28.0,2026-02-13,0
2026-02-13 17:35:30.031,4.0,0.0,0.0,0.0,0.0,0.0,0.0,0.0,35.0,37.0,0.0,0.0,4000000.0,4.0,2026-02-13,1
2026-02-13 17:35:31.045,0.0,1.0,2.0,1.0,2.0,3.0,1.0,0.0,35.0,43.0,0.199999960000008,0.599999880000024,0.0,10.0,2026-02-13,0
2026-02-13 17:35:32.049,0.0,1.0,0.0,2.0,6.0,1.0,2.0,0.0,29.0,56.0,0.1428571224489825,0.285714244897965,0.0,12.0,2026-02-13,0
2026-02-13 17:35:33.052,0.0,0.0,0.0,1.0,3.0,7.0,0.0,0.0,50.0,47.0,0.0,0.099999990000001,0.0,11.0,2026-02-13,0
2026-02-13 17:35:34.054,0.0,0.0,1.0,1.0,0.0,5.0,0.0,0.0,61.0,61.0,0.0,0.399999920000016,0.0,7.0,2026-02-13,0
2026-02-13 17:35:35.056,0.0,1.0,1.0,3.0,4.0,7.0,1.0,2.0,74.0,57.0,0.0909090826446288,0.3636363305785154,0.0,19.0,2026-02-13,0
2026-02-13 17:35:36.058,0.0,1.0,1.0,1.0,4.0,6.0,0.0,0.0,84.0,57.0,0.099999990000001,0.199999980000002,0.0,13.0,2026-02-13,0
2026-02-13 17:35:37.060,0.0,1.0,0.0,1.0,4.0,2.0,0.0,1.0,70.0,57.0,0.1666666388888935,0.1666666388888935,0.0,9.0,2026-02-13,0
2026-02-13 17:35:38.064,0.0,0.0,0.0,0.0,3.0,2.0,1.0,1.0,74.0,44.0,0.0,0.0,0.0,7.0,2026-02-13,0
2026-02-13 17:35:39.065,0.0,0.0,1.0,0.0,3.0,1.0,1.0,0.0,66.0,50.0,0.0,0.2499999375000156,0.0,6.0,2026-02-13,0
2026-02-13 17:35:40.080,1.0,1.0,0.0,1.0,1.0,4.0,1.0,1.0,63.0,50.0,0.199999960000008,0.199999960000008,0.1666666388888935,10.0,2026-02-13,0
2026-02-13 17:35:41.085,0.0,0.0,1.0,0.0,2.0,7.0,2.0,0.0,75.0,56.0,0.0,0.1111110987654334,0.0,12.0,2026-02-13,0
2026-02-13 17:35:42.099,0.0,1.0,1.0,1.0,0.0,1.0,0.0,1.0,56.0,64.0,0.999999000001,1.999998000002,0.0,5.0,2026-02-13,0
2026-02-13 17:35:43.114,0.0,0.0,2.0,2.0,3.0,2.0,4.0,0.0,50.0,69.0,0.0,0.799999840000032,0.0,13.0,2026-02-13,0
2026-02-13 17:35:44.129,0.0,0.0,0.0,0.0,3.0,2.0,0.0,1.0,50.0,66.0,0.0,0.0,0.0,6.0,2026-02-13,0
2026-02-13 17:35:45.131,0.0,0.0,1.0,1.0,0.0,3.0,1.0,1.0,44.0,77.0,0.0,0.6666664444445185,0.0,7.0,2026-02-13,0
2026-02-13 17:35:46.147,0.0,0.0,0.0,0.0,2.0,3.0,1.0,0.0,57.0,70.0,0.0,0.0,0.0,6.0,2026-02-13,0
2026-02-13 17:35:47.150,0.0,0.0,1.0,0.0,1.0,1.0,1.0,1.0,61.0,67.0,0.0,0.499999750000125,0.0,5.0,2026-02-13,0
2026-02-13 17:35:48.155,0.0,0.0,0.0,1.0,2.0,2.0,3.0,2.0,60.0,77.0,0.0,0.2499999375000156,0.0,10.0,2026-02-13,0
2026-02-13 17:35:49.160,0.0,1.0,1.0,3.0,2.0,3.0,3.0,2.0,54.0,75.0,0.199999960000008,0.799999840000032,0.0,15.0,2026-02-13,0
2026-02-13 17:35:50.166,0.0,1.0,0.0,0.0,0.0,3.0,0.0,1.0,56.0,54.0,0.3333332222222592,0.0,0.0,5.0,2026-02-13,0
2026-02-13 17:35:51.175,0.0,0.0,0.0,0.0,1.0,3.0,1.0,2.0,77.0,43.0,0.0,0.0,0.0,7.0,2026-02-13,0
2026-02-13 17:35:52.181,0.0,1.0,1.0,0.0,2.0,3.0,2.0,1.0,69.0,37.0,0.199999960000008,0.199999960000008,0.0,10.0,2026-02-13,0
2026-02-13 17:35:53.185,0.0,0.0,0.0,2.0,11.0,5.0,1.0,3.0,78.0,24.0,0.0,0.1249999921875004,0.0,22.0,2026-02-13,0
2026-02-13 17:35:54.189,14.0,2.0,1.0,1.0,1.0,1.0,0.0,0.0,56.0,44.0,0.99999950000025,0.99999950000025,3.4999991250002185,20.0,2026-02-13,0
2026-02-13 17:35:55.192,0.0,0.0,1.0,3.0,3.0,4.0,1.0,2.0,40.0,54.0,0.0,0.57142848979593,0.0,14.0,2026-02-13,0
2026-02-13 17:35:56.208,1.0,0.0,1.0,1.0,2.0,1.0,3.0,1.0,38.0,60.0,0.0,0.6666664444445185,0.199999960000008,10.0,2026-02-13,0
2026-02-13 17:35:57.209,6.0,8.0,2.0,1.0,2.0,3.0,2.0,4.0,16.0,53.0,1.599999680000064,0.599999880000024,0.7499999062500118,28.0,2026-02-13,1
2026-02-13 17:35:58.213,23.0,0.0,0.0,0.0,0.0,0.0,0.0,0.0,21.0,64.0,0.0,0.0,4279999.999999746,23.0,2026-02-13,1
2026-02-13 17:35:59.216,12.0,4.0,2.0,3.0,2.0,2.0,3.0,2.0,8.0,57.0,0.9999997500000624,1.249999687500078,1.3333331851852015,30.0,2026-02-13,1
2026-02-13 17:36:00.221,0.0,1.0,0.0,0.0,1.0,4.0,1.0,1.0,24.0,41.0,0.199999960000008,0.0,0.0,8.0,2026-02-13,0
2026-02-13 17:36:01.224,1.0,2.0,1.0,1.0,1.0,2.0,3.0,2.0,34.0,51.0,0.6666664444445185,0.6666664444445185,0.199999960000008,13.0,2026-02-13,0
2026-02-13 17:36:02.225,3.0,1.0,1.0,2.0,3.0,5.0,2.0,4.0,44.0,40.0,0.1249999843750019,0.3749999531250059,0.2727272479338866,21.0,2026-02-13,0
2026-02-13 17:36:03.233,0.0,0.0,1.0,1.0,1.0,3.0,2.0,1.0,60.0,48.0,0.0,0.4999998750000312,0.0,9.0,2026-02-13,0
2026-02-13 17:36:04.241,0.0,0.0,0.0,2.0,1.0,2.0,5.0,1.0,48.0,74.0,0.0,0.6666664444445185,0.0,11.0,2026-02-13,0
2026-02-13 17:36:05.249,0.0,1.0,1.0,3.0,1.0,4.0,1.0,0.0,51.0,83.0,0.199999960000008,0.799999840000032,0.0,11.0,2026-02-13,0
2026-02-13 17:36:06.251,0.0,1.0,0.0,1.0,4.0,2.0,2.0,0.0,47.0,81.0,0.1666666388888935,0.1666666388888935,0.0,10.0,2026-02-13,0
2026-02-13 17:36:07.265,0.0,0.0,1.0,1.0,0.0,4.0,3.0,1.0,48.0,75.0,0.0,0.4999998750000312,0.0,10.0,2026-02-13,0
2026-02-13 17:36:08.268,3.0,0.0,0.0,0.0,2.0,2.0,0.0,1.0,51.0,61.0,0.0,0.0,0.7499998125000469,8.0,2026-02-13,0
2026-02-13 17:36:09.272,0.0,1.0,0.0,0.0,0.0,1.0,1.0,1.0,50.0,43.0,0.999999000001,0.0,0.0,4.0,2026-02-13,0
2026-02-13 17:36:10.276,1.0,1.0,0.0,0.0,11.0,4.0,2.0,3.0,57.0,27.0,0.0666666622222225,0.0,0.0666666622222225,22.0,2026-02-13,0
2026-02-13 17:36:11.286,4.0,0.0,0.0,0.0,0.0,0.0,0.0,0.0,50.0,30.0,0.0,0.0,4000000.0,4.0,2026-02-13,0
2026-02-13 17:36:12.289,2.0,0.0,0.0,0.0,2.0,1.0,2.0,2.0,50.0,23.0,0.0,0.0,0.6666664444445185,9.0,2026-02-13,0
2026-02-13 17:36:13.297,4.0,1.0,1.0,0.0,4.0,4.0,5.0,1.0,56.0,27.0,0.1249999843750019,0.1249999843750019,0.4444443950617339,20.0,2026-02-13,0
2026-02-13 17:36:14.312,4.0,0.0,0.0,0.0,0.0,2.0,1.0,0.0,50.0,48.0,0.0,0.0,1.9999990000005,7.0,2026-02-13,0
2026-02-13 17:36:15.314,0.0,1.0,1.0,1.0,1.0,3.0,2.0,2.0,51.0,41.0,0.2499999375000156,0.4999998750000312,0.0,11.0,2026-02-13,0
2026-02-13 17:36:16.318,3.0,1.0,1.0,2.0,3.0,6.0,1.0,1.0,53.0,53.0,0.1111110987654334,0.3333332962963004,0.2499999791666684,18.0,2026-02-13,0
2026-02-13 17:36:17.322,0.0,1.0,1.0,0.0,1.0,3.0,5.0,1.0,47.0,57.0,0.2499999375000156,0.2499999375000156,0.0,12.0,2026-02-13,0
2026-02-13 17:36:18.326,2.0,1.0,2.0,0.0,1.0,3.0,1.0,1.0,47.0,61.0,0.2499999375000156,0.4999998750000312,0.333333277777787,11.0,2026-02-13,0
2026-02-13 17:36:19.328,2.0,0.0,0.0,2.0,1.0,3.0,0.0,2.0,54.0,66.0,0.0,0.4999998750000312,0.333333277777787,10.0,2026-02-13,0
2026-02-13 17:36:20.335,1.0,0.0,0.0,0.0,1.0,3.0,2.0,1.0,61.0,63.0,0.0,0.0,0.2499999375000156,8.0,2026-02-13,0
2026-02-13 17:36:21.347,5.0,1.0,0.0,2.0,3.0,5.0,1.0,4.0,69.0,61.0,0.1249999843750019,0.2499999687500039,0.499999950000005,21.0,2026-02-13,0
2026-02-13 17:36:22.355,4.0,1.0,1.0,0.0,2.0,6.0,2.0,2.0,77.0,53.0,0.1249999843750019,0.1249999843750019,0.4444443950617339,18.0,2026-02-13,0
2026-02-13 17:36:23.359,0.0,1.0,1.0,8.0,4.0,9.0,0.0,2.0,75.0,56.0,0.0769230710059176,0.6923076390532585,0.0,25.0,2026-02-13,0
2026-02-13 17:36:24.363,2.0,1.0,0.0,0.0,0.0,1.0,0.0,0.0,56.0,40.0,0.999999000001,0.0,1.999998000002,4.0,2026-02-13,0
2026-02-13 17:36:25.372,42.0,3.0,5.0,0.0,1.0,1.0,3.0,4.0,30.0,48.0,1.499999250000375,2.499998750000625,5.999999142857265,59.0,2026-02-13,1
2026-02-13 17:36:26.378,0.0,3.0,0.0,0.0,0.0,3.0,2.0,2.0,21.0,35.0,0.9999996666667778,0.0,0.0,10.0,2026-02-13,1
2026-02-13 17:36:27.381,3.0,2.0,1.0,1.0,2.0,2.0,2.0,1.0,11.0,26.0,0.4999998750000312,0.4999998750000312,0.4999999166666805,14.0,2026-02-13,0
2026-02-13 17:36:28.383,0.0,0.0,0.0,0.0,0.0,3.0,1.0,5.0,24.0,43.0,0.0,0.0,0.0,9.0,2026-02-13,0
2026-02-13 17:36:29.388,2.0,1.0,1.0,0.0,1.0,2.0,3.0,1.0,40.0,40.0,0.3333332222222592,0.3333332222222592,0.4999998750000312,11.0,2026-02-13,0
2026-02-13 17:36:30.395,4.0,2.0,0.0,1.0,2.0,1.0,2.0,1.0,37.0,48.0,0.6666664444445185,0.3333332222222592,0.9999997500000624,13.0,2026-02-13,0
2026-02-13 17:36:31.403,0.0,1.0,1.0,1.0,1.0,7.0,4.0,1.0,51.0,51.0,0.1249999843750019,0.2499999687500039,0.0,16.0,2026-02-13,0
2026-02-13 17:36:32.416,0.0,1.0,0.0,3.0,1.0,4.0,3.0,3.0,51.0,57.0,0.199999960000008,0.599999880000024,0.0,15.0,2026-02-13,0
2026-02-13 17:36:33.422,0.0,0.0,1.0,2.0,1.0,2.0,5.0,2.0,51.0,67.0,0.0,0.9999996666667778,0.0,13.0,2026-02-13,0
2026-02-13 17:36:34.431,0.0,1.0,1.0,0.0,0.0,5.0,3.0,1.0,66.0,75.0,0.199999960000008,0.199999960000008,0.0,11.0,2026-02-13,0
2026-02-13 17:36:35.432,3.0,0.0,0.0,4.0,9.0,3.0,2.0,1.0,60.0,77.0,0.0,0.3333333055555579,0.1874999882812507,22.0,2026-02-13,0
2026-02-13 17:36:36.447,0.0,0.0,0.0,1.0,3.0,5.0,2.0,3.0,66.0,64.0,0.0,0.1249999843750019,0.0,14.0,2026-02-13,0
2026-02-13 17:36:37.454,0.0,1.0,1.0,2.0,9.0,4.0,5.0,3.0,69.0,50.0,0.0769230710059176,0.2307692130177528,0.0,25.0,2026-02-13,0
2026-02-13 17:36:38.457,0.0,0.0,0.0,1.0,4.0,1.0,3.0,1.0,63.0,47.0,0.0,0.199999960000008,0.0,10.0,2026-02-13,0
2026-02-13 17:36:39.463,0.0,1.0,0.0,1.0,2.0,4.0,4.0,2.0,66.0,41.0,0.1666666388888935,0.1666666388888935,0.0,14.0,2026-02-13,0
2026-02-13 17:36:40.468,0.0,0.0,0.0,0.0,2.0,4.0,2.0,2.0,64.0,40.0,0.0,0.0,0.0,10.0,2026-02-13,0
2026-02-13 17:36:41.472,0.0,0.0,0.0,0.0,4.0,1.0,2.0,1.0,67.0,38.0,0.0,0.0,0.0,8.0,2026-02-13,0
2026-02-13 17:36:42.478,0.0,0.0,1.0,2.0,0.0,2.0,5.0,7.0,63.0,57.0,0.0,1.499999250000375,0.0,17.0,2026-02-13,0
2026-02-13 17:36:43.487,0.0,0.0,0.0,0.0,1.0,4.0,4.0,3.0,74.0,60.0,0.0,0.0,0.0,12.0,2026-02-13,0
2026-02-13 17:36:44.491,0.0,3.0,2.0,12.0,2.0,5.0,3.0,0.0,56.0,78.0,0.4285713673469475,1.999999714285755,0.0,27.0,2026-02-13,0
2026-02-13 17:36:45.497,0.0,0.0,2.0,2.0,0.0,2.0,6.0,3.0,47.0,91.0,0.0,1.9999990000005,0.0,15.0,2026-02-13,0
2026-02-13 17:36:46.500,0.0,0.0,3.0,2.0,2.0,3.0,1.0,2.0,48.0,90.0,0.0,0.99999980000004,0.0,13.0,2026-02-13,0
2026-02-13 17:36:47.502,0.0,0.0,1.0,1.0,1.0,6.0,2.0,3.0,43.0,97.0,0.0,0.285714244897965,0.0,14.0,2026-02-13,0
2026-02-13 17:36:48.517,0.0,0.0,0.0,0.0,0.0,4.0,3.0,2.0,60.0,84.0,0.0,0.0,0.0,9.0,2026-02-13,0
2026-02-13 17:36:49.517,0.0,0.0,0.0,0.0,1.0,4.0,3.0,2.0,75.0,64.0,0.0,0.0,0.0,10.0,2026-02-13,0
2026-02-13 17:36:50.524,0.0,1.0,0.0,0.0,7.0,2.0,4.0,4.0,78.0,37.0,0.1111110987654334,0.0,0.0,18.0,2026-02-13,0
2026-02-13 17:36:51.532,0.0,0.0,1.0,0.0,2.0,6.0,4.0,2.0,77.0,34.0,0.0,0.1249999843750019,0.0,15.0,2026-02-13,0
2026-02-13 17:36:52.539,0.0,1.0,1.0,0.0,4.0,5.0,6.0,14.0,75.0,29.0,0.1111110987654334,0.1111110987654334,0.0,31.0,2026-02-13,0
2026-02-13 17:36:53.545,0.0,3.0,1.0,2.0,2.0,9.0,2.0,5.0,69.0,35.0,0.2727272479338866,0.2727272479338866,0.0,24.0,2026-02-13,0
2026-02-13 17:36:54.549,9.0,4.0,1.0,2.0,5.0,3.0,2.0,3.0,60.0,38.0,0.4999999375000079,0.3749999531250059,0.8181817438016598,29.0,2026-02-13,0
2026-02-13 17:36:55.556,59.0,1.0,0.0,1.0,0.0,2.0,1.0,1.0,44.0,38.0,0.499999750000125,0.499999750000125,19.66666011111329,65.0,2026-02-13,0
2026-02-13 17:36:56.563,0.0,1.0,0.0,0.0,0.0,1.0,0.0,0.0,35.0,29.0,0.999999000001,0.0,0.0,2.0,2026-02-13,0
2026-02-13 17:36:57.569,13.0,1.0,0.0,2.0,2.0,0.0,1.0,0.0,13.0,38.0,0.499999750000125,0.99999950000025,3.2499991875002032,19.0,2026-02-13,1
2026-02-13 17:36:58.577,53.0,8.0,1.0,3.0,8.0,4.0,3.0,2.0,11.0,37.0,0.6666666111111158,0.3333333055555579,3.3124997929687625,82.0,2026-02-13,1
2026-02-13 17:36:59.579,2.0,0.0,0.0,3.0,1.0,4.0,3.0,2.0,24.0,43.0,0.0,0.599999880000024,0.2499999687500039,15.0,2026-02-13,0
2026-02-13 17:37:00.585,5.0,2.0,1.0,2.0,2.0,7.0,3.0,6.0,29.0,56.0,0.2222221975308669,0.3333332962963004,0.4166666319444473,28.0,2026-02-13,0
2026-02-13 17:37:01.591,3.0,1.0,1.0,1.0,1.0,6.0,7.0,5.0,54.0,51.0,0.1428571224489825,0.285714244897965,0.3333332962963004,25.0,2026-02-13,0
2026-02-13 17:37:02.594,4.0,3.0,1.0,2.0,3.0,6.0,4.0,0.0,63.0,57.0,0.3333332962963004,0.3333332962963004,0.3333333055555579,23.0,2026-02-13,0
2026-02-13 17:37:03.608,12.0,2.0,1.0,4.0,0.0,6.0,2.0,3.0,57.0,51.0,0.333333277777787,0.8333331944444675,1.0909089917355463,30.0,2026-02-13,0
2026-02-13 17:37:04.624,0.0,0.0,0.0,4.0,0.0,4.0,3.0,2.0,66.0,56.0,0.0,0.9999997500000624,0.0,13.0,2026-02-13,0
2026-02-13 17:37:05.627,0.0,2.0,5.0,4.0,4.0,7.0,1.0,0.0,64.0,67.0,0.1818181652892577,0.8181817438016598,0.0,23.0,2026-02-13,0
2026-02-13 17:37:06.633,0.0,1.0,1.0,1.0,3.0,4.0,1.0,2.0,64.0,69.0,0.1428571224489825,0.285714244897965,0.0,13.0,2026-02-13,0
2026-02-13 17:37:07.641,0.0,3.0,0.0,2.0,3.0,1.0,3.0,0.0,41.0,69.0,0.7499998125000469,0.4999998750000312,0.0,12.0,2026-02-13,0
2026-02-13 17:37:08.647,0.0,0.0,0.0,1.0,3.0,3.0,1.0,1.0,44.0,56.0,0.0,0.1666666388888935,0.0,9.0,2026-02-13,0
2026-02-13 17:37:09.651,0.0,0.0,1.0,1.0,0.0,1.0,0.0,1.0,40.0,56.0,0.0,1.999998000002,0.0,4.0,2026-02-13,0
2026-02-13 17:37:10.652,0.0,0.0,1.0,1.0,4.0,5.0,2.0,1.0,53.0,54.0,0.0,0.2222221975308669,0.0,14.0,2026-02-13,0
2026-02-13 17:37:11.654,1.0,0.0,2.0,1.0,2.0,1.0,0.0,1.0,56.0,77.0,0.0,0.9999996666667778,0.1666666388888935,8.0,2026-02-13,0
2026-02-13 17:37:12.659,0.0,0.0,2.0,1.0,5.0,4.0,1.0,1.0,51.0,83.0,0.0,0.3333332962963004,0.0,14.0,2026-02-13,0
2026-02-13 17:37:13.661,0.0,0.0,0.0,0.0,2.0,3.0,2.0,0.0,69.0,74.0,0.0,0.0,0.0,7.0,2026-02-13,0
2026-02-13 17:37:14.674,1.0,0.0,1.0,0.0,2.0,2.0,1.0,0.0,60.0,70.0,0.0,0.2499999375000156,0.199999960000008,7.0,2026-02-13,0
2026-02-13 17:37:15.682,0.0,0.0,1.0,7.0,17.0,5.0,1.0,0.0,66.0,61.0,0.0,0.3636363471074387,0.0,31.0,2026-02-13,0
2026-02-13 17:37:16.686,0.0,0.0,0.0,2.0,2.0,3.0,1.0,1.0,66.0,60.0,0.0,0.399999920000016,0.0,9.0,2026-02-13,0
2026-02-13 17:37:17.689,0.0,1.0,1.0,1.0,16.0,11.0,0.0,0.0,66.0,53.0,0.0370370356652949,0.0740740713305899,0.0,30.0,2026-02-13,0
2026-02-13 17:37:18.691,0.0,0.0,1.0,1.0,1.0,7.0,1.0,1.0,74.0,53.0,0.0,0.2499999687500039,0.0,12.0,2026-02-13,0
2026-02-13 17:37:19.698,0.0,1.0,1.0,1.0,4.0,6.0,1.0,2.0,81.0,47.0,0.099999990000001,0.199999980000002,0.0,16.0,2026-02-13,0
2026-02-13 17:37:20.701,0.0,0.0,1.0,1.0,2.0,4.0,0.0,0.0,84.0,54.0,0.0,0.333333277777787,0.0,8.0,2026-02-13,0
2026-02-13 17:37:21.702,0.0,0.0,0.0,0.0,1.0,1.0,1.0,1.0,70.0,60.0,0.0,0.0,0.0,4.0,2026-02-13,0
2026-02-13 17:37:22.705,0.0,0.0,1.0,0.0,1.0,5.0,2.0,2.0,69.0,63.0,0.0,0.1666666388888935,0.0,11.0,2026-02-13,0
2026-02-13 17:37:23.720,0.0,0.0,1.0,0.0,2.0,7.0,2.0,1.0,77.0,64.0,0.0,0.1111110987654334,0.0,13.0,2026-02-13,0
2026-02-13 17:37:24.733,0.0,0.0,1.0,1.0,1.0,3.0,0.0,1.0,74.0,63.0,0.0,0.4999998750000312,0.0,7.0,2026-02-13,0
2026-02-13 17:37:25.737,0.0,0.0,0.0,0.0,3.0,2.0,1.0,0.0,84.0,64.0,0.0,0.0,0.0,6.0,2026-02-13,0
2026-02-13 17:37:26.741,0.0,0.0,1.0,1.0,1.0,2.0,3.0,0.0,74.0,69.0,0.0,0.6666664444445185,0.0,8.0,2026-02-13,0
2026-02-13 17:37:27.749,0.0,0.0,0.0,2.0,0.0,3.0,1.0,2.0,63.0,80.0,0.0,0.6666664444445185,0.0,8.0,2026-02-13,0
2026-02-13 17:37:28.750,0.0,0.0,0.0,2.0,5.0,6.0,1.0,1.0,74.0,70.0,0.0,0.1818181652892577,0.0,15.0,2026-02-13,0
2026-02-13 17:37:29.755,0.0,0.0,1.0,1.0,1.0,1.0,1.0,0.0,57.0,80.0,0.0,0.99999950000025,0.0,5.0,2026-02-13,0
2026-02-13 17:37:30.759,0.0,0.0,2.0,0.0,3.0,3.0,1.0,4.0,63.0,75.0,0.0,0.333333277777787,0.0,13.0,2026-02-13,0
2026-02-13 17:37:31.761,0.0,0.0,1.0,1.0,2.0,4.0,0.0,1.0,64.0,67.0,0.0,0.333333277777787,0.0,9.0,2026-02-13,0
2026-02-13 17:37:32.769,0.0,0.0,1.0,1.0,1.0,2.0,1.0,2.0,50.0,77.0,0.0,0.6666664444445185,0.0,8.0,2026-02-13,0
2026-02-13 17:37:33.774,0.0,0.0,1.0,1.0,3.0,7.0,2.0,0.0,63.0,74.0,0.0,0.199999980000002,0.0,14.0,2026-02-13,0
2026-02-13 17:37:34.781,0.0,0.0,0.0,0.0,1.0,3.0,0.0,0.0,67.0,69.0,0.0,0.0,0.0,4.0,2026-02-13,0
2026-02-13 17:37:35.784,0.0,1.0,0.0,2.0,2.0,3.0,0.0,1.0,63.0,64.0,0.199999960000008,0.399999920000016,0.0,9.0,2026-02-13,0
2026-02-13 17:37:36.791,0.0,1.0,2.0,1.0,1.0,2.0,2.0,0.0,60.0,66.0,0.3333332222222592,0.9999996666667778,0.0,9.0,2026-02-13,0
2026-02-13 17:37:37.799,0.0,0.0,0.0,2.0,0.0,5.0,2.0,1.0,60.0,66.0,0.0,0.399999920000016,0.0,10.0,2026-02-13,0
2026-02-13 17:37:38.807,0.0,1.0,0.0,0.0,3.0,6.0,0.0,1.0,64.0,56.0,0.1111110987654334,0.0,0.0,11.0,2026-02-13,0
2026-02-13 17:37:39.812,0.0,0.0,0.0,2.0,1.0,1.0,1.0,1.0,66.0,69.0,0.0,0.99999950000025,0.0,6.0,2026-02-13,0
2026-02-13 17:37:40.815,0.0,1.0,1.0,1.0,1.0,3.0,0.0,1.0,70.0,61.0,0.2499999375000156,0.4999998750000312,0.0,8.0,2026-02-13,0
2026-02-13 17:37:41.822,0.0,0.0,0.0,3.0,1.0,2.0,1.0,1.0,64.0,69.0,0.0,0.9999996666667778,0.0,8.0,2026-02-13,0
2026-02-13 17:37:42.827,0.0,0.0,0.0,0.0,1.0,6.0,2.0,0.0,75.0,67.0,0.0,0.0,0.0,9.0,2026-02-13,0
2026-02-13 17:37:43.841,0.0,1.0,0.0,3.0,1.0,2.0,2.0,1.0,67.0,57.0,0.3333332222222592,0.9999996666667778,0.0,10.0,2026-02-13,0
2026-02-13 17:37:44.844,0.0,0.0,0.0,2.0,1.0,2.0,3.0,1.0,67.0,63.0,0.0,0.6666664444445185,0.0,9.0,2026-02-13,0
2026-02-13 17:37:45.844,0.0,0.0,0.0,0.0,3.0,3.0,2.0,3.0,78.0,41.0,0.0,0.0,0.0,11.0,2026-02-13,0
2026-02-13 17:37:46.849,0.0,1.0,0.0,1.0,3.0,6.0,1.0,1.0,64.0,48.0,0.1111110987654334,0.1111110987654334,0.0,13.0,2026-02-13,0
2026-02-13 17:37:47.855,0.0,0.0,0.0,0.0,0.0,3.0,1.0,1.0,77.0,41.0,0.0,0.0,0.0,5.0,2026-02-13,0
2026-02-13 17:37:48.862,0.0,1.0,0.0,1.0,5.0,2.0,2.0,1.0,74.0,29.0,0.1428571224489825,0.1428571224489825,0.0,12.0,2026-02-13,0
2026-02-13 17:37:49.864,0.0,0.0,0.0,1.0,2.0,4.0,1.0,0.0,66.0,43.0,0.0,0.1666666388888935,0.0,8.0,2026-02-13,0
2026-02-13 17:37:50.869,0.0,0.0,0.0,1.0,3.0,2.0,1.0,1.0,64.0,43.0,0.0,0.199999960000008,0.0,8.0,2026-02-13,0
2026-02-13 17:37:51.879,0.0,0.0,0.0,1.0,0.0,4.0,2.0,1.0,67.0,44.0,0.0,0.2499999375000156,0.0,8.0,2026-02-13,0
2026-02-13 17:37:52.883,0.0,1.0,0.0,1.0,2.0,2.0,1.0,2.0,75.0,47.0,0.2499999375000156,0.2499999375000156,0.0,9.0,2026-02-13,0
2026-02-13 17:37:53.886,0.0,0.0,0.0,0.0,3.0,3.0,2.0,1.0,77.0,30.0,0.0,0.0,0.0,9.0,2026-02-13,0
2026-02-13 17:37:54.894,0.0,0.0,0.0,2.0,2.0,2.0,3.0,0.0,78.0,47.0,0.0,0.4999998750000312,0.0,9.0,2026-02-13,0
2026-02-13 17:37:55.909,0.0,0.0,1.0,1.0,1.0,6.0,2.0,2.0,75.0,48.0,0.0,0.285714244897965,0.0,13.0,2026-02-13,0
2026-02-13 17:37:56.913,0.0,0.0,1.0,0.0,0.0,3.0,1.0,1.0,75.0,63.0,0.0,0.3333332222222592,0.0,6.0,2026-02-13,0
2026-02-13 17:37:57.914,0.0,0.0,0.0,1.0,2.0,2.0,1.0,1.0,75.0,70.0,0.0,0.2499999375000156,0.0,7.0,2026-02-13,0
2026-02-13 17:37:58.918,1.0,0.0,0.0,0.0,1.0,3.0,1.0,3.0,78.0,64.0,0.0,0.0,0.2499999375000156,9.0,2026-02-13,0
2026-02-13 17:37:59.929,0.0,0.0,0.0,0.0,1.0,5.0,1.0,1.0,78.0,57.0,0.0,0.0,0.0,8.0,2026-02-13,0
2026-02-13 17:38:00.935,0.0,0.0,0.0,1.0,2.0,2.0,1.0,1.0,83.0,50.0,0.0,0.2499999375000156,0.0,7.0,2026-02-13,0
2026-02-13 17:38:01.950,0.0,0.0,1.0,0.0,1.0,3.0,1.0,1.0,81.0,51.0,0.0,0.2499999375000156,0.0,7.0,2026-02-13,0
2026-02-13 17:38:02.951,0.0,0.0,0.0,2.0,0.0,3.0,1.0,2.0,77.0,61.0,0.0,0.6666664444445185,0.0,8.0,2026-02-13,0
2026-02-13 17:38:03.958,0.0,0.0,1.0,0.0,2.0,2.0,1.0,2.0,66.0,74.0,0.0,0.2499999375000156,0.0,8.0,2026-02-13,0
2026-02-13 17:38:04.974,0.0,0.0,2.0,1.0,2.0,8.0,2.0,1.0,69.0,78.0,0.0,0.299999970000003,0.0,16.0,2026-02-13,0
2026-02-13 17:38:05.977,0.0,1.0,0.0,0.0,2.0,2.0,2.0,1.0,64.0,70.0,0.2499999375000156,0.0,0.0,8.0,2026-02-13,0
2026-02-13 17:38:06.981,0.0,0.0,1.0,0.0,2.0,6.0,1.0,1.0,74.0,63.0,0.0,0.1249999843750019,0.0,11.0,2026-02-13,0
2026-02-13 17:38:07.984,0.0,1.0,0.0,0.0,1.0,3.0,1.0,1.0,74.0,41.0,0.2499999375000156,0.0,0.0,7.0,2026-02-13,0
2026-02-13 17:38:08.992,0.0,0.0,0.0,2.0,1.0,4.0,0.0,0.0,66.0,40.0,0.0,0.399999920000016,0.0,7.0,2026-02-13,0
2026-02-13 17:38:09.996,0.0,0.0,0.0,1.0,0.0,2.0,0.0,1.0,66.0,51.0,0.0,0.499999750000125,0.0,4.0,2026-02-13,0
2026-02-13 17:38:10.998,0.0,0.0,1.0,0.0,1.0,1.0,2.0,1.0,50.0,61.0,0.0,0.499999750000125,0.0,6.0,2026-02-13,0
2026-02-13 17:38:12.007,0.0,0.0,2.0,1.0,1.0,3.0,1.0,1.0,51.0,87.0,0.0,0.7499998125000469,0.0,9.0,2026-02-13,0
2026-02-13 17:38:13.022,0.0,0.0,0.0,3.0,3.0,13.0,1.0,2.0,61.0,87.0,0.0,0.1874999882812507,0.0,22.0,2026-02-13,0
2026-02-13 17:38:14.025,0.0,1.0,2.0,5.0,7.0,3.0,3.0,1.0,51.0,90.0,0.099999990000001,0.699999930000007,0.0,22.0,2026-02-13,0
2026-02-13 17:38:15.030,0.0,1.0,1.0,2.0,3.0,4.0,2.0,0.0,56.0,83.0,0.1428571224489825,0.4285713673469475,0.0,13.0,2026-02-13,0
2026-02-13 17:38:16.037,0.0,1.0,1.0,2.0,9.0,4.0,2.0,0.0,56.0,67.0,0.0769230710059176,0.2307692130177528,0.0,19.0,2026-02-13,0
2026-02-13 17:38:17.041,0.0,0.0,0.0,1.0,2.0,1.0,0.0,1.0,38.0,64.0,0.0,0.3333332222222592,0.0,5.0,2026-02-13,0
2026-02-13 17:38:18.045,0.0,0.0,0.0,0.0,0.0,2.0,1.0,1.0,51.0,63.0,0.0,0.0,0.0,4.0,2026-02-13,0
2026-02-13 17:38:19.055,0.0,0.0,0.0,3.0,0.0,3.0,0.0,1.0,57.0,67.0,0.0,0.9999996666667778,0.0,7.0,2026-02-13,0
2026-02-13 17:38:20.057,0.0,0.0,0.0,1.0,0.0,1.0,3.0,1.0,48.0,77.0,0.0,0.999999000001,0.0,6.0,2026-02-13,0
2026-02-13 17:38:21.072,0.0,0.0,0.0,0.0,3.0,0.0,2.0,0.0,47.0,70.0,0.0,0.0,0.0,5.0,2026-02-13,0
2026-02-13 17:38:22.077,0.0,2.0,1.0,0.0,2.0,3.0,0.0,1.0,37.0,64.0,0.399999920000016,0.199999960000008,0.0,9.0,2026-02-13,0
2026-02-13 17:38:23.089,0.0,1.0,0.0,1.0,1.0,1.0,1.0,2.0,27.0,54.0,0.499999750000125,0.499999750000125,0.0,7.0,2026-02-13,0
2026-02-13 17:38:24.103,0.0,1.0,0.0,0.0,1.0,1.0,1.0,1.0,37.0,35.0,0.499999750000125,0.0,0.0,5.0,2026-02-13,0
2026-02-13 17:38:25.112,0.0,0.0,0.0,0.0,0.0,2.0,0.0,1.0,56.0,37.0,0.0,0.0,0.0,3.0,2026-02-13,0
2026-02-13 17:38:26.120,0.0,0.0,0.0,0.0,0.0,2.0,2.0,0.0,63.0,34.0,0.0,0.0,0.0,4.0,2026-02-13,0
2026-02-13 17:38:27.135,0.0,0.0,0.0,0.0,2.0,1.0,2.0,0.0,66.0,34.0,0.0,0.0,0.0,5.0,2026-02-13,0
2026-02-13 17:38:28.144,0.0,0.0,0.0,2.0,1.0,2.0,1.0,2.0,67.0,51.0,0.0,0.6666664444445185,0.0,8.0,2026-02-13,0
2026-02-13 17:38:29.156,0.0,2.0,0.0,1.0,1.0,3.0,0.0,0.0,51.0,47.0,0.4999998750000312,0.2499999375000156,0.0,7.0,2026-02-13,0
2026-02-13 17:38:30.165,0.0,0.0,1.0,3.0,1.0,1.0,2.0,0.0,41.0,67.0,0.0,1.9999990000005,0.0,8.0,2026-02-13,0
2026-02-13 17:38:31.168,0.0,1.0,1.0,0.0,1.0,4.0,1.0,0.0,47.0,69.0,0.199999960000008,0.199999960000008,0.0,8.0,2026-02-13,0
2026-02-13 17:38:32.178,0.0,0.0,1.0,1.0,0.0,3.0,3.0,1.0,44.0,70.0,0.0,0.6666664444445185,0.0,9.0,2026-02-13,0
2026-02-13 17:38:33.192,0.0,0.0,0.0,0.0,1.0,3.0,1.0,0.0,56.0,70.0,0.0,0.0,0.0,5.0,2026-02-13,0
2026-02-13 17:38:34.205,0.0,1.0,0.0,2.0,1.0,8.0,0.0,1.0,74.0,51.0,0.1111110987654334,0.2222221975308669,0.0,13.0,2026-02-13,0
2026-02-13 17:38:35.220,0.0,1.0,4.0,6.0,9.0,2.0,0.0,0.0,60.0,51.0,0.0909090826446288,0.9090908264462886,0.0,22.0,2026-02-13,0
2026-02-13 17:38:36.231,0.0,0.0,0.0,3.0,2.0,4.0,2.0,1.0,57.0,63.0,0.0,0.4999999166666805,0.0,12.0,2026-02-13,0
2026-02-13 17:38:37.243,0.0,0.0,0.0,0.0,0.0,1.0,1.0,1.0,40.0,66.0,0.0,0.0,0.0,3.0,2026-02-13,0
2026-02-13 17:38:38.255,0.0,1.0,3.0,3.0,1.0,3.0,0.0,1.0,27.0,80.0,0.2499999375000156,1.4999996250000938,0.0,12.0,2026-02-13,1
2026-02-13 17:38:39.256,0.0,1.0,1.0,0.0,5.0,12.0,1.0,0.0,54.0,63.0,0.0588235259515572,0.0588235259515572,0.0,20.0,2026-02-13,0
2026-02-13 17:38:40.264,0.0,1.0,1.0,0.0,5.0,12.0,1.0,0.0,54.0,63.0,0.0588235259515572,0.0588235259515572,0.0,20.0,2026-02-13,0
2026-02-13 17:38:41.275,0.0,0.0,2.0,2.0,0.0,1.0,1.0,1.0,35.0,74.0,0.0,3.999996000004,0.0,7.0,2026-02-13,1
2026-02-13 17:38:42.287,0.0,1.0,2.0,5.0,9.0,3.0,1.0,0.0,57.0,61.0,0.0833333263888894,0.5833332847222263,0.0,21.0,2026-02-13,0
2026-02-13 17:38:43.302,0.0,1.0,4.0,2.0,3.0,3.0,2.0,1.0,35.0,80.0,0.1666666388888935,0.9999998333333612,0.0,16.0,2026-02-13,0
2026-02-13 17:38:44.315,0.0,1.0,1.0,2.0,4.0,4.0,1.0,0.0,50.0,63.0,0.1249999843750019,0.3749999531250059,0.0,13.0,2026-02-13,0
2026-02-13 17:38:45.326,0.0,0.0,0.0,3.0,1.0,3.0,0.0,2.0,40.0,81.0,0.0,0.7499998125000469,0.0,9.0,2026-02-13,0
2026-02-13 17:38:46.334,0.0,0.0,1.0,1.0,3.0,2.0,2.0,0.0,47.0,78.0,0.0,0.399999920000016,0.0,9.0,2026-02-13,0
2026-02-13 17:38:47.347,0.0,0.0,1.0,0.0,1.0,2.0,2.0,1.0,56.0,74.0,0.0,0.3333332222222592,0.0,7.0,2026-02-13,0
2026-02-13 17:38:48.360,0.0,1.0,1.0,0.0,1.0,1.0,1.0,0.0,47.0,75.0,0.499999750000125,0.499999750000125,0.0,5.0,2026-02-13,0
2026-02-13 17:38:49.374,0.0,0.0,0.0,0.0,0.0,1.0,1.0,1.0,43.0,67.0,0.0,0.0,0.0,3.0,2026-02-13,0
2026-02-13 17:38:50.389,0.0,0.0,0.0,1.0,1.0,1.0,1.0,1.0,43.0,66.0,0.0,0.499999750000125,0.0,5.0,2026-02-13,0
2026-02-13 17:38:51.401,0.0,1.0,0.0,0.0,0.0,2.0,2.0,2.0,37.0,60.0,0.499999750000125,0.0,0.0,7.0,2026-02-13,0
2026-02-13 17:38:52.415,0.0,1.0,0.0,0.0,0.0,2.0,2.0,2.0,37.0,60.0,0.499999750000125,0.0,0.0,7.0,2026-02-13,0
2026-02-13 17:38:53.421,0.0,1.0,0.0,0.0,0.0,1.0,3.0,2.0,43.0,54.0,0.999999000001,0.0,0.0,7.0,2026-02-13,0
2026-02-13 17:38:54.434,0.0,0.0,1.0,2.0,2.0,10.0,1.0,2.0,54.0,56.0,0.0,0.2499999791666684,0.0,18.0,2026-02-13,0
2026-02-13 17:38:55.449,0.0,0.0,0.0,1.0,1.0,3.0,1.0,1.0,67.0,57.0,0.0,0.2499999375000156,0.0,7.0,2026-02-13,0
2026-02-13 17:38:56.463,0.0,0.0,0.0,1.0,5.0,7.0,1.0,0.0,78.0,50.0,0.0,0.0833333263888894,0.0,14.0,2026-02-13,0
2026-02-13 17:38:57.479,0.0,0.0,0.0,2.0,1.0,1.0,1.0,1.0,77.0,61.0,0.0,0.99999950000025,0.0,6.0,2026-02-13,0
2026-02-13 17:38:58.491,0.0,1.0,0.0,0.0,2.0,5.0,0.0,1.0,70.0,44.0,0.1428571224489825,0.0,0.0,9.0,2026-02-13,0
2026-02-13 17:38:59.497,1.0,1.0,0.0,1.0,2.0,3.0,0.0,1.0,63.0,44.0,0.199999960000008,0.199999960000008,0.1666666388888935,9.0,2026-02-13,0
2026-02-13 17:39:00.510,0.0,0.0,0.0,0.0,1.0,4.0,0.0,1.0,57.0,47.0,0.0,0.0,0.0,6.0,2026-02-13,0
2026-02-13 17:39:01.522,0.0,1.0,0.0,0.0,2.0,2.0,1.0,0.0,61.0,27.0,0.2499999375000156,0.0,0.0,6.0,2026-02-13,0
2026-02-13 17:39:02.535,0.0,0.0,1.0,1.0,1.0,2.0,1.0,0.0,53.0,53.0,0.0,0.6666664444445185,0.0,6.0,2026-02-13,0
2026-02-13 17:39:03.546,0.0,1.0,0.0,1.0,1.0,2.0,0.0,0.0,53.0,48.0,0.3333332222222592,0.3333332222222592,0.0,5.0,2026-02-13,0
2026-02-13 17:39:04.559,0.0,1.0,0.0,15.0,8.0,3.0,0.0,1.0,30.0,63.0,0.0909090826446288,1.3636362396694328,0.0,28.0,2026-02-13,0
2026-02-13 17:39:05.571,0.0,1.0,1.0,19.0,8.0,4.0,0.0,0.0,23.0,88.0,0.0833333263888894,1.6666665277777897,0.0,33.0,2026-02-13,0
2026-02-13 17:39:06.582,2.0,0.0,1.0,0.0,2.0,3.0,0.0,0.0,23.0,81.0,0.0,0.199999960000008,0.333333277777787,8.0,2026-02-13,0
2026-02-13 17:39:07.589,0.0,0.0,2.0,5.0,3.0,1.0,1.0,1.0,14.0,100.0,0.0,1.7499995625001092,0.0,13.0,2026-02-13,1
2026-02-13 17:39:08.604,0.0,1.0,0.0,1.0,3.0,6.0,1.0,1.0,34.0,84.0,0.1111110987654334,0.1111110987654334,0.0,13.0,2026-02-13,0
2026-02-13 17:39:09.617,0.0,0.0,0.0,3.0,3.0,1.0,1.0,0.0,37.0,77.0,0.0,0.7499998125000469,0.0,8.0,2026-02-13,0
2026-02-13 17:39:10.631,0.0,1.0,0.0,0.0,2.0,3.0,3.0,3.0,38.0,57.0,0.199999960000008,0.0,0.0,12.0,2026-02-13,0
2026-02-13 17:39:11.639,0.0,0.0,0.0,3.0,1.0,1.0,0.0,1.0,41.0,51.0,0.0,1.499999250000375,0.0,6.0,2026-02-13,0
2026-02-13 17:39:12.641,0.0,0.0,0.0,0.0,1.0,2.0,1.0,1.0,40.0,54.0,0.0,0.0,0.0,5.0,2026-02-13,0
2026-02-13 17:39:13.654,0.0,0.0,1.0,0.0,1.0,1.0,2.0,0.0,41.0,54.0,0.0,0.499999750000125,0.0,5.0,2026-02-13,0
2026-02-13 17:39:14.666,0.0,0.0,5.0,0.0,1.0,2.0,0.0,2.0,34.0,87.0,0.0,1.666666111111296,0.0,10.0,2026-02-13,1
2026-02-13 17:39:15.677,0.0,0.0,0.0,0.0,0.0,1.0,2.0,1.0,35.0,80.0,0.0,0.0,0.0,4.0,2026-02-13,1
2026-02-13 17:39:16.680,0.0,0.0,1.0,0.0,2.0,4.0,4.0,1.0,35.0,84.0,0.0,0.1666666388888935,0.0,12.0,2026-02-13,0
2026-02-13 17:39:17.688,0.0,0.0,0.0,1.0,1.0,1.0,1.0,1.0,37.0,83.0,0.0,0.499999750000125,0.0,5.0,2026-02-13,0
2026-02-13 17:39:18.700,0.0,1.0,0.0,2.0,6.0,2.0,1.0,0.0,38.0,64.0,0.1249999843750019,0.2499999687500039,0.0,12.0,2026-02-13,0
2026-02-13 17:39:19.711,0.0,3.0,2.0,10.0,13.0,11.0,1.0,1.0,43.0,64.0,0.1249999947916668,0.4999999791666675,0.0,41.0,2026-02-13,0
2026-02-13 17:39:20.718,1.0,3.0,0.0,9.0,20.0,30.0,2.0,2.0,51.0,56.0,0.0599999988,0.1799999964,0.0169491522550991,67.0,2026-02-13,0
2026-02-13 17:39:21.723,25.0,3.0,3.0,9.0,12.0,10.0,1.0,1.0,53.0,54.0,0.1363636301652895,0.5454545206611581,0.7352940960207619,64.0,2026-02-13,0
2026-02-13 17:39:22.732,0.0,2.0,1.0,1.0,4.0,5.0,0.0,1.0,60.0,54.0,0.2222221975308669,0.2222221975308669,0.0,14.0,2026-02-13,0
2026-02-13 17:39:23.743,1.0,0.0,4.0,5.0,3.0,6.0,1.0,1.0,60.0,67.0,0.0,0.9999998888889012,0.0555555524691359,21.0,2026-02-13,0
2026-02-13 17:39:24.749,0.0,1.0,8.0,1.0,4.0,3.0,0.0,0.0,37.0,87.0,0.1428571224489825,1.2857141020408425,0.0,17.0,2026-02-13,0
2026-02-13 17:39:25.752,0.0,0.0,4.0,0.0,5.0,3.0,1.0,1.0,35.0,91.0,0.0,0.4999999375000079,0.0,14.0,2026-02-13,0
2026-02-13 17:39:26.762,0.0,2.0,2.0,2.0,5.0,3.0,1.0,0.0,27.0,96.0,0.2499999687500039,0.4999999375000079,0.0,15.0,2026-02-13,0
2026-02-13 17:39:27.775,0.0,0.0,1.0,0.0,1.0,7.0,2.0,2.0,47.0,81.0,0.0,0.1249999843750019,0.0,13.0,2026-02-13,0
2026-02-13 17:39:28.786,1.0,1.0,0.0,0.0,0.0,1.0,1.0,1.0,53.0,61.0,0.999999000001,0.0,0.999999000001,5.0,2026-02-13,0
2026-02-13 17:39:29.795,0.0,0.0,0.0,0.0,2.0,2.0,1.0,0.0,64.0,47.0,0.0,0.0,0.0,5.0,2026-02-13,0
2026-02-13 17:39:30.809,0.0,1.0,0.0,0.0,2.0,2.0,0.0,1.0,66.0,40.0,0.2499999375000156,0.0,0.0,6.0,2026-02-13,0
2026-02-13 17:39:31.819,0.0,0.0,0.0,0.0,0.0,0.0,0.0,0.0,43.0,40.0,0.0,0.0,0.0,0.0,2026-02-13,0
2026-02-13 17:39:32.834,0.0,1.0,0.0,1.0,1.0,1.0,2.0,0.0,44.0,40.0,0.499999750000125,0.499999750000125,0.0,6.0,2026-02-13,0
2026-02-13 17:39:33.846,0.0,2.0,0.0,0.0,2.0,2.0,0.0,0.0,30.0,40.0,0.4999998750000312,0.0,0.0,6.0,2026-02-13,0
2026-02-13 17:39:34.860,0.0,0.0,0.0,1.0,1.0,3.0,0.0,1.0,37.0,47.0,0.0,0.2499999375000156,0.0,6.0,2026-02-13,0
2026-02-13 17:39:35.872,0.0,1.0,0.0,0.0,1.0,6.0,0.0,1.0,51.0,41.0,0.1428571224489825,0.0,0.0,9.0,2026-02-13,0
2026-02-13 17:39:36.880,0.0,0.0,1.0,3.0,16.0,2.0,1.0,0.0,50.0,47.0,0.0,0.2222222098765439,0.0,23.0,2026-02-13,0
2026-02-13 17:39:37.894,0.0,0.0,0.0,2.0,15.0,7.0,1.0,1.0,69.0,43.0,0.0,0.0909090867768596,0.0,26.0,2026-02-13,0
2026-02-13 17:39:38.909,1.0,3.0,0.0,0.0,1.0,2.0,1.0,0.0,60.0,34.0,0.9999996666667778,0.0,0.3333332222222592,8.0,2026-02-13,0
2026-02-13 17:39:39.922,0.0,0.0,3.0,0.0,1.0,1.0,0.0,0.0,43.0,51.0,0.0,1.499999250000375,0.0,5.0,2026-02-13,0
2026-02-13 17:39:40.935,0.0,0.0,1.0,1.0,1.0,2.0,0.0,1.0,43.0,63.0,0.0,0.6666664444445185,0.0,6.0,2026-02-13,0
2026-02-13 17:39:41.949,0.0,0.0,1.0,0.0,0.0,2.0,3.0,1.0,29.0,83.0,0.0,0.499999750000125,0.0,7.0,2026-02-13,1
2026-02-13 17:39:42.962,0.0,0.0,0.0,1.0,2.0,1.0,2.0,0.0,40.0,91.0,0.0,0.3333332222222592,0.0,6.0,2026-02-13,0
2026-02-13 17:39:43.975,0.0,1.0,0.0,0.0,0.0,1.0,1.0,0.0,41.0,61.0,0.999999000001,0.0,0.0,3.0,2026-02-13,0
2026-02-13 17:39:44.987,0.0,1.0,2.0,1.0,0.0,1.0,1.0,1.0,35.0,61.0,0.999999000001,2.9999970000030003,0.0,7.0,2026-02-13,0
2026-02-13 17:39:46.003,0.0,1.0,1.0,1.0,2.0,4.0,1.0,1.0,34.0,64.0,0.1666666388888935,0.333333277777787,0.0,11.0,2026-02-13,0
2026-02-13 17:39:47.016,0.0,1.0,0.0,2.0,3.0,3.0,2.0,0.0,37.0,66.0,0.1666666388888935,0.333333277777787,0.0,11.0,2026-02-13,0
2026-02-13 17:39:48.025,0.0,0.0,0.0,5.0,3.0,3.0,1.0,1.0,38.0,83.0,0.0,0.8333331944444675,0.0,13.0,2026-02-13,0
2026-02-13 17:39:49.030,0.0,0.0,1.0,6.0,13.0,17.0,1.0,1.0,60.0,70.0,0.0,0.2333333255555558,0.0,39.0,2026-02-13,0
2026-02-13 17:39:50.040,0.0,0.0,0.0,1.0,4.0,2.0,0.0,0.0,60.0,67.0,0.0,0.1666666388888935,0.0,7.0,2026-02-13,0
2026-02-13 17:39:51.055,0.0,0.0,0.0,0.0,4.0,4.0,1.0,1.0,67.0,60.0,0.0,0.0,0.0,10.0,2026-02-13,0
2026-02-13 17:39:52.066,0.0,1.0,1.0,1.0,3.0,2.0,1.0,2.0,66.0,50.0,0.199999960000008,0.399999920000016,0.0,11.0,2026-02-13,0
2026-02-13 17:39:53.073,0.0,3.0,2.0,4.0,10.0,4.0,2.0,1.0,48.0,50.0,0.2142856989795929,0.4285713979591858,0.0,26.0,2026-02-13,0
2026-02-13 17:39:54.074,1.0,1.0,1.0,1.0,3.0,3.0,1.0,1.0,41.0,47.0,0.1666666388888935,0.333333277777787,0.1249999843750019,12.0,2026-02-13,0
2026-02-13 17:39:55.076,0.0,1.0,0.0,2.0,5.0,12.0,0.0,1.0,44.0,44.0,0.0588235259515572,0.1176470519031145,0.0,21.0,2026-02-13,0
2026-02-13 17:39:56.077,0.0,0.0,2.0,0.0,3.0,1.0,0.0,1.0,40.0,51.0,0.0,0.4999998750000312,0.0,7.0,2026-02-13,0
2026-02-13 17:39:57.079,0.0,0.0,1.0,1.0,2.0,15.0,1.0,1.0,63.0,50.0,0.0,0.1176470519031145,0.0,21.0,2026-02-13,0
2026-02-13 17:39:58.080,0.0,2.0,0.0,1.0,2.0,2.0,1.0,1.0,60.0,47.0,0.4999998750000312,0.2499999375000156,0.0,9.0,2026-02-13,0
2026-02-13 17:39:59.094,0.0,0.0,0.0,0.0,1.0,4.0,2.0,1.0,63.0,50.0,0.0,0.0,0.0,8.0,2026-02-13,0
2026-02-13 17:40:00.106,0.0,1.0,1.0,2.0,8.0,6.0,3.0,1.0,80.0,40.0,0.0714285663265309,0.2142856989795929,0.0,22.0,2026-02-13,0
2026-02-13 17:40:01.120,0.0,1.0,0.0,0.0,1.0,4.0,2.0,1.0,67.0,30.0,0.199999960000008,0.0,0.0,9.0,2026-02-13,0
2026-02-13 17:40:02.124,0.0,1.0,0.0,1.0,0.0,1.0,2.0,0.0,66.0,34.0,0.999999000001,0.999999000001,0.0,5.0,2026-02-13,0
2026-02-13 17:40:03.130,0.0,0.0,0.0,1.0,0.0,1.0,1.0,0.0,54.0,41.0,0.0,0.999999000001,0.0,3.0,2026-02-13,0
2026-02-13 17:40:04.143,1.0,1.0,0.0,0.0,1.0,1.0,1.0,0.0,44.0,41.0,0.499999750000125,0.0,0.499999750000125,5.0,2026-02-13,0
2026-02-13 17:40:05.151,0.0,1.0,0.0,0.0,1.0,1.0,0.0,0.0,37.0,30.0,0.499999750000125,0.0,0.0,3.0,2026-02-13,0
2026-02-13 17:40:06.163,0.0,1.0,1.0,1.0,0.0,2.0,0.0,0.0,38.0,41.0,0.499999750000125,0.99999950000025,0.0,5.0,2026-02-13,0
2026-02-13 17:40:07.175,0.0,1.0,0.0,2.0,0.0,3.0,1.0,1.0,37.0,38.0,0.3333332222222592,0.6666664444445185,0.0,8.0,2026-02-13,0
2026-02-13 17:40:08.188,0.0,1.0,0.0,0.0,0.0,3.0,0.0,0.0,41.0,35.0,0.3333332222222592,0.0,0.0,4.0,2026-02-13,0
2026-02-13 17:40:09.201,0.0,1.0,1.0,1.0,1.0,2.0,1.0,1.0,38.0,63.0,0.3333332222222592,0.6666664444445185,0.0,8.0,2026-02-13,0
2026-02-13 17:40:10.215,0.0,1.0,1.0,1.0,2.0,2.0,1.0,0.0,41.0,57.0,0.2499999375000156,0.4999998750000312,0.0,8.0,2026-02-13,0
2026-02-13 17:40:11.215,1.0,0.0,1.0,1.0,2.0,2.0,1.0,1.0,37.0,57.0,0.0,0.4999998750000312,0.1666666388888935,9.0,2026-02-13,0
2026-02-13 17:40:12.227,0.0,2.0,0.0,0.0,1.0,2.0,1.0,1.0,30.0,54.0,0.6666664444445185,0.0,0.0,7.0,2026-02-13,0
2026-02-13 17:40:13.236,0.0,1.0,0.0,1.0,0.0,2.0,1.0,1.0,37.0,43.0,0.499999750000125,0.499999750000125,0.0,6.0,2026-02-13,0
2026-02-13 17:40:14.236,0.0,0.0,2.0,1.0,1.0,2.0,0.0,1.0,40.0,53.0,0.0,0.9999996666667778,0.0,7.0,2026-02-13,0
2026-02-13 17:40:15.252,0.0,2.0,1.0,2.0,0.0,4.0,1.0,2.0,38.0,50.0,0.4999998750000312,0.7499998125000469,0.0,12.0,2026-02-13,0
2026-02-13 17:40:16.260,0.0,2.0,0.0,0.0,1.0,3.0,2.0,2.0,41.0,54.0,0.4999998750000312,0.0,0.0,10.0,2026-02-13,0
2026-02-13 17:40:17.266,0.0,0.0,0.0,0.0,3.0,2.0,1.0,1.0,50.0,54.0,0.0,0.0,0.0,7.0,2026-02-13,0
2026-02-13 17:40:18.281,0.0,0.0,0.0,0.0,0.0,2.0,1.0,1.0,57.0,35.0,0.0,0.0,0.0,4.0,2026-02-13,0
2026-02-13 17:40:19.285,0.0,1.0,2.0,1.0,1.0,2.0,1.0,0.0,53.0,47.0,0.3333332222222592,0.9999996666667778,0.0,8.0,2026-02-13,0
2026-02-13 17:40:20.286,0.0,1.0,1.0,2.0,1.0,2.0,0.0,1.0,53.0,60.0,0.3333332222222592,0.9999996666667778,0.0,8.0,2026-02-13,0
2026-02-13 17:40:21.299,0.0,1.0,1.0,1.0,1.0,3.0,1.0,0.0,43.0,63.0,0.2499999375000156,0.4999998750000312,0.0,8.0,2026-02-13,0
2026-02-13 17:40:22.305,0.0,0.0,0.0,1.0,2.0,1.0,1.0,1.0,30.0,78.0,0.0,0.3333332222222592,0.0,6.0,2026-02-13,1
2026-02-13 17:40:23.312,0.0,1.0,0.0,0.0,1.0,2.0,0.0,1.0,38.0,67.0,0.3333332222222592,0.0,0.0,5.0,2026-02-13,0
2026-02-13 17:40:24.323,0.0,1.0,1.0,0.0,3.0,2.0,2.0,1.0,35.0,57.0,0.199999960000008,0.199999960000008,0.0,10.0,2026-02-13,0
2026-02-13 17:40:25.336,0.0,1.0,1.0,0.0,2.0,6.0,1.0,2.0,44.0,56.0,0.1249999843750019,0.1249999843750019,0.0,13.0,2026-02-13,0
2026-02-13 17:40:26.352,0.0,1.0,0.0,1.0,3.0,3.0,2.0,1.0,50.0,38.0,0.1666666388888935,0.1666666388888935,0.0,11.0,2026-02-13,0
2026-02-13 17:40:27.364,0.0,1.0,0.0,1.0,6.0,2.0,0.0,0.0,50.0,30.0,0.1249999843750019,0.1249999843750019,0.0,10.0,2026-02-13,0
2026-02-13 17:40:28.374,0.0,0.0,1.0,1.0,1.0,2.0,1.0,1.0,51.0,43.0,0.0,0.6666664444445185,0.0,7.0,2026-02-13,0
2026-02-13 17:40:29.385,0.0,0.0,1.0,0.0,0.0,4.0,1.0,1.0,51.0,50.0,0.0,0.2499999375000156,0.0,7.0,2026-02-13,0
2026-02-13 17:40:30.398,0.0,0.0,2.0,0.0,14.0,4.0,0.0,1.0,54.0,54.0,0.0,0.1111111049382719,0.0,21.0,2026-02-13,0
2026-02-13 17:40:31.409,2.0,2.0,5.0,2.0,8.0,7.0,1.0,1.0,54.0,67.0,0.133333324444445,0.4666666355555576,0.0909090867768596,28.0,2026-02-13,0
2026-02-13 17:40:32.421,0.0,0.0,0.0,2.0,3.0,6.0,1.0,1.0,66.0,57.0,0.0,0.2222221975308669,0.0,13.0,2026-02-13,0
2026-02-13 17:40:33.435,0.0,1.0,0.0,0.0,1.0,2.0,1.0,0.0,57.0,43.0,0.3333332222222592,0.0,0.0,5.0,2026-02-13,0
2026-02-13 17:40:34.444,0.0,0.0,0.0,1.0,2.0,1.0,1.0,0.0,50.0,50.0,0.0,0.3333332222222592,0.0,5.0,2026-02-13,0
2026-02-13 17:40:35.459,1.0,0.0,0.0,2.0,1.0,1.0,0.0,0.0,51.0,57.0,0.0,0.99999950000025,0.2499999375000156,5.0,2026-02-13,0
2026-02-13 17:40:36.468,0.0,0.0,1.0,1.0,1.0,1.0,1.0,2.0,34.0,69.0,0.0,0.99999950000025,0.0,7.0,2026-02-13,0
2026-02-13 17:40:37.476,0.0,1.0,1.0,1.0,2.0,1.0,1.0,0.0,27.0,83.0,0.3333332222222592,0.6666664444445185,0.0,7.0,2026-02-13,1
2026-02-13 17:40:38.486,0.0,1.0,0.0,0.0,1.0,1.0,2.0,2.0,27.0,70.0,0.499999750000125,0.0,0.0,7.0,2026-02-13,1
2026-02-13 17:40:39.496,0.0,0.0,0.0,0.0,0.0,2.0,0.0,0.0,41.0,56.0,0.0,0.0,0.0,2.0,2026-02-13,0
2026-02-13 17:40:40.508,0.0,2.0,0.0,0.0,1.0,1.0,0.0,1.0,41.0,40.0,0.99999950000025,0.0,0.0,5.0,2026-02-13,0
2026-02-13 17:40:41.518,0.0,1.0,0.0,1.0,1.0,2.0,0.0,0.0,50.0,29.0,0.3333332222222592,0.3333332222222592,0.0,5.0,2026-02-13,0
2026-02-13 17:40:42.531,0.0,2.0,0.0,0.0,1.0,2.0,2.0,0.0,53.0,23.0,0.6666664444445185,0.0,0.0,7.0,2026-02-13,0
2026-02-13 17:40:43.542,0.0,0.0,0.0,10.0,11.0,3.0,1.0,0.0,29.0,35.0,0.0,0.7142856632653098,0.0,25.0,2026-02-13,0
2026-02-13 17:40:44.551,0.0,1.0,1.0,0.0,7.0,2.0,2.0,1.0,34.0,38.0,0.1111110987654334,0.1111110987654334,0.0,14.0,2026-02-13,0
2026-02-13 17:40:45.566,0.0,1.0,1.0,0.0,1.0,3.0,0.0,0.0,35.0,44.0,0.2499999375000156,0.2499999375000156,0.0,6.0,2026-02-13,0
2026-02-13 17:40:46.577,0.0,1.0,1.0,4.0,3.0,15.0,1.0,0.0,47.0,64.0,0.0555555524691359,0.2777777623456798,0.0,25.0,2026-02-13,0
2026-02-13 17:40:47.592,0.0,0.0,0.0,3.0,0.0,2.0,0.0,0.0,61.0,77.0,0.0,1.499999250000375,0.0,5.0,2026-02-13,0
2026-02-13 17:40:48.597,0.0,0.0,0.0,3.0,0.0,2.0,0.0,0.0,61.0,77.0,0.0,1.499999250000375,0.0,5.0,2026-02-13,0
2026-02-13 17:40:49.609,0.0,1.0,2.0,1.0,0.0,1.0,2.0,1.0,48.0,84.0,0.999999000001,2.9999970000030003,0.0,8.0,2026-02-13,0
2026-02-13 17:40:50.624,0.0,0.0,0.0,0.0,2.0,4.0,1.0,0.0,54.0,60.0,0.0,0.0,0.0,7.0,2026-02-13,0
2026-02-13 17:40:51.635,0.0,1.0,0.0,1.0,0.0,1.0,0.0,1.0,50.0,48.0,0.999999000001,0.999999000001,0.0,4.0,2026-02-13,0
2026-02-13 17:40:52.649,0.0,2.0,1.0,1.0,1.0,1.0,0.0,1.0,50.0,40.0,0.99999950000025,0.99999950000025,0.0,7.0,2026-02-13,0
2026-02-13 17:40:53.660,0.0,1.0,1.0,2.0,1.0,6.0,0.0,0.0,38.0,47.0,0.1428571224489825,0.4285713673469475,0.0,11.0,2026-02-13,0
2026-02-13 17:40:54.668,1.0,2.0,0.0,0.0,1.0,2.0,0.0,1.0,20.0,47.0,0.6666664444445185,0.0,0.3333332222222592,7.0,2026-02-13,0
2026-02-13 17:40:55.673,0.0,0.0,0.0,1.0,1.0,2.0,0.0,1.0,30.0,38.0,0.0,0.3333332222222592,0.0,5.0,2026-02-13,0
2026-02-13 17:40:56.675,0.0,0.0,0.0,1.0,4.0,4.0,0.0,1.0,50.0,34.0,0.0,0.1249999843750019,0.0,10.0,2026-02-13,0
2026-02-13 17:40:57.681,0.0,0.0,0.0,0.0,1.0,2.0,0.0,0.0,51.0,34.0,0.0,0.0,0.0,3.0,2026-02-13,0
2026-02-13 17:40:58.696,0.0,1.0,0.0,0.0,1.0,3.0,1.0,0.0,64.0,37.0,0.2499999375000156,0.0,0.0,6.0,2026-02-13,0
2026-02-13 17:40:59.698,0.0,0.0,1.0,1.0,2.0,3.0,0.0,0.0,64.0,47.0,0.0,0.399999920000016,0.0,7.0,2026-02-13,0
2026-02-13 17:41:00.712,0.0,1.0,0.0,2.0,4.0,2.0,1.0,2.0,54.0,51.0,0.1666666388888935,0.333333277777787,0.0,12.0,2026-02-13,0
2026-02-13 17:41:01.721,0.0,0.0,0.0,0.0,0.0,1.0,0.0,2.0,54.0,41.0,0.0,0.0,0.0,3.0,2026-02-13,0
2026-02-13 17:41:02.723,0.0,0.0,1.0,2.0,1.0,2.0,0.0,1.0,48.0,64.0,0.0,0.9999996666667778,0.0,7.0,2026-02-13,0
2026-02-13 17:41:03.726,1.0,1.0,1.0,0.0,1.0,1.0,0.0,1.0,43.0,64.0,0.499999750000125,0.499999750000125,0.3333332222222592,6.0,2026-02-13,0
2026-02-13 17:41:04.738,0.0,1.0,1.0,0.0,3.0,3.0,0.0,1.0,44.0,60.0,0.1666666388888935,0.1666666388888935,0.0,9.0,2026-02-13,0
2026-02-13 17:41:05.740,0.0,2.0,0.0,2.0,5.0,9.0,0.0,1.0,47.0,60.0,0.1428571326530619,0.1428571326530619,0.0,19.0,2026-02-13,0
2026-02-13 17:41:06.744,1.0,0.0,0.0,1.0,3.0,6.0,0.0,0.0,63.0,47.0,0.0,0.1111110987654334,0.099999990000001,11.0,2026-02-13,0
2026-02-13 17:41:07.748,0.0,1.0,1.0,1.0,1.0,5.0,1.0,1.0,74.0,47.0,0.1666666388888935,0.333333277777787,0.0,11.0,2026-02-13,0
2026-02-13 17:41:08.750,0.0,1.0,0.0,1.0,1.0,3.0,1.0,0.0,70.0,50.0,0.2499999375000156,0.2499999375000156,0.0,7.0,2026-02-13,0
2026-02-13 17:41:09.751,0.0,0.0,2.0,2.0,1.0,4.0,1.0,0.0,66.0,67.0,0.0,0.799999840000032,0.0,10.0,2026-02-13,0
2026-02-13 17:41:10.754,0.0,1.0,0.0,1.0,1.0,6.0,1.0,1.0,61.0,64.0,0.1428571224489825,0.1428571224489825,0.0,11.0,2026-02-13,0
2026-02-13 17:41:11.756,0.0,0.0,1.0,0.0,0.0,1.0,1.0,1.0,50.0,69.0,0.0,0.999999000001,0.0,4.0,2026-02-13,0
2026-02-13 17:41:12.769,0.0,1.0,0.0,0.0,1.0,4.0,2.0,0.0,51.0,64.0,0.199999960000008,0.0,0.0,8.0,2026-02-13,0
2026-02-13 17:41:13.773,0.0,3.0,4.0,2.0,5.0,5.0,0.0,2.0,44.0,57.0,0.299999970000003,0.599999940000006,0.0,21.0,2026-02-13,0
2026-02-13 17:41:14.779,0.0,0.0,1.0,2.0,4.0,1.0,1.0,1.0,27.0,67.0,0.0,0.599999880000024,0.0,10.0,2026-02-13,0
2026-02-13 17:41:15.786,0.0,0.0,2.0,3.0,2.0,2.0,1.0,1.0,27.0,70.0,0.0,1.249999687500078,0.0,11.0,2026-02-13,1
2026-02-13 17:41:16.787,0.0,0.0,0.0,2.0,2.0,2.0,0.0,0.0,26.0,78.0,0.0,0.4999998750000312,0.0,6.0,2026-02-13,1
2026-02-13 17:41:17.788,0.0,0.0,0.0,1.0,3.0,1.0,1.0,1.0,34.0,74.0,0.0,0.2499999375000156,0.0,7.0,2026-02-13,1
2026-02-13 17:41:18.803,0.0,1.0,0.0,3.0,3.0,3.0,1.0,0.0,38.0,63.0,0.1666666388888935,0.4999999166666805,0.0,11.0,2026-02-13,0
2026-02-13 17:41:19.815,0.0,0.0,1.0,1.0,1.0,2.0,2.0,0.0,44.0,57.0,0.0,0.6666664444445185,0.0,7.0,2026-02-13,0
2026-02-13 17:41:20.820,1.0,0.0,0.0,2.0,1.0,6.0,0.0,0.0,56.0,61.0,0.0,0.285714244897965,0.1111110987654334,10.0,2026-02-13,0
2026-02-13 17:41:21.823,0.0,1.0,0.0,0.0,1.0,2.0,1.0,0.0,61.0,56.0,0.3333332222222592,0.0,0.0,5.0,2026-02-13,0
2026-02-13 17:41:22.828,0.0,3.0,0.0,0.0,0.0,1.0,0.0,2.0,48.0,53.0,2.9999970000030003,0.0,0.0,6.0,2026-02-13,1
2026-02-13 17:41:23.832,0.0,0.0,1.0,0.0,2.0,2.0,1.0,0.0,47.0,51.0,0.0,0.2499999375000156,0.0,6.0,2026-02-13,0
2026-02-13 17:41:24.838,0.0,1.0,1.0,0.0,1.0,4.0,1.0,1.0,38.0,44.0,0.199999960000008,0.199999960000008,0.0,9.0,2026-02-13,0
2026-02-13 17:41:25.839,0.0,0.0,0.0,2.0,1.0,4.0,1.0,2.0,41.0,54.0,0.0,0.399999920000016,0.0,10.0,2026-02-13,0
2026-02-13 17:41:26.848,0.0,2.0,0.0,0.0,1.0,1.0,3.0,1.0,51.0,51.0,0.99999950000025,0.0,0.0,8.0,2026-02-13,0
2026-02-13 17:41:27.850,0.0,0.0,0.0,1.0,2.0,1.0,1.0,0.0,51.0,51.0,0.0,0.3333332222222592,0.0,5.0,2026-02-13,0
2026-02-13 17:41:28.856,0.0,1.0,0.0,1.0,0.0,2.0,0.0,1.0,44.0,50.0,0.499999750000125,0.499999750000125,0.0,5.0,2026-02-13,0
2026-02-13 17:41:29.861,0.0,2.0,2.0,3.0,1.0,2.0,1.0,1.0,24.0,50.0,0.6666664444445185,1.666666111111296,0.0,12.0,2026-02-13,0
2026-02-13 17:41:30.864,0.0,2.0,1.0,2.0,2.0,2.0,1.0,1.0,23.0,61.0,0.4999998750000312,0.7499998125000469,0.0,11.0,2026-02-13,0
2026-02-13 17:41:31.877,0.0,2.0,0.0,0.0,2.0,2.0,1.0,0.0,17.0,40.0,0.4999998750000312,0.0,0.0,7.0,2026-02-13,0
2026-02-13 17:41:32.881,0.0,1.0,1.0,2.0,1.0,5.0,0.0,0.0,24.0,43.0,0.1666666388888935,0.4999999166666805,0.0,10.0,2026-02-13,0
2026-02-13 17:41:33.887,2.0,3.0,4.0,2.0,1.0,5.0,0.0,0.0,29.0,47.0,0.4999999166666805,0.9999998333333612,0.1666666527777789,17.0,2026-02-13,0
2026-02-13 17:41:34.892,0.0,2.0,1.0,4.0,4.0,5.0,0.0,1.0,35.0,48.0,0.2222221975308669,0.5555554938271674,0.0,17.0,2026-02-13,0
2026-02-13 17:41:35.893,0.0,0.0,0.0,0.0,0.0,1.0,1.0,2.0,41.0,61.0,0.0,0.0,0.0,4.0,2026-02-13,0
2026-02-13 17:41:36.896,0.0,0.0,0.0,0.0,1.0,1.0,1.0,2.0,41.0,54.0,0.0,0.0,0.0,5.0,2026-02-13,0
2026-02-13 17:41:37.898,0.0,0.0,0.0,1.0,2.0,2.0,1.0,0.0,50.0,50.0,0.0,0.2499999375000156,0.0,6.0,2026-02-13,0
2026-02-13 17:41:38.901,0.0,0.0,0.0,0.0,0.0,1.0,1.0,1.0,54.0,40.0,0.0,0.0,0.0,3.0,2026-02-13,0
2026-02-13 17:41:39.908,0.0,2.0,1.0,1.0,2.0,1.0,1.0,0.0,41.0,40.0,0.6666664444445185,0.6666664444445185,0.0,8.0,2026-02-13,0
2026-02-13 17:41:40.913,0.0,1.0,0.0,0.0,2.0,0.0,0.0,0.0,27.0,30.0,0.499999750000125,0.0,0.0,3.0,2026-02-13,0
2026-02-13 17:41:41.918,0.0,0.0,1.0,1.0,2.0,3.0,0.0,1.0,29.0,34.0,0.0,0.399999920000016,0.0,8.0,2026-02-13,0
2026-02-13 17:41:42.926,0.0,0.0,0.0,0.0,1.0,1.0,1.0,1.0,30.0,43.0,0.0,0.0,0.0,4.0,2026-02-13,0
2026-02-13 17:41:43.929,0.0,1.0,0.0,0.0,3.0,3.0,2.0,2.0,47.0,40.0,0.1666666388888935,0.0,0.0,11.0,2026-02-13,0
2026-02-13 17:41:44.934,0.0,1.0,0.0,0.0,1.0,2.0,1.0,1.0,60.0,50.0,0.3333332222222592,0.0,0.0,6.0,2026-02-13,0
2026-02-13 17:41:45.939,0.0,0.0,0.0,0.0,1.0,1.0,3.0,1.0,53.0,44.0,0.0,0.0,0.0,6.0,2026-02-13,0
2026-02-13 17:41:46.950,0.0,1.0,0.0,0.0,1.0,1.0,1.0,1.0,43.0,34.0,0.499999750000125,0.0,0.0,5.0,2026-02-13,0
2026-02-13 17:41:47.955,0.0,1.0,0.0,0.0,1.0,4.0,2.0,0.0,48.0,29.0,0.199999960000008,0.0,0.0,8.0,2026-02-13,0
2026-02-13 17:41:48.961,0.0,2.0,0.0,1.0,2.0,1.0,2.0,0.0,27.0,26.0,0.6666664444445185,0.3333332222222592,0.0,8.0,2026-02-13,0
2026-02-13 17:41:49.967,0.0,0.0,1.0,0.0,2.0,5.0,1.0,0.0,47.0,27.0,0.0,0.1428571224489825,0.0,9.0,2026-02-13,0
2026-02-13 17:41:50.969,0.0,0.0,0.0,1.0,1.0,4.0,1.0,1.0,60.0,37.0,0.0,0.199999960000008,0.0,8.0,2026-02-13,0
2026-02-13 17:41:51.984,1.0,1.0,0.0,0.0,1.0,1.0,0.0,0.0,48.0,41.0,0.499999750000125,0.0,0.499999750000125,4.0,2026-02-13,0
2026-02-13 17:41:52.986,0.0,1.0,0.0,1.0,2.0,1.0,1.0,0.0,60.0,41.0,0.3333332222222592,0.3333332222222592,0.0,6.0,2026-02-13,0
2026-02-13 17:41:53.991,0.0,0.0,1.0,2.0,3.0,3.0,0.0,1.0,50.0,44.0,0.0,0.4999999166666805,0.0,10.0,2026-02-13,0
2026-02-13 17:41:54.993,0.0,0.0,0.0,1.0,4.0,4.0,0.0,0.0,48.0,47.0,0.0,0.1249999843750019,0.0,9.0,2026-02-13,0
2026-02-13 17:41:55.998,0.0,4.0,1.0,3.0,1.0,4.0,0.0,0.0,44.0,44.0,0.799999840000032,0.799999840000032,0.0,13.0,2026-02-13,0
2026-02-13 17:41:57.003,0.0,0.0,0.0,0.0,1.0,2.0,2.0,0.0,56.0,54.0,0.0,0.0,0.0,5.0,2026-02-13,0
2026-02-13 17:41:58.005,0.0,0.0,0.0,0.0,7.0,1.0,2.0,0.0,56.0,44.0,0.0,0.0,0.0,10.0,2026-02-13,0
2026-02-13 17:41:59.008,1.0,0.0,1.0,3.0,1.0,2.0,1.0,0.0,47.0,60.0,0.0,1.333332888889037,0.1428571224489825,9.0,2026-02-13,0
2026-02-13 17:42:00.011,0.0,0.0,0.0,1.0,2.0,4.0,1.0,0.0,61.0,63.0,0.0,0.1666666388888935,0.0,8.0,2026-02-13,0
2026-02-13 17:42:01.017,0.0,0.0,2.0,1.0,1.0,4.0,0.0,1.0,60.0,69.0,0.0,0.599999880000024,0.0,9.0,2026-02-13,0
2026-02-13 17:42:02.018,0.0,0.0,0.0,0.0,3.0,3.0,0.0,1.0,69.0,70.0,0.0,0.0,0.0,7.0,2026-02-13,0
2026-02-13 17:42:03.021,0.0,2.0,1.0,2.0,2.0,3.0,1.0,1.0,64.0,61.0,0.399999920000016,0.599999880000024,0.0,12.0,2026-02-13,0
2026-02-13 17:42:04.022,0.0,1.0,1.0,0.0,4.0,1.0,1.0,1.0,50.0,56.0,0.199999960000008,0.199999960000008,0.0,9.0,2026-02-13,0
2026-02-13 17:42:05.026,0.0,1.0,0.0,2.0,2.0,2.0,1.0,0.0,40.0,47.0,0.2499999375000156,0.4999998750000312,0.0,8.0,2026-02-13,0
2026-02-13 17:42:06.032,0.0,0.0,2.0,2.0,1.0,2.0,1.0,1.0,23.0,64.0,0.0,1.333332888889037,0.0,9.0,2026-02-13,0
2026-02-13 17:42:07.034,1.0,1.0,2.0,2.0,6.0,2.0,0.0,0.0,20.0,64.0,0.1249999843750019,0.4999999375000079,0.0833333263888894,14.0,2026-02-13,0
2026-02-13 17:42:08.048,0.0,0.0,1.0,1.0,4.0,2.0,0.0,0.0,29.0,70.0,0.0,0.333333277777787,0.0,8.0,2026-02-13,0
2026-02-13 17:42:09.053,3.0,0.0,0.0,0.0,1.0,0.0,0.0,0.0,24.0,80.0,0.0,0.0,2.9999970000030003,4.0,2026-02-13,1
2026-02-13 17:42:10.056,1.0,0.0,1.0,1.0,3.0,1.0,1.0,0.0,24.0,66.0,0.0,0.4999998750000312,0.1666666388888935,8.0,2026-02-13,0
2026-02-13 17:42:11.058,2.0,1.0,0.0,4.0,2.0,1.0,0.0,0.0,26.0,69.0,0.3333332222222592,1.333332888889037,0.285714244897965,10.0,2026-02-13,0
2026-02-13 17:42:12.066,0.0,0.0,2.0,1.0,1.0,2.0,1.0,1.0,21.0,78.0,0.0,0.9999996666667778,0.0,8.0,2026-02-13,1
2026-02-13 17:42:13.072,0.0,0.0,0.0,1.0,1.0,1.0,0.0,1.0,30.0,75.0,0.0,0.499999750000125,0.0,4.0,2026-02-13,1
2026-02-13 17:42:14.074,0.0,0.0,1.0,1.0,1.0,5.0,0.0,0.0,43.0,80.0,0.0,0.333333277777787,0.0,8.0,2026-02-13,0
2026-02-13 17:42:15.081,0.0,1.0,1.0,2.0,2.0,2.0,2.0,1.0,50.0,77.0,0.2499999375000156,0.7499998125000469,0.0,11.0,2026-02-13,0
2026-02-13 17:42:16.084,0.0,0.0,1.0,0.0,1.0,5.0,1.0,1.0,63.0,63.0,0.0,0.1666666388888935,0.0,9.0,2026-02-13,0
2026-02-13 17:42:17.089,0.0,0.0,1.0,1.0,1.0,1.0,1.0,0.0,61.0,70.0,0.0,0.99999950000025,0.0,5.0,2026-02-13,0
2026-02-13 17:42:18.095,0.0,0.0,2.0,1.0,2.0,1.0,2.0,1.0,43.0,74.0,0.0,0.9999996666667778,0.0,9.0,2026-02-13,0
2026-02-13 17:42:19.107,1.0,2.0,5.0,4.0,10.0,1.0,0.0,1.0,27.0,75.0,0.1818181652892577,0.8181817438016598,0.0499999975000001,24.0,2026-02-13,0
2026-02-13 17:42:20.121,3.0,1.0,1.0,1.0,3.0,1.0,2.0,1.0,10.0,77.0,0.2499999375000156,0.4999998750000312,0.4999999166666805,13.0,2026-02-13,1
2026-02-13 17:42:21.122,0.0,0.0,1.0,1.0,5.0,2.0,0.0,1.0,14.0,67.0,0.0,0.285714244897965,0.0,10.0,2026-02-13,0
2026-02-13 17:42:22.128,0.0,1.0,2.0,2.0,1.0,2.0,1.0,2.0,16.0,66.0,0.3333332222222592,1.333332888889037,0.0,11.0,2026-02-13,0
2026-02-13 17:42:23.133,0.0,0.0,1.0,0.0,2.0,1.0,0.0,1.0,35.0,69.0,0.0,0.3333332222222592,0.0,5.0,2026-02-13,0
2026-02-13 17:42:24.138,0.0,0.0,1.0,0.0,2.0,1.0,0.0,1.0,35.0,69.0,0.0,0.3333332222222592,0.0,5.0,2026-02-13,0
2026-02-13 17:42:25.146,0.0,0.0,0.0,1.0,1.0,1.0,1.0,1.0,30.0,74.0,0.0,0.499999750000125,0.0,5.0,2026-02-13,1
2026-02-13 17:42:26.149,1.0,1.0,2.0,1.0,0.0,3.0,1.0,0.0,34.0,78.0,0.3333332222222592,0.9999996666667778,0.1666666388888935,9.0,2026-02-13,1
2026-02-13 17:42:27.157,0.0,2.0,1.0,4.0,7.0,5.0,2.0,0.0,37.0,69.0,0.1666666527777789,0.4166666319444473,0.0,21.0,2026-02-13,0
2026-02-13 17:42:28.161,0.0,2.0,1.0,4.0,7.0,5.0,2.0,0.0,37.0,69.0,0.1666666527777789,0.4166666319444473,0.0,21.0,2026-02-13,0
2026-02-13 17:42:29.164,0.0,1.0,2.0,0.0,3.0,0.0,1.0,1.0,10.0,61.0,0.3333332222222592,0.6666664444445185,0.0,8.0,2026-02-13,0
2026-02-13 17:42:30.179,1.0,1.0,0.0,0.0,2.0,3.0,2.0,0.0,16.0,37.0,0.199999960000008,0.0,0.199999960000008,9.0,2026-02-13,0
2026-02-13 17:42:31.181,0.0,1.0,0.0,3.0,5.0,11.0,0.0,1.0,30.0,29.0,0.0624999960937502,0.1874999882812507,0.0,21.0,2026-02-13,0
2026-02-13 17:42:32.188,0.0,1.0,0.0,2.0,3.0,3.0,1.0,2.0,47.0,24.0,0.1666666388888935,0.333333277777787,0.0,12.0,2026-02-13,0
2026-02-13 17:42:33.189,1.0,0.0,1.0,2.0,4.0,3.0,1.0,1.0,63.0,24.0,0.0,0.4285713673469475,0.099999990000001,13.0,2026-02-13,0
2026-02-13 17:42:34.193,0.0,0.0,1.0,1.0,2.0,4.0,1.0,1.0,63.0,48.0,0.0,0.333333277777787,0.0,10.0,2026-02-13,0
2026-02-13 17:42:35.207,0.0,0.0,0.0,2.0,11.0,2.0,1.0,1.0,53.0,50.0,0.0,0.1538461420118352,0.0,17.0,2026-02-13,0
2026-02-13 17:42:36.210,0.0,1.0,0.0,1.0,2.0,2.0,2.0,1.0,50.0,54.0,0.2499999375000156,0.2499999375000156,0.0,9.0,2026-02-13,0
2026-02-13 17:42:37.210,1.0,0.0,0.0,2.0,3.0,4.0,0.0,1.0,56.0,53.0,0.0,0.285714244897965,0.1111110987654334,11.0,2026-02-13,0
2026-02-13 17:42:38.216,0.0,0.0,0.0,4.0,0.0,2.0,2.0,1.0,50.0,63.0,0.0,1.9999990000005,0.0,9.0,2026-02-13,0
2026-02-13 17:42:39.223,1.0,3.0,6.0,2.0,6.0,3.0,0.0,2.0,35.0,74.0,0.3333332962963004,0.8888887901234679,0.0588235259515572,23.0,2026-02-13,1
2026-02-13 17:42:40.227,1.0,0.0,0.0,1.0,3.0,3.0,1.0,0.0,43.0,74.0,0.0,0.1666666388888935,0.1428571224489825,9.0,2026-02-13,0
2026-02-13 17:42:41.231,0.0,2.0,2.0,6.0,3.0,4.0,0.0,1.0,30.0,80.0,0.285714244897965,1.14285697959186,0.0,18.0,2026-02-13,0
2026-02-13 17:42:42.235,0.0,1.0,0.0,2.0,5.0,3.0,1.0,1.0,37.0,60.0,0.1249999843750019,0.2499999687500039,0.0,13.0,2026-02-13,0
2026-02-13 17:42:43.239,0.0,0.0,1.0,2.0,1.0,4.0,1.0,0.0,51.0,60.0,0.0,0.599999880000024,0.0,9.0,2026-02-13,0
2026-02-13 17:42:44.243,0.0,0.0,2.0,2.0,7.0,2.0,0.0,1.0,38.0,66.0,0.0,0.4444443950617339,0.0,14.0,2026-02-13,0
2026-02-13 17:42:45.244,0.0,1.0,6.0,4.0,8.0,2.0,1.0,1.0,29.0,70.0,0.099999990000001,0.99999990000001,0.0,23.0,2026-02-13,0
2026-02-13 17:42:46.250,5.0,0.0,0.0,0.0,10.0,6.0,1.0,0.0,41.0,60.0,0.0,0.0,0.3124999804687512,22.0,2026-02-13,0
2026-02-13 17:42:47.260,1.0,3.0,2.0,2.0,5.0,2.0,0.0,1.0,24.0,53.0,0.4285713673469475,0.57142848979593,0.0909090826446288,16.0,2026-02-13,0
2026-02-13 17:42:48.275,0.0,0.0,0.0,1.0,0.0,1.0,0.0,0.0,30.0,56.0,0.0,0.999999000001,0.0,2.0,2026-02-13,0
2026-02-13 17:42:49.279,0.0,0.0,0.0,0.0,2.0,1.0,1.0,0.0,50.0,47.0,0.0,0.0,0.0,4.0,2026-02-13,0
2026-02-13 17:42:50.289,0.0,1.0,3.0,1.0,1.0,2.0,0.0,0.0,27.0,69.0,0.3333332222222592,1.333332888889037,0.0,8.0,2026-02-13,0
2026-02-13 17:42:51.292,0.0,1.0,4.0,3.0,2.0,3.0,1.0,0.0,35.0,87.0,0.199999960000008,1.399999720000056,0.0,14.0,2026-02-13,0
2026-02-13 17:42:52.294,0.0,0.0,1.0,5.0,2.0,2.0,2.0,0.0,27.0,94.0,0.0,1.4999996250000938,0.0,12.0,2026-02-13,1
2026-02-13 17:42:53.297,0.0,0.0,1.0,1.0,2.0,1.0,1.0,0.0,20.0,94.0,0.0,0.6666664444445185,0.0,6.0,2026-02-13,1
2026-02-13 17:42:54.300,0.0,0.0,0.0,0.0,3.0,1.0,1.0,1.0,38.0,84.0,0.0,0.0,0.0,6.0,2026-02-13,0
2026-02-13 17:42:55.304,0.0,0.0,1.0,2.0,1.0,1.0,0.0,0.0,37.0,83.0,0.0,1.499999250000375,0.0,5.0,2026-02-13,0
2026-02-13 17:42:56.308,0.0,1.0,1.0,1.0,3.0,1.0,0.0,0.0,38.0,66.0,0.2499999375000156,0.4999998750000312,0.0,7.0,2026-02-13,0
2026-02-13 17:42:57.311,0.0,0.0,1.0,1.0,2.0,2.0,0.0,0.0,47.0,69.0,0.0,0.4999998750000312,0.0,6.0,2026-02-13,0
2026-02-13 17:42:58.314,0.0,0.0,0.0,0.0,1.0,2.0,0.0,1.0,40.0,74.0,0.0,0.0,0.0,4.0,2026-02-13,0
2026-02-13 17:42:59.317,0.0,1.0,1.0,2.0,2.0,2.0,1.0,0.0,43.0,67.0,0.2499999375000156,0.7499998125000469,0.0,9.0,2026-02-13,0
2026-02-13 17:43:00.323,0.0,0.0,1.0,0.0,2.0,2.0,1.0,0.0,51.0,70.0,0.0,0.2499999375000156,0.0,6.0,2026-02-13,0
2026-02-13 17:43:01.326,1.0,3.0,0.0,1.0,0.0,2.0,1.0,0.0,37.0,54.0,1.499999250000375,0.499999750000125,0.3333332222222592,8.0,2026-02-13,0
2026-02-13 17:43:02.332,0.0,1.0,1.0,1.0,2.0,3.0,1.0,1.0,34.0,51.0,0.199999960000008,0.399999920000016,0.0,10.0,2026-02-13,0
2026-02-13 17:43:03.335,1.0,1.0,2.0,3.0,2.0,2.0,2.0,0.0,30.0,54.0,0.2499999375000156,1.249999687500078,0.1111110987654334,13.0,2026-02-13,0
2026-02-13 17:43:04.343,0.0,0.0,0.0,1.0,0.0,3.0,1.0,0.0,37.0,50.0,0.0,0.3333332222222592,0.0,5.0,2026-02-13,0
2026-02-13 17:43:05.347,0.0,0.0,0.0,1.0,3.0,5.0,0.0,1.0,57.0,48.0,0.0,0.1249999843750019,0.0,10.0,2026-02-13,0
2026-02-13 17:43:06.355,0.0,0.0,0.0,0.0,3.0,1.0,0.0,0.0,57.0,44.0,0.0,0.0,0.0,4.0,2026-02-13,0
2026-02-13 17:43:07.359,0.0,1.0,2.0,1.0,1.0,3.0,1.0,1.0,61.0,40.0,0.2499999375000156,0.7499998125000469,0.0,10.0,2026-02-13,0
2026-02-13 17:43:08.361,1.0,1.0,2.0,1.0,1.0,1.0,0.0,0.0,47.0,44.0,0.499999750000125,1.499999250000375,0.199999960000008,7.0,2026-02-13,0
2026-02-13 17:43:09.363,0.0,0.0,1.0,1.0,1.0,5.0,0.0,0.0,48.0,56.0,0.0,0.333333277777787,0.0,8.0,2026-02-13,0
2026-02-13 17:43:10.364,0.0,0.0,1.0,0.0,0.0,2.0,1.0,0.0,53.0,64.0,0.0,0.499999750000125,0.0,4.0,2026-02-13,0
2026-02-13 17:43:11.377,0.0,0.0,3.0,0.0,0.0,2.0,0.0,0.0,54.0,77.0,0.0,1.499999250000375,0.0,5.0,2026-02-13,0
2026-02-13 17:43:12.382,0.0,0.0,0.0,3.0,7.0,3.0,0.0,0.0,64.0,74.0,0.0,0.299999970000003,0.0,13.0,2026-02-13,0
2026-02-13 17:43:13.385,1.0,2.0,0.0,0.0,6.0,2.0,0.0,0.0,47.0,61.0,0.2499999687500039,0.0,0.1249999843750019,11.0,2026-02-13,0
2026-02-13 17:43:14.400,1.0,0.0,0.0,1.0,3.0,2.0,0.0,0.0,41.0,57.0,0.0,0.199999960000008,0.1666666388888935,7.0,2026-02-13,0
2026-02-13 17:43:15.403,0.0,2.0,2.0,1.0,2.0,2.0,0.0,0.0,35.0,44.0,0.4999998750000312,0.7499998125000469,0.0,9.0,2026-02-13,0
2026-02-13 17:43:16.412,1.0,0.0,0.0,3.0,2.0,2.0,1.0,1.0,27.0,53.0,0.0,0.7499998125000469,0.1428571224489825,10.0,2026-02-13,0
2026-02-13 17:43:17.412,0.0,0.0,1.0,1.0,1.0,4.0,0.0,0.0,41.0,67.0,0.0,0.399999920000016,0.0,7.0,2026-02-13,0
2026-02-13 17:43:18.413,0.0,0.0,0.0,1.0,1.0,2.0,0.0,1.0,41.0,74.0,0.0,0.3333332222222592,0.0,5.0,2026-02-13,0
2026-02-13 17:43:19.416,0.0,2.0,1.0,1.0,1.0,1.0,0.0,1.0,38.0,69.0,0.99999950000025,0.99999950000025,0.0,7.0,2026-02-13,0
2026-02-13 17:43:20.423,0.0,0.0,0.0,1.0,1.0,0.0,0.0,1.0,37.0,64.0,0.0,0.999999000001,0.0,3.0,2026-02-13,0
2026-02-13 17:43:21.425,0.0,1.0,0.0,1.0,1.0,5.0,0.0,0.0,37.0,56.0,0.1666666388888935,0.1666666388888935,0.0,8.0,2026-02-13,0
2026-02-13 17:43:22.437,0.0,0.0,3.0,2.0,4.0,2.0,0.0,1.0,34.0,64.0,0.0,0.8333331944444675,0.0,12.0,2026-02-13,0
2026-02-13 17:43:23.441,0.0,0.0,1.0,0.0,1.0,1.0,1.0,1.0,44.0,75.0,0.0,0.499999750000125,0.0,5.0,2026-02-13,0
2026-02-13 17:43:24.444,0.0,0.0,1.0,2.0,9.0,3.0,2.0,0.0,50.0,67.0,0.0,0.2499999791666684,0.0,17.0,2026-02-13,0
2026-02-13 17:43:25.444,0.0,0.0,2.0,2.0,1.0,2.0,0.0,1.0,37.0,87.0,0.0,1.333332888889037,0.0,8.0,2026-02-13,0
2026-02-13 17:43:26.449,0.0,2.0,1.0,0.0,10.0,4.0,0.0,1.0,41.0,61.0,0.1428571326530619,0.0714285663265309,0.0,18.0,2026-02-13,0
2026-02-13 17:43:27.452,2.0,0.0,0.0,3.0,1.0,2.0,1.0,1.0,40.0,64.0,0.0,0.9999996666667778,0.333333277777787,10.0,2026-02-13,0
2026-02-13 17:43:28.461,0.0,0.0,1.0,2.0,2.0,7.0,0.0,1.0,50.0,66.0,0.0,0.3333332962963004,0.0,13.0,2026-02-13,0
2026-02-13 17:43:29.462,0.0,0.0,4.0,2.0,3.0,4.0,0.0,0.0,50.0,69.0,0.0,0.857142734693895,0.0,13.0,2026-02-13,0
2026-02-13 17:43:30.466,0.0,2.0,2.0,3.0,2.0,2.0,1.0,0.0,41.0,88.0,0.4999998750000312,1.249999687500078,0.0,12.0,2026-02-13,0
2026-02-13 17:43:31.472,1.0,0.0,0.0,1.0,2.0,1.0,0.0,1.0,47.0,75.0,0.0,0.3333332222222592,0.2499999375000156,6.0,2026-02-13,0
2026-02-13 17:43:32.475,2.0,2.0,2.0,2.0,4.0,4.0,1.0,1.0,34.0,74.0,0.2499999687500039,0.4999999375000079,0.1666666527777789,18.0,2026-02-13,0
2026-02-13 17:43:33.490,1.0,0.0,0.0,6.0,3.0,0.0,0.0,0.0,20.0,70.0,0.0,1.9999993333335555,0.1111110987654334,10.0,2026-02-13,1
2026-02-13 17:43:34.491,2.0,1.0,1.0,1.0,3.0,1.0,0.0,0.0,17.0,64.0,0.2499999375000156,0.4999998750000312,0.333333277777787,9.0,2026-02-13,0
2026-02-13 17:43:35.493,0.0,1.0,1.0,2.0,1.0,2.0,0.0,0.0,13.0,70.0,0.3333332222222592,0.9999996666667778,0.0,7.0,2026-02-13,1
2026-02-13 17:43:36.499,0.0,0.0,1.0,0.0,6.0,6.0,0.0,1.0,27.0,63.0,0.0,0.0833333263888894,0.0,14.0,2026-02-13,0
2026-02-13 17:43:37.504,0.0,1.0,1.0,0.0,1.0,3.0,1.0,2.0,47.0,48.0,0.2499999375000156,0.2499999375000156,0.0,9.0,2026-02-13,0
2026-02-13 17:43:38.507,0.0,3.0,2.0,8.0,7.0,1.0,1.0,1.0,37.0,54.0,0.3749999531250059,1.2499998437500195,0.0,23.0,2026-02-13,0
2026-02-13 17:43:39.512,16.0,2.0,4.0,0.0,17.0,2.0,0.0,1.0,27.0,44.0,0.1052631523545709,0.2105263047091418,0.6956521436672981,42.0,2026-02-13,0
2026-02-13 17:43:40.514,0.0,0.0,4.0,2.0,1.0,2.0,0.0,1.0,11.0,70.0,0.0,1.9999993333335555,0.0,10.0,2026-02-13,1
2026-02-13 17:43:41.530,0.0,0.0,1.0,0.0,1.0,1.0,0.0,1.0,7.0,81.0,0.0,0.499999750000125,0.0,4.0,2026-02-13,1
2026-02-13 17:43:42.533,1.0,1.0,1.0,3.0,0.0,2.0,0.0,0.0,21.0,83.0,0.499999750000125,1.9999990000005,0.1666666388888935,8.0,2026-02-13,1
2026-02-13 17:43:43.536,0.0,1.0,3.0,0.0,2.0,3.0,0.0,0.0,27.0,93.0,0.199999960000008,0.599999880000024,0.0,9.0,2026-02-13,0
2026-02-13 17:43:44.540,0.0,1.0,1.0,0.0,0.0,3.0,0.0,0.0,38.0,75.0,0.3333332222222592,0.3333332222222592,0.0,5.0,2026-02-13,0
2026-02-13 17:43:45.556,0.0,0.0,1.0,2.0,1.0,6.0,1.0,2.0,51.0,77.0,0.0,0.4285713673469475,0.0,13.0,2026-02-13,0
2026-02-13 17:43:46.559,0.0,2.0,2.0,5.0,0.0,1.0,1.0,0.0,40.0,77.0,1.999998000002,6.9999930000070005,0.0,11.0,2026-02-13,0
2026-02-13 17:43:47.564,0.0,1.0,0.0,0.0,1.0,2.0,1.0,0.0,47.0,57.0,0.3333332222222592,0.0,0.0,5.0,2026-02-13,0
2026-02-13 17:43:48.568,1.0,1.0,0.0,4.0,5.0,1.0,0.0,0.0,29.0,64.0,0.1666666388888935,0.6666665555555741,0.099999990000001,12.0,2026-02-13,0
2026-02-13 17:43:49.574,1.0,2.0,1.0,7.0,19.0,2.0,2.0,0.0,10.0,53.0,0.095238090702948,0.3809523628117922,0.034482757431629,34.0,2026-02-13,0
2026-02-13 17:43:50.583,4.0,4.0,3.0,13.0,12.0,3.0,0.0,0.0,13.0,51.0,0.2666666488888901,1.0666665955555603,0.1290322539021853,39.0,2026-02-13,1
2026-02-13 17:43:51.587,0.0,0.0,2.0,6.0,8.0,2.0,0.0,0.0,1.0,74.0,0.0,0.7999999200000081,0.0,18.0,2026-02-13,0
2026-02-13 17:43:52.601,0.0,1.0,3.0,1.0,2.0,3.0,1.0,1.0,8.0,77.0,0.199999960000008,0.799999840000032,0.0,12.0,2026-02-13,0
2026-02-13 17:43:53.614,0.0,1.0,4.0,5.0,6.0,3.0,0.0,0.0,10.0,88.0,0.1111110987654334,0.9999998888889012,0.0,19.0,2026-02-13,0
2026-02-13 17:43:54.618,0.0,0.0,2.0,2.0,1.0,1.0,0.0,1.0,20.0,94.0,0.0,1.9999990000005,0.0,7.0,2026-02-13,1
2026-02-13 17:43:55.622,0.0,0.0,0.0,2.0,0.0,1.0,0.0,0.0,23.0,93.0,0.0,1.999998000002,0.0,3.0,2026-02-13,1
2026-02-13 17:43:56.631,0.0,1.0,2.0,2.0,3.0,5.0,1.0,0.0,30.0,88.0,0.1249999843750019,0.4999999375000079,0.0,14.0,2026-02-13,0
2026-02-13 17:43:57.645,0.0,1.0,0.0,2.0,2.0,3.0,0.0,1.0,38.0,74.0,0.199999960000008,0.399999920000016,0.0,9.0,2026-02-13,0
2026-02-13 17:43:58.658,0.0,0.0,0.0,1.0,2.0,1.0,1.0,1.0,44.0,60.0,0.0,0.3333332222222592,0.0,6.0,2026-02-13,0
2026-02-13 17:43:59.661,1.0,0.0,2.0,2.0,9.0,3.0,0.0,1.0,51.0,56.0,0.0,0.3333333055555579,0.0624999960937502,18.0,2026-02-13,0
2026-02-13 17:44:00.663,0.0,3.0,1.0,8.0,4.0,2.0,1.0,0.0,37.0,56.0,0.4999999166666805,1.4999997500000417,0.0,19.0,2026-02-13,0
2026-02-13 17:44:01.671,1.0,4.0,2.0,2.0,2.0,4.0,0.0,1.0,29.0,56.0,0.6666665555555741,0.6666665555555741,0.099999990000001,16.0,2026-02-13,0
2026-02-13 17:44:02.675,0.0,0.0,4.0,1.0,3.0,2.0,0.0,1.0,21.0,70.0,0.0,0.99999980000004,0.0,11.0,2026-02-13,0
2026-02-13 17:44:03.680,1.0,3.0,1.0,2.0,3.0,3.0,0.0,1.0,13.0,63.0,0.4999999166666805,0.4999999166666805,0.1111110987654334,14.0,2026-02-13,0
2026-02-13 17:44:04.684,0.0,2.0,6.0,3.0,4.0,3.0,0.0,0.0,14.0,67.0,0.285714244897965,1.2857141020408425,0.0,18.0,2026-02-13,0
2026-02-13 17:44:05.689,53.0,3.0,1.0,12.0,18.0,7.0,1.0,1.0,17.0,75.0,0.1199999952000001,0.5199999792000009,1.3947368054016631,96.0,2026-02-13,1
2026-02-13 17:44:06.703,0.0,2.0,0.0,1.0,1.0,1.0,0.0,0.0,17.0,51.0,0.99999950000025,0.499999750000125,0.0,5.0,2026-02-13,0
2026-02-13 17:44:07.706,0.0,1.0,0.0,1.0,2.0,1.0,0.0,0.0,16.0,51.0,0.3333332222222592,0.3333332222222592,0.0,5.0,2026-02-13,0
2026-02-13 17:44:08.718,4.0,0.0,0.0,0.0,1.0,0.0,0.0,0.0,23.0,47.0,0.0,0.0,3.999996000004,5.0,2026-02-13,1
2026-02-13 17:44:09.732,1.0,3.0,5.0,4.0,9.0,3.0,0.0,0.0,16.0,50.0,0.2499999791666684,0.7499999375000053,0.047619045351474,25.0,2026-02-13,0
2026-02-13 17:44:10.746,1.0,1.0,1.0,3.0,2.0,0.0,0.0,0.0,8.0,75.0,0.499999750000125,1.9999990000005,0.1666666388888935,8.0,2026-02-13,1
2026-02-13 17:44:11.748,0.0,2.0,3.0,5.0,14.0,2.0,0.0,1.0,1.0,74.0,0.1249999921875004,0.4999999687500019,0.0,27.0,2026-02-13,0
2026-02-13 17:44:12.760,0.0,1.0,2.0,4.0,0.0,1.0,1.0,0.0,1.0,83.0,0.999999000001,5.999994000006001,0.0,9.0,2026-02-13,1
2026-02-13 17:44:13.762,0.0,0.0,1.0,1.0,1.0,5.0,1.0,0.0,13.0,87.0,0.0,0.333333277777787,0.0,9.0,2026-02-13,0
2026-02-13 17:44:14.762,0.0,1.0,2.0,6.0,3.0,1.0,0.0,0.0,17.0,91.0,0.2499999375000156,1.999999500000125,0.0,13.0,2026-02-13,1
2026-02-13 17:44:15.772,1.0,1.0,4.0,5.0,1.0,1.0,0.0,1.0,14.0,100.0,0.499999750000125,4.499997750001125,0.0909090826446288,14.0,2026-02-13,1
2026-02-13 17:44:16.784,0.0,1.0,0.0,1.0,3.0,1.0,0.0,0.0,20.0,88.0,0.2499999375000156,0.2499999375000156,0.0,6.0,2026-02-13,1
2026-02-13 17:44:17.785,0.0,1.0,1.0,3.0,1.0,3.0,1.0,0.0,8.0,88.0,0.2499999375000156,0.9999997500000624,0.0,10.0,2026-02-13,1
2026-02-13 17:44:18.788,0.0,1.0,1.0,2.0,3.0,4.0,1.0,1.0,26.0,74.0,0.1428571224489825,0.4285713673469475,0.0,13.0,2026-02-13,0
2026-02-13 17:44:19.791,0.0,1.0,1.0,1.0,0.0,2.0,0.0,1.0,40.0,56.0,0.499999750000125,0.99999950000025,0.0,6.0,2026-02-13,0
2026-02-13 17:44:20.797,0.0,3.0,0.0,0.0,1.0,2.0,0.0,1.0,40.0,47.0,0.9999996666667778,0.0,0.0,7.0,2026-02-13,0
2026-02-13 17:44:21.812,0.0,1.0,2.0,0.0,1.0,4.0,0.0,1.0,47.0,41.0,0.199999960000008,0.399999920000016,0.0,9.0,2026-02-13,0
2026-02-13 17:44:22.827,0.0,0.0,1.0,0.0,5.0,2.0,1.0,1.0,44.0,40.0,0.0,0.1428571224489825,0.0,10.0,2026-02-13,0
2026-02-13 17:44:23.841,0.0,1.0,0.0,0.0,4.0,3.0,0.0,1.0,51.0,26.0,0.1428571224489825,0.0,0.0,9.0,2026-02-13,0
2026-02-13 17:44:24.855,0.0,0.0,1.0,1.0,0.0,2.0,1.0,1.0,60.0,44.0,0.0,0.99999950000025,0.0,6.0,2026-02-13,0
2026-02-13 17:44:25.857,1.0,0.0,1.0,1.0,1.0,1.0,0.0,0.0,51.0,48.0,0.0,0.99999950000025,0.2499999375000156,5.0,2026-02-13,0
2026-02-13 17:44:26.871,1.0,1.0,0.0,1.0,4.0,1.0,1.0,0.0,41.0,50.0,0.199999960000008,0.199999960000008,0.1666666388888935,9.0,2026-02-13,0
2026-02-13 17:44:27.886,0.0,2.0,1.0,1.0,1.0,2.0,1.0,0.0,29.0,60.0,0.6666664444445185,0.6666664444445185,0.0,8.0,2026-02-13,0
2026-02-13 17:44:28.901,1.0,0.0,1.0,2.0,2.0,3.0,1.0,0.0,34.0,63.0,0.0,0.599999880000024,0.1249999843750019,10.0,2026-02-13,0
2026-02-13 17:44:29.916,0.0,3.0,0.0,0.0,2.0,1.0,1.0,1.0,23.0,41.0,0.9999996666667778,0.0,0.0,8.0,2026-02-13,1
2026-02-13 17:44:30.925,0.0,3.0,2.0,2.0,1.0,4.0,1.0,0.0,26.0,43.0,0.599999880000024,0.799999840000032,0.0,13.0,2026-02-13,0
2026-02-13 17:44:31.939,0.0,2.0,0.0,1.0,4.0,1.0,0.0,1.0,24.0,37.0,0.399999920000016,0.199999960000008,0.0,9.0,2026-02-13,0
2026-02-13 17:44:32.953,0.0,0.0,1.0,1.0,14.0,2.0,1.0,1.0,23.0,20.0,0.0,0.1249999921875004,0.0,20.0,2026-02-13,0
2026-02-13 17:44:33.955,0.0,2.0,1.0,1.0,1.0,1.0,1.0,0.0,20.0,34.0,0.99999950000025,0.99999950000025,0.0,7.0,2026-02-13,0
2026-02-13 17:44:34.960,1.0,0.0,0.0,0.0,2.0,3.0,0.0,1.0,38.0,26.0,0.0,0.0,0.199999960000008,7.0,2026-02-13,0
2026-02-13 17:44:35.963,0.0,2.0,0.0,2.0,5.0,1.0,1.0,1.0,40.0,30.0,0.333333277777787,0.333333277777787,0.0,12.0,2026-02-13,0
2026-02-13 17:44:36.978,1.0,1.0,1.0,4.0,5.0,0.0,0.0,0.0,20.0,43.0,0.199999960000008,0.99999980000004,0.099999990000001,12.0,2026-02-13,0
2026-02-13 17:44:37.993,1.0,6.0,3.0,11.0,5.0,1.0,1.0,0.0,16.0,48.0,0.9999998333333612,2.333332944444509,0.0499999975000001,28.0,2026-02-13,0
2026-02-13 17:44:39.008,2.0,2.0,2.0,2.0,1.0,3.0,1.0,1.0,1.0,56.0,0.4999998750000312,0.9999997500000624,0.2499999687500039,14.0,2026-02-13,0
2026-02-13 17:44:40.010,8.0,4.0,1.0,6.0,6.0,6.0,0.0,1.0,8.0,61.0,0.3333333055555579,0.5833332847222263,0.4210526094182837,32.0,2026-02-13,1
2026-02-13 17:44:41.012,0.0,4.0,2.0,8.0,6.0,2.0,0.0,1.0,13.0,60.0,0.4999999375000079,1.2499998437500195,0.0,23.0,2026-02-13,0
2026-02-13 17:44:42.026,1.0,6.0,2.0,16.0,4.0,4.0,1.0,0.0,24.0,63.0,0.7499999062500118,2.249999718750036,0.0384615369822485,34.0,2026-02-13,0
2026-02-13 17:44:43.030,0.0,0.0,1.0,16.0,5.0,2.0,1.0,0.0,17.0,81.0,0.0,2.428571081632702,0.0,25.0,2026-02-13,0
2026-02-13 17:44:44.042,0.0,2.0,1.0,5.0,5.0,3.0,0.0,0.0,14.0,87.0,0.2499999687500039,0.7499999062500118,0.0,16.0,2026-02-13,0
2026-02-13 17:44:45.057,0.0,1.0,2.0,1.0,3.0,3.0,1.0,0.0,26.0,88.0,0.1666666388888935,0.4999999166666805,0.0,11.0,2026-02-13,0
2026-02-13 17:44:46.061,0.0,0.0,0.0,1.0,7.0,3.0,0.0,1.0,44.0,74.0,0.0,0.099999990000001,0.0,12.0,2026-02-13,0
2026-02-13 17:44:47.067,0.0,0.0,1.0,2.0,1.0,4.0,1.0,1.0,61.0,60.0,0.0,0.599999880000024,0.0,10.0,2026-02-13,0
2026-02-13 17:44:48.068,2.0,2.0,1.0,2.0,3.0,4.0,0.0,0.0,66.0,54.0,0.285714244897965,0.4285713673469475,0.199999980000002,14.0,2026-02-13,0
2026-02-13 17:44:49.069,0.0,1.0,14.0,2.0,9.0,10.0,0.0,1.0,67.0,64.0,0.0526315761772854,0.8421052188365674,0.0,37.0,2026-02-13,0
2026-02-13 17:44:50.074,0.0,0.0,1.0,2.0,1.0,1.0,0.0,0.0,57.0,84.0,0.0,1.499999250000375,0.0,5.0,2026-02-13,0
2026-02-13 17:44:51.088,0.0,0.0,0.0,2.0,1.0,2.0,1.0,1.0,53.0,83.0,0.0,0.6666664444445185,0.0,7.0,2026-02-13,0
2026-02-13 17:44:52.103,1.0,1.0,2.0,2.0,7.0,2.0,0.0,1.0,48.0,87.0,0.1111110987654334,0.4444443950617339,0.0769230710059176,16.0,2026-02-13,0
2026-02-13 17:44:53.106,0.0,1.0,3.0,1.0,2.0,2.0,0.0,1.0,41.0,78.0,0.2499999375000156,0.9999997500000624,0.0,10.0,2026-02-13,0
2026-02-13 17:44:54.110,1.0,2.0,3.0,2.0,3.0,2.0,1.0,0.0,38.0,69.0,0.399999920000016,0.99999980000004,0.099999990000001,14.0,2026-02-13,0
2026-02-13 17:44:55.123,0.0,1.0,1.0,1.0,4.0,2.0,1.0,1.0,35.0,69.0,0.1666666388888935,0.333333277777787,0.0,11.0,2026-02-13,0
2026-02-13 17:44:56.129,3.0,2.0,7.0,1.0,1.0,3.0,0.0,0.0,30.0,81.0,0.4999998750000312,1.999999500000125,0.2499999791666684,17.0,2026-02-13,1
2026-02-13 17:44:57.133,0.0,1.0,2.0,7.0,13.0,1.0,0.0,1.0,27.0,78.0,0.0714285663265309,0.6428570969387788,0.0,25.0,2026-02-13,0
2026-02-13 17:44:58.133,0.0,0.0,0.0,1.0,1.0,2.0,0.0,0.0,38.0,77.0,0.0,0.3333332222222592,0.0,4.0,2026-02-13,0
2026-02-13 17:44:59.136,1.0,1.0,3.0,2.0,2.0,1.0,0.0,0.0,29.0,84.0,0.3333332222222592,1.666666111111296,0.1249999843750019,10.0,2026-02-13,1
2026-02-13 17:45:00.144,3.0,1.0,0.0,0.0,1.0,1.0,0.0,0.0,38.0,64.0,0.499999750000125,0.0,1.499999250000375,6.0,2026-02-13,0
2026-02-13 17:45:01.149,0.0,0.0,3.0,7.0,7.0,4.0,0.0,1.0,48.0,69.0,0.0,0.9090908264462886,0.0,22.0,2026-02-13,0
2026-02-13 17:45:02.160,2.0,2.0,0.0,1.0,1.0,2.0,1.0,0.0,38.0,61.0,0.6666664444445185,0.3333332222222592,0.4999998750000312,9.0,2026-02-13,0
2026-02-13 17:45:03.170,0.0,0.0,2.0,1.0,2.0,1.0,0.0,0.0,43.0,61.0,0.0,0.9999996666667778,0.0,6.0,2026-02-13,0
2026-02-13 17:45:04.184,0.0,1.0,0.0,1.0,3.0,0.0,0.0,1.0,30.0,64.0,0.3333332222222592,0.3333332222222592,0.0,6.0,2026-02-13,0
2026-02-13 17:45:05.192,0.0,1.0,1.0,5.0,1.0,3.0,0.0,1.0,29.0,63.0,0.2499999375000156,1.4999996250000938,0.0,12.0,2026-02-13,0
2026-02-13 17:45:06.207,0.0,0.0,1.0,3.0,2.0,2.0,0.0,0.0,34.0,77.0,0.0,0.9999997500000624,0.0,8.0,2026-02-13,1
2026-02-13 17:45:07.221,0.0,0.0,3.0,2.0,6.0,3.0,0.0,0.0,35.0,74.0,0.0,0.5555554938271674,0.0,14.0,2026-02-13,0
2026-02-13 17:45:08.229,2.0,4.0,5.0,4.0,2.0,1.0,0.0,0.0,30.0,84.0,1.333332888889037,2.9999990000003334,0.1666666527777789,18.0,2026-02-13,1
2026-02-13 17:45:09.238,1.0,4.0,4.0,6.0,6.0,3.0,0.0,1.0,24.0,81.0,0.4444443950617339,1.1111109876543348,0.0526315761772854,25.0,2026-02-13,1
2026-02-13 17:45:10.242,25.0,4.0,2.0,8.0,7.0,3.0,1.0,1.0,20.0,77.0,0.399999960000004,0.99999990000001,1.249999937500003,51.0,2026-02-13,1
2026-02-13 17:45:11.246,1.0,0.0,2.0,4.0,1.0,3.0,0.0,0.0,23.0,83.0,0.0,1.4999996250000938,0.099999990000001,11.0,2026-02-13,1
2026-02-13 17:45:12.252,0.0,1.0,3.0,1.0,1.0,2.0,0.0,0.0,30.0,83.0,0.3333332222222592,1.333332888889037,0.0,8.0,2026-02-13,1
2026-02-13 17:45:13.255,0.0,0.0,1.0,1.0,1.0,2.0,0.0,1.0,44.0,84.0,0.0,0.6666664444445185,0.0,6.0,2026-02-13,0
2026-02-13 17:45:14.256,1.0,1.0,0.0,0.0,0.0,1.0,1.0,1.0,48.0,67.0,0.999999000001,0.0,0.999999000001,5.0,2026-02-13,0
2026-02-13 17:45:15.270,1.0,0.0,0.0,0.0,2.0,2.0,0.0,0.0,57.0,43.0,0.0,0.0,0.2499999375000156,5.0,2026-02-13,0
2026-02-13 17:45:16.274,0.0,2.0,0.0,2.0,3.0,0.0,1.0,0.0,51.0,30.0,0.6666664444445185,0.6666664444445185,0.0,8.0,2026-02-13,0
2026-02-13 17:45:17.280,1.0,0.0,0.0,0.0,2.0,1.0,1.0,0.0,50.0,17.0,0.0,0.0,0.3333332222222592,5.0,2026-02-13,0
2026-02-13 17:45:18.285,0.0,5.0,3.0,8.0,6.0,2.0,0.0,1.0,43.0,35.0,0.6249999218750099,1.3749998281250215,0.0,25.0,2026-02-13,0
2026-02-13 17:45:19.289,0.0,2.0,7.0,3.0,6.0,5.0,0.0,0.0,27.0,54.0,0.1818181652892577,0.9090908264462886,0.0,23.0,2026-02-13,0
2026-02-13 17:45:20.301,2.0,2.0,2.0,5.0,2.0,4.0,1.0,0.0,38.0,64.0,0.333333277777787,1.1666664722222546,0.1538461420118352,18.0,2026-02-13,0
2026-02-13 17:45:21.303,0.0,0.0,5.0,0.0,1.0,1.0,1.0,1.0,27.0,90.0,0.0,2.499998750000625,0.0,9.0,2026-02-13,1
2026-02-13 17:45:22.308,0.0,1.0,0.0,1.0,1.0,2.0,0.0,1.0,40.0,87.0,0.3333332222222592,0.3333332222222592,0.0,6.0,2026-02-13,0
2026-02-13 17:45:23.317,0.0,1.0,1.0,0.0,3.0,2.0,0.0,1.0,47.0,70.0,0.199999960000008,0.199999960000008,0.0,8.0,2026-02-13,0
2026-02-13 17:45:24.317,0.0,1.0,2.0,9.0,2.0,1.0,1.0,1.0,35.0,84.0,0.3333332222222592,3.666665444444852,0.0,17.0,2026-02-13,1
2026-02-13 17:45:25.322,1.0,1.0,4.0,6.0,16.0,2.0,0.0,0.0,43.0,69.0,0.0555555524691359,0.5555555246913597,0.0357142844387755,30.0,2026-02-13,0
2026-02-13 17:45:26.332,0.0,2.0,3.0,8.0,2.0,1.0,0.0,0.0,23.0,87.0,0.6666664444445185,3.666665444444852,0.0,16.0,2026-02-13,1
2026-02-13 17:45:27.339,0.0,0.0,5.0,4.0,7.0,2.0,1.0,0.0,29.0,84.0,0.0,0.9999998888889012,0.0,19.0,2026-02-13,0
2026-02-13 17:45:28.346,0.0,1.0,0.0,2.0,1.0,0.0,0.0,0.0,11.0,90.0,0.999999000001,1.999998000002,0.0,4.0,2026-02-13,1
2026-02-13 17:45:29.350,0.0,1.0,0.0,1.0,3.0,2.0,0.0,0.0,20.0,78.0,0.199999960000008,0.199999960000008,0.0,7.0,2026-02-13,0
2026-02-13 17:45:30.363,0.0,1.0,2.0,1.0,7.0,5.0,0.0,0.0,44.0,64.0,0.0833333263888894,0.2499999791666684,0.0,16.0,2026-02-13,0
2026-02-13 17:45:31.377,0.0,1.0,2.0,5.0,4.0,2.0,0.0,1.0,44.0,61.0,0.1666666388888935,1.1666664722222546,0.0,15.0,2026-02-13,0
2026-02-13 17:45:32.388,1.0,2.0,3.0,4.0,3.0,1.0,0.0,0.0,43.0,64.0,0.4999998750000312,1.7499995625001092,0.0909090826446288,14.0,2026-02-13,0
2026-02-13 17:45:33.391,0.0,3.0,2.0,4.0,2.0,3.0,0.0,1.0,35.0,75.0,0.599999880000024,1.199999760000048,0.0,15.0,2026-02-13,1
2026-02-13 17:45:34.393,0.0,2.0,0.0,1.0,2.0,2.0,0.0,0.0,26.0,66.0,0.4999998750000312,0.2499999375000156,0.0,7.0,2026-02-13,0
2026-02-13 17:45:35.400,0.0,0.0,1.0,7.0,4.0,4.0,0.0,0.0,35.0,66.0,0.0,0.9999998750000156,0.0,16.0,2026-02-13,0
2026-02-13 17:45:36.410,0.0,0.0,4.0,1.0,2.0,1.0,0.0,0.0,38.0,75.0,0.0,1.666666111111296,0.0,8.0,2026-02-13,0
2026-02-13 17:45:37.414,7.0,2.0,1.0,2.0,7.0,4.0,0.0,0.0,48.0,64.0,0.1818181652892577,0.2727272479338866,0.4999999642857168,23.0,2026-02-13,0
2026-02-13 17:45:38.416,2.0,4.0,2.0,4.0,8.0,3.0,1.0,1.0,43.0,75.0,0.3636363305785154,0.5454544958677732,0.1176470519031145,25.0,2026-02-13,0
2026-02-13 17:45:39.419,0.0,0.0,1.0,3.0,1.0,0.0,0.0,0.0,29.0,77.0,0.0,3.999996000004,0.0,5.0,2026-02-13,1
2026-02-13 17:45:40.423,0.0,2.0,0.0,9.0,2.0,2.0,0.0,0.0,29.0,64.0,0.4999998750000312,2.2499994375001404,0.0,15.0,2026-02-13,0
2026-02-13 17:45:41.432,0.0,0.0,2.0,5.0,19.0,2.0,1.0,1.0,21.0,74.0,0.0,0.3333333174603182,0.0,30.0,2026-02-13,0
2026-02-13 17:45:42.433,0.0,0.0,1.0,1.0,1.0,2.0,0.0,0.0,29.0,81.0,0.0,0.6666664444445185,0.0,5.0,2026-02-13,1
2026-02-13 17:45:43.441,0.0,1.0,2.0,6.0,2.0,2.0,0.0,1.0,35.0,81.0,0.2499999375000156,1.999999500000125,0.0,14.0,2026-02-13,1
2026-02-13 17:45:44.446,0.0,0.0,0.0,2.0,1.0,1.0,1.0,0.0,43.0,84.0,0.0,0.99999950000025,0.0,5.0,2026-02-13,0
2026-02-13 17:45:45.450,0.0,0.0,1.0,0.0,1.0,2.0,1.0,0.0,54.0,90.0,0.0,0.3333332222222592,0.0,5.0,2026-02-13,0
2026-02-13 17:45:46.459,0.0,1.0,2.0,1.0,6.0,2.0,1.0,0.0,53.0,87.0,0.1249999843750019,0.3749999531250059,0.0,13.0,2026-02-13,0
2026-02-13 17:45:47.469,0.0,2.0,1.0,0.0,4.0,1.0,1.0,2.0,53.0,64.0,0.399999920000016,0.199999960000008,0.0,11.0,2026-02-13,0
2026-02-13 17:45:48.476,0.0,0.0,0.0,0.0,0.0,1.0,1.0,0.0,51.0,57.0,0.0,0.0,0.0,2.0,2026-02-13,0
2026-02-13 17:45:49.484,0.0,2.0,2.0,4.0,6.0,3.0,0.0,1.0,41.0,54.0,0.2222221975308669,0.6666665925926009,0.0,18.0,2026-02-13,0
2026-02-13 17:45:50.488,0.0,1.0,4.0,1.0,22.0,2.0,0.0,1.0,35.0,48.0,0.0416666649305556,0.2083333246527781,0.0,31.0,2026-02-13,0
2026-02-13 17:45:51.493,0.0,3.0,4.0,4.0,2.0,1.0,0.0,1.0,26.0,61.0,0.9999996666667778,2.666665777778074,0.0,15.0,2026-02-13,1
2026-02-13 17:45:52.498,0.0,1.0,5.0,2.0,5.0,2.0,0.0,0.0,20.0,69.0,0.1428571224489825,0.9999998571428776,0.0,15.0,2026-02-13,0
2026-02-13 17:45:53.502,1.0,0.0,3.0,3.0,4.0,4.0,0.0,0.0,24.0,81.0,0.0,0.7499999062500118,0.0714285663265309,15.0,2026-02-13,0
2026-02-13 17:45:54.509,59.0,1.0,11.0,5.0,8.0,5.0,2.0,1.0,27.0,97.0,0.0769230710059176,1.230769136094682,2.034482688466114,92.0,2026-02-13,1
2026-02-13 17:45:55.519,0.0,0.0,4.0,6.0,2.0,4.0,0.0,0.0,40.0,100.0,0.0,1.666666388888935,0.0,16.0,2026-02-13,0
2026-02-13 17:45:56.528,17.0,6.0,1.0,5.0,6.0,2.0,0.0,0.0,37.0,94.0,0.7499999062500118,0.7499999062500118,1.2142856275510268,37.0,2026-02-13,1
2026-02-13 17:45:57.534,0.0,0.0,1.0,1.0,1.0,1.0,0.0,0.0,34.0,90.0,0.0,0.99999950000025,0.0,4.0,2026-02-13,1
2026-02-13 17:45:58.536,21.0,4.0,10.0,7.0,4.0,5.0,1.0,0.0,29.0,88.0,0.4444443950617339,1.888888679012369,0.8076922766272201,52.0,2026-02-13,1
2026-02-13 17:45:59.539,9.0,10.0,1.0,5.0,2.0,3.0,0.0,1.0,17.0,61.0,1.99999960000008,1.199999760000048,0.8181817438016598,31.0,2026-02-13,1
2026-02-13 17:46:00.545,1.0,3.0,3.0,12.0,16.0,2.0,0.0,0.0,14.0,70.0,0.1666666574074079,0.8333332870370396,0.0303030293847566,37.0,2026-02-13,1
2026-02-13 17:46:01.553,1.0,5.0,3.0,4.0,6.0,5.0,1.0,1.0,13.0,60.0,0.4545454132231443,0.636363578512402,0.0555555524691359,26.0,2026-02-13,0
2026-02-13 17:46:02.560,0.0,1.0,7.0,7.0,2.0,1.0,0.0,1.0,1.0,66.0,0.3333332222222592,4.666665111111629,0.0,19.0,2026-02-13,0
2026-02-13 17:46:03.564,0.0,1.0,1.0,1.0,2.0,1.0,0.0,1.0,11.0,77.0,0.3333332222222592,0.6666664444445185,0.0,7.0,2026-02-13,1
2026-02-13 17:46:04.573,0.0,2.0,2.0,0.0,1.0,1.0,0.0,0.0,17.0,69.0,0.99999950000025,0.99999950000025,0.0,6.0,2026-02-13,0
2026-02-13 17:46:05.578,0.0,0.0,3.0,3.0,2.0,2.0,0.0,0.0,20.0,88.0,0.0,1.4999996250000938,0.0,10.0,2026-02-13,1
2026-02-13 17:46:06.585,1.0,2.0,9.0,0.0,7.0,3.0,0.0,0.0,29.0,77.0,0.199999980000002,0.8999999100000091,0.0526315761772854,22.0,2026-02-13,0
2026-02-13 17:46:07.599,0.0,1.0,2.0,1.0,1.0,3.0,0.0,0.0,34.0,80.0,0.2499999375000156,0.7499998125000469,0.0,8.0,2026-02-13,1
2026-02-13 17:46:08.607,0.0,1.0,4.0,3.0,2.0,1.0,0.0,0.0,29.0,93.0,0.3333332222222592,2.333332555555814,0.0,11.0,2026-02-13,1
2026-02-13 17:46:09.610,0.0,1.0,1.0,1.0,3.0,0.0,0.0,0.0,24.0,75.0,0.3333332222222592,0.6666664444445185,0.0,6.0,2026-02-13,1
2026-02-13 17:46:10.617,0.0,2.0,0.0,1.0,1.0,1.0,0.0,0.0,26.0,57.0,0.99999950000025,0.499999750000125,0.0,5.0,2026-02-13,0
2026-02-13 17:46:11.624,0.0,0.0,1.0,6.0,1.0,3.0,1.0,0.0,26.0,66.0,0.0,1.7499995625001092,0.0,12.0,2026-02-13,0
2026-02-13 17:46:12.636,1.0,1.0,2.0,3.0,1.0,2.0,0.0,0.0,34.0,60.0,0.3333332222222592,1.666666111111296,0.1249999843750019,10.0,2026-02-13,0
2026-02-13 17:46:13.644,0.0,1.0,0.0,1.0,3.0,3.0,0.0,1.0,48.0,53.0,0.1666666388888935,0.1666666388888935,0.0,9.0,2026-02-13,0
2026-02-13 17:46:14.647,0.0,2.0,1.0,5.0,2.0,4.0,0.0,1.0,54.0,64.0,0.333333277777787,0.9999998333333612,0.0,15.0,2026-02-13,0
2026-02-13 17:46:15.649,0.0,1.0,1.0,3.0,2.0,3.0,0.0,1.0,54.0,56.0,0.199999960000008,0.799999840000032,0.0,11.0,2026-02-13,0
2026-02-13 17:46:16.717,0.0,1.0,1.0,3.0,2.0,3.0,0.0,1.0,54.0,56.0,0.199999960000008,0.799999840000032,0.0,11.0,2026-02-13,0
2026-02-13 17:46:17.723,3.0,0.0,0.0,1.0,1.0,0.0,0.0,0.0,47.0,63.0,0.0,0.999999000001,1.499999250000375,5.0,2026-02-13,0
2026-02-13 17:46:18.724,0.0,1.0,2.0,2.0,1.0,2.0,0.0,1.0,40.0,64.0,0.3333332222222592,1.333332888889037,0.0,9.0,2026-02-13,0
2026-02-13 17:46:19.727,0.0,0.0,1.0,7.0,1.0,1.0,0.0,1.0,30.0,80.0,0.0,3.999998000001,0.0,11.0,2026-02-13,1
2026-02-13 17:46:20.729,0.0,5.0,2.0,2.0,2.0,2.0,1.0,0.0,20.0,77.0,1.249999687500078,0.9999997500000624,0.0,14.0,2026-02-13,1
2026-02-13 17:46:21.732,0.0,2.0,0.0,3.0,7.0,1.0,0.0,1.0,14.0,66.0,0.2499999687500039,0.3749999531250059,0.0,14.0,2026-02-13,0
2026-02-13 17:46:22.740,0.0,1.0,2.0,1.0,3.0,1.0,0.0,0.0,11.0,63.0,0.2499999375000156,0.7499998125000469,0.0,8.0,2026-02-13,0
2026-02-13 17:46:23.755,0.0,1.0,2.0,5.0,2.0,1.0,1.0,0.0,11.0,54.0,0.3333332222222592,2.333332555555814,0.0,12.0,2026-02-13,0
2026-02-13 17:46:24.771,0.0,1.0,3.0,2.0,3.0,1.0,1.0,1.0,14.0,69.0,0.2499999375000156,1.249999687500078,0.0,12.0,2026-02-13,0
2026-02-13 17:46:25.775,0.0,2.0,1.0,0.0,7.0,3.0,0.0,0.0,26.0,64.0,0.199999980000002,0.099999990000001,0.0,13.0,2026-02-13,0
2026-02-13 17:46:26.781,1.0,0.0,0.0,2.0,1.0,4.0,0.0,0.0,47.0,64.0,0.0,0.399999920000016,0.1428571224489825,8.0,2026-02-13,0
2026-02-13 17:46:27.788,0.0,1.0,0.0,4.0,3.0,1.0,0.0,0.0,50.0,56.0,0.2499999375000156,0.9999997500000624,0.0,9.0,2026-02-13,0
2026-02-13 17:46:28.794,1.0,2.0,1.0,2.0,1.0,5.0,4.0,2.0,61.0,44.0,0.333333277777787,0.4999999166666805,0.1111110987654334,18.0,2026-02-13,0
2026-02-13 17:46:29.805,0.0,2.0,5.0,1.0,1.0,3.0,0.0,0.0,56.0,63.0,0.4999998750000312,1.4999996250000938,0.0,12.0,2026-02-13,0
2026-02-13 17:46:30.809,0.0,2.0,3.0,1.0,5.0,2.0,0.0,0.0,37.0,60.0,0.285714244897965,0.57142848979593,0.0,13.0,2026-02-13,0
2026-02-13 17:46:31.814,2.0,1.0,2.0,1.0,3.0,3.0,0.0,1.0,43.0,63.0,0.1666666388888935,0.4999999166666805,0.2222221975308669,13.0,2026-02-13,0
2026-02-13 17:46:32.818,1.0,3.0,3.0,2.0,5.0,2.0,0.0,0.0,30.0,66.0,0.4285713673469475,0.7142856122449125,0.0833333263888894,16.0,2026-02-13,0
2026-02-13 17:46:33.821,1.0,2.0,2.0,7.0,2.0,3.0,0.0,2.0,27.0,64.0,0.399999920000016,1.799999640000072,0.0714285663265309,19.0,2026-02-13,0
2026-02-13 17:46:34.824,2.0,8.0,2.0,3.0,5.0,1.0,0.0,0.0,16.0,56.0,1.3333331111111482,0.8333331944444675,0.1818181652892577,21.0,2026-02-13,0
2026-02-13 17:46:35.830,2.0,1.0,3.0,1.0,2.0,1.0,0.0,0.0,3.0,60.0,0.3333332222222592,1.333332888889037,0.285714244897965,10.0,2026-02-13,0
2026-02-13 17:46:36.836,5.0,6.0,2.0,2.0,5.0,1.0,1.0,1.0,1.0,53.0,0.9999998333333612,0.6666665555555741,0.499999950000005,23.0,2026-02-13,1
2026-02-13 17:46:37.840,5.0,6.0,7.0,13.0,6.0,7.0,1.0,2.0,1.0,51.0,0.4615384260355057,1.5384614201183524,0.1515151469237834,47.0,2026-02-13,1
2026-02-13 17:46:38.846,2.0,2.0,13.0,26.0,26.0,1.0,1.0,2.0,1.0,75.0,0.0740740713305899,1.444444390946504,0.0303030298438934,73.0,2026-02-13,0
2026-02-13 17:46:39.852,4.0,6.0,2.0,5.0,13.0,3.0,0.0,1.0,1.0,61.0,0.3749999765625014,0.4374999726562517,0.1739130359168245,34.0,2026-02-13,1
2026-02-13 17:46:40.858,2.0,1.0,6.0,20.0,11.0,9.0,1.0,1.0,13.0,81.0,0.0499999975000001,1.299999935000003,0.0434782599243856,51.0,2026-02-13,0
2026-02-13 17:46:41.864,1.0,1.0,1.0,2.0,4.0,2.0,1.0,1.0,21.0,75.0,0.1666666388888935,0.4999999166666805,0.1111110987654334,13.0,2026-02-13,0
2026-02-13 17:46:42.867,0.0,1.0,4.0,4.0,5.0,6.0,1.0,2.0,47.0,69.0,0.0909090826446288,0.7272726611570308,0.0,23.0,2026-02-13,0
2026-02-13 17:46:43.873,3.0,1.0,0.0,1.0,0.0,1.0,0.0,0.0,54.0,70.0,0.999999000001,0.999999000001,1.499999250000375,6.0,2026-02-13,0
2026-02-13 17:46:44.893,1.0,0.0,3.0,3.0,3.0,1.0,1.0,2.0,51.0,67.0,0.0,1.4999996250000938,0.099999990000001,14.0,2026-02-13,0
2026-02-13 17:46:45.901,0.0,1.0,0.0,4.0,1.0,2.0,3.0,7.0,51.0,69.0,0.3333332222222592,1.333332888889037,0.0,18.0,2026-02-13,0
2026-02-13 17:46:46.912,0.0,1.0,3.0,5.0,5.0,3.0,2.0,3.0,44.0,69.0,0.1249999843750019,0.9999998750000156,0.0,22.0,2026-02-13,0
2026-02-13 17:46:47.922,0.0,1.0,1.0,9.0,6.0,2.0,3.0,3.0,40.0,83.0,0.1249999843750019,1.2499998437500195,0.0,25.0,2026-02-13,0
2026-02-13 17:46:48.940,16.0,7.0,10.0,8.0,9.0,7.0,5.0,1.0,38.0,78.0,0.4374999726562517,1.1249999296875044,0.4705882214532876,63.0,2026-02-13,1
2026-02-13 17:46:49.943,2.0,4.0,1.0,3.0,6.0,2.0,3.0,3.0,29.0,69.0,0.4999999375000079,0.4999999375000079,0.1666666527777789,24.0,2026-02-13,0
2026-02-13 17:46:50.946,3.0,7.0,4.0,3.0,4.0,4.0,3.0,3.0,26.0,57.0,0.8749998906250137,0.8749998906250137,0.1999999866666675,31.0,2026-02-13,0
2026-02-13 17:46:51.960,3.0,3.0,4.0,9.0,5.0,3.0,4.0,5.0,21.0,56.0,0.3749999531250059,1.6249997968750256,0.142857136054422,36.0,2026-02-13,0
2026-02-13 17:46:52.974,2.0,1.0,15.0,0.0,6.0,10.0,3.0,3.0,29.0,64.0,0.0624999960937502,0.9374999414062536,0.0645161269510926,40.0,2026-02-13,0
2026-02-13 17:46:53.984,4.0,1.0,4.0,4.0,9.0,6.0,2.0,1.0,40.0,74.0,0.0666666622222225,0.5333332977777802,0.1739130359168245,31.0,2026-02-13,0
2026-02-13 17:46:54.987,41.0,15.0,0.0,0.0,4.0,9.0,3.0,4.0,41.0,56.0,1.1538460650887643,0.0,3.1538459112426223,76.0,2026-02-13,0
2026-02-13 17:46:55.989,2.0,2.0,0.0,1.0,1.0,1.0,2.0,0.0,26.0,14.0,0.99999950000025,0.499999750000125,0.6666664444445185,9.0,2026-02-13,0
2026-02-13 17:46:56.991,20.0,4.0,1.0,1.0,0.0,1.0,1.0,0.0,13.0,4.0,3.999996000004,1.999998000002,6.666664444445185,28.0,2026-02-13,1
2026-02-13 17:46:57.995,9.0,0.0,0.0,1.0,2.0,1.0,1.0,1.0,16.0,35.0,0.0,0.3333332222222592,2.2499994375001404,15.0,2026-02-13,1
2026-02-13 17:46:58.998,2.0,1.0,0.0,3.0,2.0,7.0,3.0,3.0,47.0,50.0,0.1111110987654334,0.3333332962963004,0.1666666527777789,21.0,2026-02-13,0
2026-02-13 17:47:00.003,9.0,0.0,0.0,0.0,0.0,0.0,0.0,1.0,50.0,51.0,0.0,0.0,4279999.999999746,10.0,2026-02-13,0
2026-02-13 17:47:01.003,1.0,1.0,0.0,10.0,9.0,7.0,3.0,1.0,64.0,63.0,0.0624999960937502,0.6249999609375024,0.0384615369822485,32.0,2026-02-13,0
2026-02-13 17:47:02.007,1.0,1.0,0.0,10.0,9.0,7.0,3.0,1.0,64.0,63.0,0.0624999960937502,0.6249999609375024,0.0384615369822485,32.0,2026-02-13,0
2026-02-13 17:47:03.012,3.0,0.0,2.0,2.0,4.0,12.0,1.0,1.0,64.0,61.0,0.0,0.2499999843750009,0.1499999925000003,25.0,2026-02-13,0
2026-02-13 17:47:04.016,1.0,1.0,1.0,3.0,8.0,2.0,0.0,1.0,63.0,66.0,0.099999990000001,0.399999960000004,0.0714285663265309,17.0,2026-02-13,0
2026-02-13 17:47:05.019,1.0,3.0,5.0,1.0,3.0,2.0,2.0,1.0,50.0,66.0,0.599999880000024,1.199999760000048,0.0909090826446288,18.0,2026-02-13,0
2026-02-13 17:47:06.030,0.0,2.0,0.0,1.0,2.0,1.0,1.0,3.0,51.0,63.0,0.6666664444445185,0.3333332222222592,0.0,10.0,2026-02-13,0
2026-02-13 17:47:07.045,2.0,0.0,0.0,0.0,1.0,0.0,0.0,0.0,30.0,57.0,0.0,0.0,1.999998000002,3.0,2026-02-13,0
2026-02-13 17:47:08.049,1.0,1.0,2.0,1.0,2.0,8.0,5.0,2.0,44.0,61.0,0.099999990000001,0.299999970000003,0.0769230710059176,22.0,2026-02-13,0
2026-02-13 17:47:09.074,1.0,1.0,5.0,1.0,4.0,8.0,6.0,8.0,60.0,61.0,0.0833333263888894,0.4999999583333368,0.0555555524691359,34.0,2026-02-13,0
2026-02-13 17:47:10.085,2.0,1.0,1.0,2.0,1.0,4.0,4.0,2.0,67.0,66.0,0.199999960000008,0.599999880000024,0.2499999687500039,17.0,2026-02-13,0
2026-02-13 17:47:11.087,5.0,1.0,0.0,0.0,1.0,1.0,0.0,0.0,74.0,64.0,0.499999750000125,0.0,2.499998750000625,8.0,2026-02-13,0
2026-02-13 17:47:12.087,0.0,0.0,0.0,0.0,3.0,8.0,1.0,1.0,83.0,53.0,0.0,0.0,0.0,13.0,2026-02-13,0
2026-02-13 17:47:13.092,5.0,1.0,1.0,3.0,4.0,2.0,1.0,1.0,75.0,51.0,0.1666666388888935,0.6666665555555741,0.499999950000005,18.0,2026-02-13,0
2026-02-13 17:47:14.096,27.0,9.0,1.0,6.0,5.0,2.0,6.0,2.0,57.0,43.0,1.2857141020408425,0.9999998571428776,1.9285712908163364,58.0,2026-02-13,0
2026-02-13 17:47:15.098,33.0,5.0,1.0,0.0,0.0,1.0,2.0,2.0,44.0,38.0,4.999995000005001,0.999999000001,16.499991750004124,44.0,2026-02-13,1
2026-02-13 17:47:16.112,2.0,0.0,0.0,1.0,12.0,1.0,0.0,1.0,24.0,41.0,0.0,0.0769230710059176,0.1428571326530619,17.0,2026-02-13,0
2026-02-13 17:47:17.118,11.0,2.0,0.0,1.0,10.0,5.0,5.0,2.0,30.0,27.0,0.133333324444445,0.0666666622222225,0.6874999570312527,36.0,2026-02-13,0
2026-02-13 17:47:18.122,5.0,4.0,3.0,3.0,10.0,3.0,2.0,0.0,38.0,30.0,0.3076922840236705,0.4615384260355057,0.2631578808864273,30.0,2026-02-13,0
2026-02-13 17:47:19.127,0.0,0.0,4.0,4.0,6.0,5.0,1.0,2.0,51.0,51.0,0.0,0.7272726611570308,0.0,22.0,2026-02-13,0
2026-02-13 17:47:20.134,1.0,0.0,2.0,3.0,3.0,1.0,1.0,1.0,47.0,66.0,0.0,1.249999687500078,0.1111110987654334,12.0,2026-02-13,0
2026-02-13 17:47:21.135,0.0,1.0,3.0,0.0,1.0,5.0,0.0,1.0,47.0,81.0,0.1666666388888935,0.4999999166666805,0.0,11.0,2026-02-13,0
2026-02-13 17:47:22.138,0.0,0.0,0.0,1.0,1.0,2.0,2.0,1.0,56.0,88.0,0.0,0.3333332222222592,0.0,7.0,2026-02-13,0
2026-02-13 17:47:23.144,0.0,1.0,3.0,7.0,6.0,15.0,0.0,1.0,63.0,83.0,0.047619045351474,0.4761904535147402,0.0,33.0,2026-02-13,0
2026-02-13 17:47:24.151,0.0,1.0,2.0,0.0,6.0,2.0,1.0,1.0,66.0,75.0,0.1249999843750019,0.2499999687500039,0.0,13.0,2026-02-13,0
2026-02-13 17:47:25.153,0.0,1.0,0.0,3.0,5.0,4.0,1.0,1.0,63.0,69.0,0.1111110987654334,0.3333332962963004,0.0,15.0,2026-02-13,0
2026-02-13 17:47:26.156,0.0,0.0,1.0,0.0,3.0,2.0,0.0,1.0,60.0,67.0,0.0,0.199999960000008,0.0,7.0,2026-02-13,0
2026-02-13 17:47:27.158,0.0,1.0,0.0,1.0,0.0,8.0,1.0,2.0,64.0,60.0,0.1249999843750019,0.1249999843750019,0.0,13.0,2026-02-13,0
2026-02-13 17:47:28.172,0.0,0.0,0.0,2.0,1.0,7.0,1.0,1.0,81.0,60.0,0.0,0.2499999687500039,0.0,12.0,2026-02-13,0
2026-02-13 17:47:29.177,1.0,0.0,1.0,2.0,4.0,6.0,0.0,1.0,91.0,64.0,0.0,0.299999970000003,0.0769230710059176,15.0,2026-02-13,0
2026-02-13 17:47:30.180,0.0,1.0,2.0,1.0,1.0,4.0,0.0,1.0,94.0,67.0,0.199999960000008,0.599999880000024,0.0,10.0,2026-02-13,0
2026-02-13 17:47:31.187,2.0,0.0,1.0,2.0,2.0,6.0,0.0,1.0,93.0,75.0,0.0,0.3749999531250059,0.1818181652892577,14.0,2026-02-13,0
2026-02-13 17:47:32.196,0.0,0.0,1.0,2.0,9.0,4.0,1.0,3.0,83.0,75.0,0.0,0.2307692130177528,0.0,20.0,2026-02-13,0
2026-02-13 17:47:33.203,3.0,0.0,1.0,0.0,4.0,3.0,2.0,0.0,81.0,67.0,0.0,0.1428571224489825,0.3749999531250059,13.0,2026-02-13,0
2026-02-13 17:47:34.209,1.0,0.0,0.0,3.0,0.0,3.0,1.0,1.0,83.0,69.0,0.0,0.9999996666667778,0.1666666388888935,9.0,2026-02-13,0
2026-02-13 17:47:35.212,0.0,2.0,3.0,1.0,7.0,5.0,0.0,0.0,74.0,67.0,0.1666666527777789,0.3333333055555579,0.0,18.0,2026-02-13,0
2026-02-13 17:47:36.226,0.0,0.0,0.0,1.0,2.0,2.0,0.0,1.0,74.0,66.0,0.0,0.2499999375000156,0.0,6.0,2026-02-13,0
2026-02-13 17:47:37.227,0.0,1.0,2.0,4.0,2.0,4.0,0.0,1.0,64.0,78.0,0.1666666388888935,0.9999998333333612,0.0,14.0,2026-02-13,0
2026-02-13 17:47:38.232,0.0,0.0,0.0,3.0,0.0,1.0,0.0,1.0,60.0,83.0,0.0,2.9999970000030003,0.0,5.0,2026-02-13,0
2026-02-13 17:47:39.238,0.0,0.0,0.0,2.0,3.0,9.0,1.0,1.0,77.0,78.0,0.0,0.1666666527777789,0.0,16.0,2026-02-13,0
2026-02-13 17:47:40.239,0.0,1.0,0.0,3.0,4.0,4.0,0.0,0.0,77.0,78.0,0.1249999843750019,0.3749999531250059,0.0,12.0,2026-02-13,0
2026-02-13 17:47:41.243,0.0,0.0,1.0,0.0,2.0,6.0,1.0,1.0,91.0,67.0,0.0,0.1249999843750019,0.0,11.0,2026-02-13,0
2026-02-13 17:47:42.244,0.0,0.0,0.0,3.0,8.0,3.0,2.0,1.0,96.0,56.0,0.0,0.2727272479338866,0.0,17.0,2026-02-13,0
2026-02-13 17:47:43.246,0.0,2.0,5.0,3.0,2.0,3.0,0.0,0.0,74.0,67.0,0.399999920000016,1.599999680000064,0.0,15.0,2026-02-13,0
2026-02-13 17:47:44.250,0.0,1.0,1.0,0.0,4.0,4.0,1.0,0.0,74.0,66.0,0.1249999843750019,0.1249999843750019,0.0,11.0,2026-02-13,0
2026-02-13 17:47:45.256,0.0,2.0,0.0,0.0,0.0,3.0,0.0,0.0,61.0,57.0,0.6666664444445185,0.0,0.0,5.0,2026-02-13,0
2026-02-13 17:47:46.258,0.0,1.0,1.0,1.0,2.0,4.0,1.0,1.0,63.0,54.0,0.1666666388888935,0.333333277777787,0.0,11.0,2026-02-13,0
2026-02-13 17:47:47.260,0.0,2.0,0.0,3.0,4.0,2.0,1.0,0.0,63.0,44.0,0.333333277777787,0.4999999166666805,0.0,12.0,2026-02-13,0
2026-02-13 17:47:48.305,0.0,1.0,1.0,2.0,19.0,13.0,0.0,0.0,70.0,40.0,0.0312499990234375,0.0937499970703126,0.0,36.0,2026-02-13,0
2026-02-13 17:47:49.317,0.0,1.0,0.0,1.0,1.0,5.0,1.0,1.0,78.0,41.0,0.1666666388888935,0.1666666388888935,0.0,10.0,2026-02-13,0
2026-02-13 17:47:50.328,0.0,1.0,0.0,0.0,2.0,1.0,1.0,1.0,66.0,38.0,0.3333332222222592,0.0,0.0,6.0,2026-02-13,0
2026-02-13 17:47:51.331,0.0,0.0,2.0,0.0,1.0,7.0,1.0,0.0,83.0,41.0,0.0,0.2499999687500039,0.0,11.0,2026-02-13,0
2026-02-13 17:47:52.338,0.0,1.0,0.0,2.0,1.0,1.0,1.0,0.0,63.0,50.0,0.499999750000125,0.99999950000025,0.0,6.0,2026-02-13,0
2026-02-13 17:47:53.347,0.0,0.0,0.0,0.0,1.0,1.0,0.0,0.0,56.0,57.0,0.0,0.0,0.0,2.0,2026-02-13,0
2026-02-13 17:47:54.349,1.0,3.0,1.0,1.0,2.0,2.0,1.0,0.0,54.0,54.0,0.7499998125000469,0.4999998750000312,0.1666666388888935,11.0,2026-02-13,0
2026-02-13 17:47:55.355,0.0,1.0,2.0,5.0,9.0,5.0,0.0,0.0,47.0,56.0,0.0714285663265309,0.4999999642857168,0.0,22.0,2026-02-13,0
2026-02-13 17:47:56.361,1.0,2.0,0.0,0.0,3.0,0.0,0.0,0.0,43.0,38.0,0.6666664444445185,0.0,0.3333332222222592,6.0,2026-02-13,0
2026-02-13 17:47:57.370,3.0,1.0,0.0,0.0,2.0,0.0,0.0,0.0,30.0,29.0,0.499999750000125,0.0,1.499999250000375,6.0,2026-02-13,0
2026-02-13 17:47:58.373,8.0,5.0,1.0,5.0,3.0,6.0,1.0,2.0,35.0,34.0,0.5555554938271674,0.6666665925926009,0.5333332977777802,31.0,2026-02-13,1
2026-02-13 17:48:03.411,25.0,10.0,8.0,13.0,15.0,22.0,11.0,21.0,34.0,27.0,0.2702702629656686,0.567567552227904,0.4310344753269918,125.0,2026-02-13,1
2026-02-13 17:48:04.419,1.0,2.0,0.0,2.0,3.0,3.0,2.0,3.0,47.0,43.0,0.333333277777787,0.333333277777787,0.1249999843750019,16.0,2026-02-13,0
2026-02-13 17:48:05.422,3.0,0.0,1.0,2.0,3.0,3.0,1.0,2.0,61.0,56.0,0.0,0.4999999166666805,0.3333332962963004,15.0,2026-02-13,0
2026-02-13 17:48:06.429,0.0,0.0,0.0,3.0,3.0,2.0,2.0,2.0,64.0,63.0,0.0,0.599999880000024,0.0,12.0,2026-02-13,0
2026-02-13 17:48:07.437,0.0,1.0,0.0,2.0,2.0,3.0,1.0,2.0,67.0,60.0,0.199999960000008,0.399999920000016,0.0,11.0,2026-02-13,0
2026-02-13 17:48:08.438,0.0,0.0,1.0,1.0,12.0,5.0,2.0,2.0,75.0,63.0,0.0,0.1176470519031145,0.0,23.0,2026-02-13,0
2026-02-13 17:48:09.444,3.0,1.0,1.0,1.0,2.0,3.0,5.0,1.0,75.0,57.0,0.199999960000008,0.399999920000016,0.4285713673469475,17.0,2026-02-13,0
2026-02-13 17:48:10.459,7.0,4.0,2.0,1.0,6.0,2.0,2.0,1.0,61.0,48.0,0.4999999375000079,0.3749999531250059,0.636363578512402,25.0,2026-02-13,0
2026-02-13 17:48:11.468,0.0,0.0,1.0,2.0,8.0,3.0,1.0,1.0,60.0,51.0,0.0,0.2727272479338866,0.0,16.0,2026-02-13,0
2026-02-13 17:48:12.469,3.0,2.0,0.0,2.0,5.0,3.0,2.0,3.0,51.0,48.0,0.2499999687500039,0.2499999687500039,0.299999970000003,20.0,2026-02-13,0
2026-02-13 17:48:13.470,1.0,0.0,0.0,1.0,2.0,13.0,0.0,5.0,66.0,40.0,0.0,0.0666666622222225,0.0624999960937502,22.0,2026-02-13,0
2026-02-13 17:48:14.475,24.0,1.0,1.0,7.0,4.0,4.0,2.0,2.0,78.0,53.0,0.1249999843750019,0.9999998750000156,1.4999999062500058,45.0,2026-02-13,0
2026-02-13 17:48:15.481,2.0,1.0,0.0,1.0,9.0,4.0,4.0,4.0,80.0,44.0,0.0769230710059176,0.0769230710059176,0.1428571326530619,25.0,2026-02-13,0
2026-02-13 17:48:16.484,0.0,0.0,5.0,14.0,11.0,3.0,3.0,1.0,69.0,64.0,0.0,1.3571427602040886,0.0,37.0,2026-02-13,0
2026-02-13 17:48:17.487,0.0,1.0,0.0,2.0,3.0,3.0,2.0,1.0,51.0,67.0,0.1666666388888935,0.333333277777787,0.0,12.0,2026-02-13,0
2026-02-13 17:48:18.491,0.0,1.0,0.0,4.0,2.0,4.0,1.0,1.0,53.0,66.0,0.1666666388888935,0.6666665555555741,0.0,13.0,2026-02-13,0
2026-02-13 17:48:19.492,0.0,1.0,0.0,4.0,2.0,4.0,0.0,1.0,51.0,78.0,0.1666666388888935,0.6666665555555741,0.0,12.0,2026-02-13,0
2026-02-13 17:48:20.508,0.0,0.0,1.0,0.0,0.0,2.0,1.0,0.0,64.0,66.0,0.0,0.499999750000125,0.0,4.0,2026-02-13,0
2026-02-13 17:48:21.524,0.0,0.0,2.0,1.0,3.0,3.0,3.0,1.0,66.0,78.0,0.0,0.4999999166666805,0.0,13.0,2026-02-13,0
2026-02-13 17:48:22.538,0.0,0.0,0.0,0.0,2.0,16.0,1.0,0.0,83.0,64.0,0.0,0.0,0.0,19.0,2026-02-13,0
2026-02-13 17:48:23.553,0.0,1.0,1.0,1.0,4.0,3.0,0.0,1.0,81.0,61.0,0.1428571224489825,0.285714244897965,0.0,11.0,2026-02-13,0
2026-02-13 17:48:24.560,0.0,3.0,1.0,1.0,3.0,3.0,1.0,0.0,67.0,44.0,0.4999999166666805,0.333333277777787,0.0,12.0,2026-02-13,0
2026-02-13 17:48:25.569,0.0,3.0,1.0,1.0,3.0,3.0,1.0,0.0,67.0,44.0,0.4999999166666805,0.333333277777787,0.0,12.0,2026-02-13,0
2026-02-13 17:48:26.574,0.0,0.0,1.0,1.0,5.0,6.0,1.0,2.0,56.0,60.0,0.0,0.1818181652892577,0.0,16.0,2026-02-13,0
2026-02-13 17:48:27.580,0.0,0.0,2.0,0.0,4.0,4.0,0.0,1.0,63.0,66.0,0.0,0.2499999687500039,0.0,11.0,2026-02-13,0
2026-02-13 17:48:28.582,2.0,0.0,1.0,0.0,2.0,1.0,0.0,0.0,64.0,69.0,0.0,0.3333332222222592,0.4999998750000312,6.0,2026-02-13,0
2026-02-13 17:48:29.596,12.0,4.0,1.0,2.0,1.0,3.0,0.0,0.0,56.0,61.0,0.9999997500000624,0.7499998125000469,1.71428546938779,23.0,2026-02-13,1
2026-02-13 17:48:31.607,2.0,0.0,0.0,0.0,0.0,0.0,0.0,0.0,38.0,60.0,0.0,0.0,2000000.0,2.0,2026-02-13,0
2026-02-13 17:48:32.612,3.0,0.0,0.0,0.0,0.0,0.0,0.0,0.0,24.0,50.0,0.0,0.0,3000000.0,3.0,2026-02-13,0
2026-02-13 17:48:33.614,20.0,13.0,1.0,3.0,2.0,2.0,1.0,0.0,10.0,37.0,3.2499991875002032,0.9999997500000624,2.4999996875000394,42.0,2026-02-13,1
2026-02-13 17:48:34.621,20.0,2.0,1.0,1.0,1.0,1.0,0.0,1.0,7.0,34.0,0.99999950000025,0.99999950000025,4.999998750000312,27.0,2026-02-13,1
2026-02-13 17:48:35.627,45.0,1.0,0.0,0.0,0.0,0.0,0.0,0.0,7.0,24.0,1000000.0,0.0,4279999.999999746,46.0,2026-02-13,1
2026-02-13 17:48:36.631,5.0,9.0,0.0,0.0,2.0,1.0,2.0,2.0,1.0,11.0,2.9999990000003334,0.0,1.666666111111296,21.0,2026-02-13,1
2026-02-13 17:48:37.636,18.0,5.0,0.0,2.0,3.0,1.0,0.0,1.0,1.0,16.0,1.249999687500078,0.4999998750000312,2.9999995000000834,30.0,2026-02-13,1
2026-02-13 17:48:38.646,0.0,1.0,0.0,1.0,6.0,4.0,1.0,1.0,13.0,13.0,0.099999990000001,0.099999990000001,0.0,14.0,2026-02-13,0
2026-02-13 17:48:39.652,0.0,1.0,4.0,0.0,6.0,6.0,1.0,1.0,24.0,26.0,0.0833333263888894,0.3333333055555579,0.0,19.0,2026-02-13,0
2026-02-13 17:48:40.653,0.0,2.0,1.0,1.0,3.0,6.0,2.0,1.0,43.0,43.0,0.2222221975308669,0.2222221975308669,0.0,16.0,2026-02-13,0
2026-02-13 17:48:41.659,0.0,1.0,0.0,3.0,0.0,2.0,0.0,1.0,57.0,54.0,0.499999750000125,1.499999250000375,0.0,7.0,2026-02-13,0
2026-02-13 17:48:42.664,0.0,0.0,1.0,1.0,3.0,6.0,1.0,0.0,64.0,64.0,0.0,0.2222221975308669,0.0,12.0,2026-02-13,0
2026-02-13 17:48:43.670,0.0,1.0,1.0,1.0,2.0,3.0,1.0,0.0,64.0,63.0,0.199999960000008,0.399999920000016,0.0,9.0,2026-02-13,0
2026-02-13 17:48:44.674,0.0,0.0,0.0,0.0,1.0,2.0,1.0,1.0,64.0,61.0,0.0,0.0,0.0,5.0,2026-02-13,0
2026-02-13 17:48:45.680,0.0,0.0,1.0,1.0,2.0,7.0,2.0,1.0,77.0,63.0,0.0,0.2222221975308669,0.0,14.0,2026-02-13,0
2026-02-13 17:48:46.682,1.0,0.0,1.0,1.0,7.0,9.0,2.0,2.0,78.0,57.0,0.0,0.1249999921875004,0.0555555524691359,23.0,2026-02-13,0
2026-02-13 17:48:47.687,0.0,0.0,0.0,1.0,2.0,3.0,2.0,0.0,84.0,54.0,0.0,0.199999960000008,0.0,8.0,2026-02-13,0
2026-02-13 17:48:48.693,0.0,0.0,0.0,1.0,1.0,3.0,0.0,1.0,87.0,60.0,0.0,0.2499999375000156,0.0,6.0,2026-02-13,0
2026-02-13 17:48:49.698,0.0,0.0,0.0,1.0,1.0,3.0,0.0,0.0,81.0,54.0,0.0,0.2499999375000156,0.0,5.0,2026-02-13,0
2026-02-13 17:48:50.700,0.0,1.0,0.0,3.0,3.0,1.0,1.0,0.0,66.0,60.0,0.2499999375000156,0.7499998125000469,0.0,9.0,2026-02-13,0
2026-02-13 17:48:51.712,0.0,1.0,3.0,1.0,2.0,2.0,1.0,1.0,53.0,66.0,0.2499999375000156,0.9999997500000624,0.0,11.0,2026-02-13,0
2026-02-13 17:48:52.718,0.0,0.0,0.0,1.0,0.0,5.0,1.0,1.0,56.0,64.0,0.0,0.199999960000008,0.0,8.0,2026-02-13,0
2026-02-13 17:48:53.724,0.0,0.0,0.0,0.0,2.0,4.0,1.0,1.0,61.0,51.0,0.0,0.0,0.0,8.0,2026-02-13,0
2026-02-13 17:48:54.731,1.0,1.0,5.0,0.0,4.0,5.0,1.0,3.0,64.0,57.0,0.1111110987654334,0.5555554938271674,0.0714285663265309,20.0,2026-02-13,0
2026-02-13 17:48:55.737,4.0,6.0,1.0,6.0,4.0,6.0,0.0,3.0,64.0,51.0,0.599999940000006,0.699999930000007,0.2352941038062291,30.0,2026-02-13,0
2026-02-13 17:48:56.742,31.0,1.0,0.0,1.0,1.0,1.0,0.0,0.0,53.0,50.0,0.499999750000125,0.499999750000125,10.333329888890036,35.0,2026-02-13,0
2026-02-13 17:48:57.754,30.0,3.0,0.0,1.0,1.0,1.0,0.0,0.0,30.0,57.0,1.499999250000375,0.499999750000125,9.999996666667776,36.0,2026-02-13,1
2026-02-13 17:48:58.769,17.0,3.0,0.0,1.0,7.0,3.0,0.0,1.0,27.0,40.0,0.299999970000003,0.099999990000001,1.5454544049586905,32.0,2026-02-13,1
2026-02-13 17:48:59.772,1.0,3.0,0.0,4.0,1.0,2.0,1.0,2.0,26.0,40.0,0.9999996666667778,1.333332888889037,0.1428571224489825,14.0,2026-02-13,1
2026-02-13 17:49:00.775,43.0,2.0,1.0,1.0,1.0,2.0,0.0,0.0,24.0,40.0,0.6666664444445185,0.6666664444445185,8.599998280000344,50.0,2026-02-13,1
2026-02-13 17:49:01.783,53.0,0.0,0.0,1.0,0.0,2.0,0.0,0.0,38.0,44.0,0.0,0.499999750000125,17.66666077777974,56.0,2026-02-13,0
2026-02-13 17:49:03.800,1.0,0.0,0.0,0.0,12.0,5.0,1.0,1.0,51.0,44.0,0.0,0.0,0.0588235259515572,20.0,2026-02-13,0
2026-02-13 17:49:04.805,1.0,0.0,0.0,1.0,2.0,2.0,0.0,1.0,63.0,47.0,0.0,0.2499999375000156,0.199999960000008,7.0,2026-02-13,0
2026-02-13 17:49:05.813,31.0,5.0,3.0,2.0,3.0,2.0,1.0,2.0,54.0,47.0,0.99999980000004,0.99999980000004,3.0999996900000317,49.0,2026-02-13,0
2026-02-13 17:49:06.818,4.0,1.0,0.0,0.0,0.0,1.0,0.0,0.0,53.0,38.0,0.999999000001,0.0,3.999996000004,6.0,2026-02-13,0
2026-02-13 17:49:07.823,0.0,0.0,1.0,0.0,2.0,3.0,3.0,3.0,53.0,50.0,0.0,0.199999960000008,0.0,12.0,2026-02-13,0
2026-02-13 17:49:08.828,4.0,2.0,0.0,0.0,3.0,8.0,0.0,0.0,54.0,35.0,0.1818181652892577,0.0,0.3636363305785154,17.0,2026-02-13,0
2026-02-13 17:49:09.833,0.0,2.0,5.0,1.0,1.0,5.0,0.0,3.0,66.0,43.0,0.333333277777787,0.9999998333333612,0.0,17.0,2026-02-13,0
2026-02-13 17:49:10.836,0.0,0.0,2.0,2.0,2.0,5.0,1.0,1.0,70.0,61.0,0.0,0.57142848979593,0.0,13.0,2026-02-13,0
2026-02-13 17:49:11.845,0.0,1.0,0.0,1.0,1.0,2.0,1.0,0.0,60.0,56.0,0.3333332222222592,0.3333332222222592,0.0,6.0,2026-02-13,0
2026-02-13 17:49:12.851,0.0,0.0,0.0,1.0,2.0,1.0,0.0,1.0,54.0,74.0,0.0,0.3333332222222592,0.0,5.0,2026-02-13,0
2026-02-13 17:49:13.855,0.0,1.0,5.0,1.0,2.0,2.0,0.0,0.0,50.0,78.0,0.2499999375000156,1.4999996250000938,0.0,11.0,2026-02-13,0
2026-02-13 17:49:14.858,0.0,1.0,0.0,0.0,5.0,3.0,0.0,1.0,50.0,56.0,0.1249999843750019,0.0,0.0,10.0,2026-02-13,0
2026-02-13 17:49:15.867,0.0,1.0,0.0,2.0,1.0,4.0,1.0,1.0,54.0,60.0,0.199999960000008,0.399999920000016,0.0,10.0,2026-02-13,0
2026-02-13 17:49:16.873,0.0,0.0,0.0,2.0,5.0,3.0,1.0,1.0,60.0,60.0,0.0,0.2499999687500039,0.0,12.0,2026-02-13,0
2026-02-13 17:49:17.876,2.0,2.0,1.0,5.0,9.0,3.0,2.0,2.0,63.0,50.0,0.1666666527777789,0.4999999583333368,0.1111111049382719,26.0,2026-02-13,0
2026-02-13 17:49:18.881,9.0,2.0,0.0,2.0,5.0,3.0,1.0,2.0,54.0,53.0,0.2499999687500039,0.2499999687500039,0.8999999100000091,24.0,2026-02-13,0
2026-02-13 17:49:19.891,1.0,2.0,0.0,2.0,0.0,2.0,0.0,0.0,44.0,51.0,0.99999950000025,0.99999950000025,0.2499999375000156,7.0,2026-02-13,0
2026-02-13 17:49:20.893,1.0,1.0,4.0,4.0,9.0,7.0,5.0,1.0,41.0,56.0,0.0624999960937502,0.4999999687500019,0.0416666649305556,32.0,2026-02-13,0
2026-02-13 17:49:21.896,1.0,1.0,3.0,2.0,4.0,8.0,3.0,7.0,50.0,56.0,0.0833333263888894,0.4166666319444473,0.0588235259515572,29.0,2026-02-13,0
2026-02-13 17:49:22.902,4.0,1.0,0.0,1.0,3.0,6.0,2.0,2.0,57.0,57.0,0.1111110987654334,0.1111110987654334,0.399999960000004,19.0,2026-02-13,0
2026-02-13 17:49:23.918,0.0,1.0,2.0,1.0,2.0,2.0,1.0,0.0,57.0,64.0,0.2499999375000156,0.7499998125000469,0.0,9.0,2026-02-13,0
2026-02-13 17:49:24.922,0.0,0.0,1.0,6.0,1.0,9.0,0.0,0.0,60.0,69.0,0.0,0.699999930000007,0.0,17.0,2026-02-13,0
2026-02-13 17:49:25.925,2.0,2.0,0.0,2.0,3.0,3.0,1.0,2.0,54.0,60.0,0.333333277777787,0.333333277777787,0.2499999687500039,15.0,2026-02-13,0
2026-02-13 17:49:26.926,1.0,0.0,0.0,0.0,3.0,1.0,1.0,1.0,51.0,61.0,0.0,0.0,0.2499999375000156,7.0,2026-02-13,0
2026-02-13 17:49:27.939,0.0,0.0,0.0,2.0,10.0,6.0,6.0,6.0,67.0,50.0,0.0,0.1249999921875004,0.0,30.0,2026-02-13,0
2026-02-13 17:49:28.944,6.0,10.0,3.0,1.0,2.0,7.0,2.0,1.0,56.0,30.0,1.1111109876543348,0.4444443950617339,0.4615384260355057,32.0,2026-02-13,0
2026-02-13 17:49:29.952,1.0,3.0,1.0,2.0,1.0,0.0,0.0,0.0,37.0,37.0,2.9999970000030003,2.9999970000030003,0.2499999375000156,8.0,2026-02-13,1
2026-02-13 17:49:30.956,64.0,4.0,3.0,5.0,1.0,4.0,1.0,1.0,27.0,44.0,0.799999840000032,1.599999680000064,4.923076544378728,83.0,2026-02-13,1
2026-02-13 17:49:31.959,18.0,3.0,3.0,0.0,2.0,2.0,1.0,0.0,7.0,50.0,0.7499998125000469,0.7499998125000469,2.571428204081685,29.0,2026-02-13,1
2026-02-13 17:49:32.962,25.0,12.0,3.0,4.0,8.0,6.0,2.0,5.0,4.0,51.0,0.8571427959183717,0.4999999642857168,1.1904761337868508,65.0,2026-02-13,1
2026-02-13 17:49:33.977,3.0,2.0,2.0,1.0,9.0,3.0,1.0,2.0,21.0,51.0,0.1666666527777789,0.2499999791666684,0.1999999866666675,23.0,2026-02-13,0
2026-02-13 17:49:34.983,4.0,9.0,0.0,1.0,0.0,0.0,0.0,0.0,8.0,29.0,3000000.0,1000000.0,3.999996000004,14.0,2026-02-13,1
2026-02-13 17:49:35.986,16.0,4.0,0.0,6.0,3.0,2.0,0.0,0.0,8.0,29.0,0.799999840000032,1.199999760000048,1.4545453223140616,31.0,2026-02-13,1
2026-02-13 17:49:36.988,1.0,0.0,0.0,1.0,2.0,0.0,0.0,0.0,14.0,38.0,0.0,0.499999750000125,0.3333332222222592,4.0,2026-02-13,0
2026-02-13 17:49:37.993,6.0,1.0,2.0,1.0,3.0,3.0,1.0,1.0,16.0,44.0,0.1666666388888935,0.4999999166666805,0.6666665925926009,18.0,2026-02-13,0
2026-02-13 17:49:38.998,16.0,1.0,2.0,2.0,7.0,10.0,1.0,2.0,44.0,61.0,0.0588235259515572,0.2352941038062291,0.7619047256235845,41.0,2026-02-13,0
2026-02-13 17:49:40.006,31.0,5.0,1.0,1.0,0.0,0.0,0.0,0.0,35.0,56.0,3000000.0,2000000.0,15.499992250003874,38.0,2026-02-13,1
2026-02-13 17:49:41.010,60.0,55.0,6.0,12.0,4.0,16.0,3.0,2.0,24.0,43.0,2.749999862500007,0.8999999550000022,1.578947326869807,158.0,2026-02-13,1
2026-02-13 17:49:42.016,10.0,0.0,0.0,0.0,0.0,0.0,0.0,0.0,17.0,37.0,0.0,0.0,4279999.999999746,10.0,2026-02-13,1
2026-02-13 17:49:43.018,7.0,1.0,0.0,4.0,4.0,2.0,3.0,1.0,4.0,38.0,0.1666666388888935,0.6666665555555741,0.699999930000007,22.0,2026-02-13,0
2026-02-13 17:49:44.023,0.0,0.0,0.0,1.0,4.0,1.0,1.0,1.0,24.0,43.0,0.0,0.199999960000008,0.0,8.0,2026-02-13,0
2026-02-13 17:49:45.027,3.0,3.0,0.0,1.0,3.0,1.0,1.0,1.0,29.0,41.0,0.7499998125000469,0.2499999375000156,0.599999880000024,13.0,2026-02-13,1
2026-02-13 17:49:46.029,0.0,1.0,1.0,2.0,6.0,3.0,3.0,2.0,38.0,41.0,0.1111110987654334,0.3333332962963004,0.0,18.0,2026-02-13,0
2026-02-13 17:49:47.031,0.0,3.0,1.0,0.0,3.0,1.0,1.0,2.0,35.0,30.0,0.7499998125000469,0.2499999375000156,0.0,11.0,2026-02-13,1
2026-02-13 17:49:48.045,0.0,1.0,2.0,1.0,2.0,3.0,0.0,0.0,30.0,37.0,0.199999960000008,0.599999880000024,0.0,9.0,2026-02-13,0
2026-02-13 17:49:49.052,0.0,0.0,1.0,1.0,4.0,5.0,1.0,1.0,47.0,51.0,0.0,0.2222221975308669,0.0,13.0,2026-02-13,0
2026-02-13 17:49:50.065,0.0,0.0,0.0,1.0,2.0,2.0,1.0,2.0,51.0,53.0,0.0,0.2499999375000156,0.0,8.0,2026-02-13,0
2026-02-13 17:49:51.068,0.0,0.0,1.0,1.0,1.0,2.0,1.0,0.0,63.0,69.0,0.0,0.6666664444445185,0.0,6.0,2026-02-13,0
2026-02-13 17:49:52.077,0.0,0.0,1.0,0.0,2.0,3.0,2.0,1.0,67.0,64.0,0.0,0.199999960000008,0.0,9.0,2026-02-13,0
2026-02-13 17:49:53.080,0.0,0.0,1.0,1.0,0.0,3.0,1.0,1.0,66.0,70.0,0.0,0.6666664444445185,0.0,7.0,2026-02-13,0
2026-02-13 17:49:54.087,0.0,0.0,0.0,1.0,1.0,1.0,1.0,1.0,63.0,70.0,0.0,0.499999750000125,0.0,5.0,2026-02-13,0
2026-02-13 17:49:55.094,0.0,0.0,0.0,0.0,3.0,3.0,1.0,1.0,74.0,54.0,0.0,0.0,0.0,8.0,2026-02-13,0
2026-02-13 17:49:56.094,0.0,0.0,0.0,0.0,1.0,2.0,0.0,0.0,70.0,53.0,0.0,0.0,0.0,3.0,2026-02-13,0
2026-02-13 17:49:57.100,0.0,1.0,0.0,0.0,0.0,5.0,1.0,1.0,74.0,44.0,0.199999960000008,0.0,0.0,8.0,2026-02-13,0
2026-02-13 17:49:58.104,0.0,0.0,1.0,2.0,1.0,1.0,1.0,1.0,66.0,51.0,0.0,1.499999250000375,0.0,7.0,2026-02-13,0
2026-02-13 17:49:59.110,0.0,0.0,0.0,1.0,1.0,3.0,2.0,1.0,60.0,61.0,0.0,0.2499999375000156,0.0,8.0,2026-02-13,0
2026-02-13 17:50:00.125,1.0,1.0,5.0,12.0,1.0,1.0,1.0,0.0,44.0,81.0,0.499999750000125,8.499995750002125,0.0526315761772854,22.0,2026-02-13,0
2026-02-13 17:50:01.131,0.0,1.0,0.0,1.0,3.0,4.0,1.0,1.0,51.0,81.0,0.1428571224489825,0.1428571224489825,0.0,11.0,2026-02-13,0
2026-02-13 17:50:02.139,0.0,0.0,1.0,1.0,3.0,5.0,1.0,1.0,53.0,77.0,0.0,0.2499999687500039,0.0,12.0,2026-02-13,0
2026-02-13 17:50:03.144,0.0,1.0,0.0,0.0,5.0,1.0,3.0,1.0,61.0,50.0,0.1666666388888935,0.0,0.0,11.0,2026-02-13,0
2026-02-13 17:50:04.152,0.0,1.0,0.0,1.0,1.0,1.0,1.0,3.0,51.0,43.0,0.499999750000125,0.499999750000125,0.0,8.0,2026-02-13,0
2026-02-13 17:50:05.152,0.0,0.0,0.0,0.0,3.0,3.0,0.0,1.0,54.0,40.0,0.0,0.0,0.0,7.0,2026-02-13,0
2026-02-13 17:50:06.156,1.0,1.0,0.0,2.0,6.0,2.0,1.0,1.0,47.0,35.0,0.1249999843750019,0.2499999687500039,0.099999990000001,14.0,2026-02-13,0
2026-02-13 17:50:07.158,0.0,1.0,0.0,3.0,1.0,2.0,1.0,0.0,48.0,47.0,0.3333332222222592,0.9999996666667778,0.0,8.0,2026-02-13,0
2026-02-13 17:50:08.163,0.0,0.0,3.0,0.0,3.0,3.0,1.0,0.0,53.0,56.0,0.0,0.4999999166666805,0.0,10.0,2026-02-13,0
2026-02-13 17:50:09.171,0.0,0.0,4.0,1.0,4.0,2.0,0.0,1.0,47.0,70.0,0.0,0.8333331944444675,0.0,12.0,2026-02-13,0
2026-02-13 17:50:10.178,0.0,0.0,1.0,0.0,1.0,6.0,1.0,1.0,57.0,81.0,0.0,0.1428571224489825,0.0,10.0,2026-02-13,0
2026-02-13 17:50:11.181,0.0,0.0,0.0,0.0,1.0,2.0,0.0,2.0,64.0,74.0,0.0,0.0,0.0,5.0,2026-02-13,0
2026-02-13 17:50:12.187,0.0,0.0,1.0,0.0,1.0,2.0,1.0,1.0,66.0,64.0,0.0,0.3333332222222592,0.0,6.0,2026-02-13,0
2026-02-13 17:50:13.189,0.0,0.0,0.0,1.0,0.0,6.0,2.0,3.0,80.0,50.0,0.0,0.1666666388888935,0.0,12.0,2026-02-13,0
2026-02-13 17:50:14.193,0.0,0.0,0.0,0.0,1.0,1.0,3.0,1.0,66.0,43.0,0.0,0.0,0.0,6.0,2026-02-13,0
2026-02-13 17:50:15.195,0.0,0.0,0.0,2.0,6.0,8.0,3.0,1.0,70.0,47.0,0.0,0.1428571326530619,0.0,20.0,2026-02-13,0
2026-02-13 17:50:16.199,0.0,1.0,1.0,1.0,2.0,1.0,0.0,1.0,64.0,44.0,0.3333332222222592,0.6666664444445185,0.0,7.0,2026-02-13,0
2026-02-13 17:50:17.205,0.0,0.0,0.0,1.0,1.0,8.0,1.0,1.0,64.0,50.0,0.0,0.1111110987654334,0.0,12.0,2026-02-13,0
2026-02-13 17:50:18.208,0.0,2.0,0.0,1.0,1.0,2.0,0.0,1.0,64.0,47.0,0.6666664444445185,0.3333332222222592,0.0,7.0,2026-02-13,0
2026-02-13 17:50:19.212,0.0,0.0,0.0,1.0,1.0,4.0,1.0,0.0,60.0,48.0,0.0,0.199999960000008,0.0,7.0,2026-02-13,0
2026-02-13 17:50:20.214,0.0,0.0,2.0,0.0,3.0,4.0,0.0,3.0,69.0,53.0,0.0,0.285714244897965,0.0,12.0,2026-02-13,0
2026-02-13 17:50:21.220,0.0,0.0,0.0,0.0,0.0,1.0,0.0,1.0,53.0,53.0,0.0,0.0,0.0,2.0,2026-02-13,0
2026-02-13 17:50:22.225,0.0,0.0,0.0,1.0,2.0,3.0,0.0,0.0,63.0,60.0,0.0,0.199999960000008,0.0,6.0,2026-02-13,0
2026-02-13 17:50:23.231,0.0,0.0,1.0,0.0,1.0,2.0,1.0,1.0,60.0,64.0,0.0,0.3333332222222592,0.0,6.0,2026-02-13,0
2026-02-13 17:50:24.235,0.0,0.0,1.0,0.0,1.0,2.0,1.0,1.0,61.0,63.0,0.0,0.3333332222222592,0.0,6.0,2026-02-13,0
2026-02-13 17:50:25.240,0.0,0.0,0.0,0.0,0.0,4.0,1.0,1.0,77.0,57.0,0.0,0.0,0.0,6.0,2026-02-13,0
2026-02-13 17:50:26.245,0.0,1.0,0.0,0.0,0.0,3.0,0.0,1.0,74.0,48.0,0.3333332222222592,0.0,0.0,5.0,2026-02-13,0
2026-02-13 17:50:27.251,0.0,0.0,0.0,0.0,1.0,1.0,0.0,0.0,70.0,44.0,0.0,0.0,0.0,2.0,2026-02-13,0
2026-02-13 17:50:28.254,0.0,1.0,0.0,2.0,1.0,4.0,1.0,1.0,70.0,41.0,0.199999960000008,0.399999920000016,0.0,10.0,2026-02-13,0
2026-02-13 17:50:29.270,0.0,0.0,0.0,5.0,5.0,1.0,0.0,1.0,53.0,53.0,0.0,0.8333331944444675,0.0,12.0,2026-02-13,0
2026-02-13 17:50:30.272,0.0,0.0,1.0,2.0,4.0,4.0,1.0,0.0,53.0,66.0,0.0,0.3749999531250059,0.0,12.0,2026-02-13,0
2026-02-13 17:50:31.278,0.0,1.0,1.0,0.0,0.0,1.0,1.0,1.0,47.0,70.0,0.999999000001,0.999999000001,0.0,5.0,2026-02-13,0
2026-02-13 17:50:32.285,0.0,0.0,1.0,2.0,1.0,2.0,1.0,1.0,40.0,80.0,0.0,0.9999996666667778,0.0,8.0,2026-02-13,0
2026-02-13 17:50:33.292,0.0,0.0,1.0,1.0,3.0,3.0,1.0,1.0,50.0,74.0,0.0,0.333333277777787,0.0,10.0,2026-02-13,0
2026-02-13 17:50:34.307,0.0,1.0,1.0,0.0,4.0,4.0,0.0,1.0,48.0,63.0,0.1249999843750019,0.1249999843750019,0.0,11.0,2026-02-13,0
2026-02-13 17:50:35.311,0.0,0.0,0.0,1.0,3.0,3.0,1.0,1.0,63.0,53.0,0.0,0.1666666388888935,0.0,9.0,2026-02-13,0
2026-02-13 17:50:36.315,0.0,0.0,0.0,0.0,1.0,4.0,1.0,1.0,75.0,35.0,0.0,0.0,0.0,7.0,2026-02-13,0
2026-02-13 17:50:37.321,0.0,1.0,0.0,1.0,1.0,2.0,1.0,1.0,67.0,30.0,0.3333332222222592,0.3333332222222592,0.0,7.0,2026-02-13,0
2026-02-13 17:50:38.331,0.0,0.0,0.0,1.0,2.0,2.0,1.0,0.0,67.0,37.0,0.0,0.2499999375000156,0.0,6.0,2026-02-13,0
2026-02-13 17:50:39.338,0.0,2.0,0.0,0.0,2.0,3.0,1.0,1.0,61.0,23.0,0.399999920000016,0.0,0.0,9.0,2026-02-13,0
2026-02-13 17:50:40.342,0.0,0.0,0.0,0.0,0.0,0.0,1.0,1.0,48.0,26.0,0.0,0.0,0.0,2.0,2026-02-13,0
2026-02-13 17:50:41.342,0.0,0.0,0.0,2.0,1.0,4.0,1.0,0.0,56.0,38.0,0.0,0.399999920000016,0.0,8.0,2026-02-13,0
2026-02-13 17:50:42.351,0.0,1.0,1.0,1.0,0.0,3.0,1.0,0.0,56.0,38.0,0.3333332222222592,0.6666664444445185,0.0,7.0,2026-02-13,0
2026-02-13 17:50:43.357,0.0,0.0,0.0,0.0,0.0,1.0,1.0,0.0,57.0,57.0,0.0,0.0,0.0,2.0,2026-02-13,0
2026-02-13 17:50:44.367,0.0,0.0,2.0,3.0,0.0,1.0,1.0,1.0,56.0,83.0,0.0,4.999995000005001,0.0,8.0,2026-02-13,0
2026-02-13 17:50:45.372,0.0,0.0,0.0,0.0,0.0,4.0,0.0,1.0,60.0,67.0,0.0,0.0,0.0,5.0,2026-02-13,0
2026-02-13 17:50:46.373,0.0,0.0,1.0,1.0,1.0,1.0,0.0,0.0,54.0,75.0,0.0,0.99999950000025,0.0,4.0,2026-02-13,0
2026-02-13 17:50:47.401,0.0,1.0,1.0,1.0,3.0,5.0,1.0,1.0,56.0,69.0,0.1249999843750019,0.2499999687500039,0.0,13.0,2026-02-13,0
2026-02-13 17:50:48.415,0.0,0.0,0.0,1.0,3.0,2.0,0.0,0.0,66.0,53.0,0.0,0.199999960000008,0.0,6.0,2026-02-13,0
2026-02-13 17:50:49.419,0.0,1.0,2.0,1.0,0.0,1.0,1.0,1.0,51.0,67.0,0.999999000001,2.9999970000030003,0.0,7.0,2026-02-13,0
2026-02-13 17:50:50.424,0.0,0.0,0.0,1.0,3.0,8.0,2.0,0.0,64.0,51.0,0.0,0.0909090826446288,0.0,14.0,2026-02-13,0
2026-02-13 17:50:51.440,0.0,1.0,1.0,1.0,1.0,1.0,1.0,1.0,54.0,54.0,0.499999750000125,0.99999950000025,0.0,7.0,2026-02-13,0
2026-02-13 17:50:52.443,0.0,1.0,0.0,0.0,1.0,1.0,0.0,0.0,47.0,50.0,0.499999750000125,0.0,0.0,3.0,2026-02-13,0
2026-02-13 17:50:53.448,0.0,0.0,0.0,0.0,0.0,2.0,0.0,0.0,60.0,37.0,0.0,0.0,0.0,2.0,2026-02-13,0
2026-02-13 17:50:54.462,0.0,0.0,0.0,0.0,2.0,1.0,1.0,0.0,51.0,48.0,0.0,0.0,0.0,4.0,2026-02-13,0
2026-02-13 17:50:55.466,0.0,1.0,1.0,0.0,0.0,1.0,1.0,1.0,50.0,50.0,0.999999000001,0.999999000001,0.0,5.0,2026-02-13,0
2026-02-13 17:50:56.482,0.0,0.0,0.0,1.0,0.0,1.0,1.0,0.0,54.0,53.0,0.0,0.999999000001,0.0,3.0,2026-02-13,0
2026-02-13 17:50:57.484,0.0,0.0,0.0,1.0,0.0,1.0,0.0,0.0,50.0,63.0,0.0,0.999999000001,0.0,2.0,2026-02-13,0
2026-02-13 17:50:58.488,0.0,0.0,0.0,2.0,1.0,1.0,1.0,0.0,47.0,64.0,0.0,0.99999950000025,0.0,5.0,2026-02-13,0
2026-02-13 17:50:59.495,1.0,0.0,0.0,1.0,1.0,2.0,0.0,1.0,60.0,67.0,0.0,0.3333332222222592,0.2499999375000156,6.0,2026-02-13,0
2026-02-13 17:51:00.500,0.0,0.0,0.0,0.0,1.0,6.0,1.0,0.0,70.0,63.0,0.0,0.0,0.0,8.0,2026-02-13,0
2026-02-13 17:51:01.513,2.0,0.0,0.0,0.0,1.0,0.0,0.0,0.0,64.0,60.0,0.0,0.0,1.999998000002,3.0,2026-02-13,0
2026-02-13 17:51:02.514,0.0,1.0,0.0,7.0,2.0,3.0,1.0,0.0,60.0,61.0,0.199999960000008,1.399999720000056,0.0,14.0,2026-02-13,0
2026-02-13 17:51:03.516,0.0,1.0,2.0,5.0,5.0,3.0,0.0,0.0,51.0,64.0,0.1249999843750019,0.8749998906250137,0.0,16.0,2026-02-13,0
2026-02-13 17:51:04.521,0.0,0.0,0.0,0.0,1.0,3.0,1.0,1.0,43.0,66.0,0.0,0.0,0.0,6.0,2026-02-13,0
2026-02-13 17:51:05.526,0.0,1.0,3.0,1.0,8.0,16.0,0.0,1.0,60.0,64.0,0.0416666649305556,0.1666666597222225,0.0,30.0,2026-02-13,0
2026-02-13 17:51:06.532,0.0,2.0,6.0,2.0,3.0,8.0,0.0,1.0,63.0,64.0,0.1818181652892577,0.7272726611570308,0.0,22.0,2026-02-13,0
2026-02-13 17:51:07.535,0.0,0.0,2.0,1.0,2.0,4.0,1.0,1.0,69.0,66.0,0.0,0.4999999166666805,0.0,11.0,2026-02-13,0
2026-02-13 17:51:08.540,0.0,1.0,1.0,6.0,1.0,2.0,1.0,1.0,56.0,81.0,0.3333332222222592,2.333332555555814,0.0,13.0,2026-02-13,0
2026-02-13 17:51:09.543,0.0,0.0,1.0,1.0,1.0,1.0,0.0,1.0,43.0,90.0,0.0,0.99999950000025,0.0,5.0,2026-02-13,0
2026-02-13 17:51:10.557,0.0,0.0,0.0,2.0,0.0,4.0,1.0,0.0,51.0,88.0,0.0,0.4999998750000312,0.0,7.0,2026-02-13,0
2026-02-13 17:51:11.567,3.0,1.0,2.0,3.0,16.0,4.0,0.0,1.0,48.0,77.0,0.0499999975000001,0.2499999875000006,0.1199999952000001,30.0,2026-02-13,0
2026-02-13 17:51:12.578,27.0,6.0,4.0,4.0,7.0,16.0,1.0,5.0,56.0,63.0,0.2608695538752368,0.347826071833649,0.8709677138397511,70.0,2026-02-13,0
2026-02-13 17:51:13.582,48.0,2.0,1.0,1.0,1.0,1.0,0.0,0.0,50.0,54.0,0.99999950000025,0.99999950000025,11.99999700000075,54.0,2026-02-13,0
2026-02-13 17:51:14.588,14.0,1.0,0.0,0.0,2.0,1.0,0.0,0.0,40.0,44.0,0.3333332222222592,0.0,4.666665111111629,18.0,2026-02-13,0
2026-02-13 17:51:15.596,5.0,3.0,1.0,1.0,4.0,2.0,1.0,0.0,34.0,43.0,0.4999999166666805,0.333333277777787,0.6249999218750099,17.0,2026-02-13,1
2026-02-13 17:51:16.602,43.0,0.0,0.0,1.0,0.0,0.0,0.0,0.0,20.0,54.0,0.0,1000000.0,42.99995700004301,44.0,2026-02-13,1
2026-02-13 17:51:17.606,43.0,1.0,3.0,2.0,4.0,3.0,2.0,0.0,24.0,60.0,0.1428571224489825,0.7142856122449125,3.5833330347222474,58.0,2026-02-13,0
2026-02-13 17:51:18.607,29.0,1.0,0.0,2.0,1.0,2.0,0.0,0.0,24.0,64.0,0.3333332222222592,0.6666664444445185,5.799998840000232,35.0,2026-02-13,1
2026-02-13 17:51:19.614,48.0,5.0,2.0,1.0,2.0,1.0,0.0,0.0,17.0,63.0,1.666666111111296,0.9999996666667778,7.999998666666888,59.0,2026-02-13,1
2026-02-13 17:51:20.618,0.0,1.0,1.0,0.0,1.0,3.0,1.0,2.0,27.0,51.0,0.2499999375000156,0.2499999375000156,0.0,9.0,2026-02-13,0
2026-02-13 17:51:21.624,0.0,1.0,1.0,2.0,2.0,2.0,2.0,0.0,26.0,50.0,0.2499999375000156,0.7499998125000469,0.0,10.0,2026-02-13,0
2026-02-13 17:51:22.633,1.0,1.0,1.0,1.0,1.0,1.0,0.0,2.0,24.0,51.0,0.499999750000125,0.99999950000025,0.2499999375000156,8.0,2026-02-13,0
2026-02-13 17:51:23.637,1.0,1.0,1.0,1.0,0.0,2.0,2.0,2.0,35.0,60.0,0.499999750000125,0.99999950000025,0.2499999375000156,10.0,2026-02-13,0
2026-02-13 17:51:24.643,0.0,1.0,3.0,2.0,4.0,3.0,2.0,1.0,30.0,66.0,0.1428571224489825,0.7142856122449125,0.0,16.0,2026-02-13,0
2026-02-13 17:51:25.659,0.0,1.0,4.0,1.0,1.0,4.0,1.0,0.0,38.0,74.0,0.199999960000008,0.99999980000004,0.0,12.0,2026-02-13,0
2026-02-13 17:51:26.663,0.0,0.0,1.0,0.0,0.0,3.0,0.0,1.0,47.0,75.0,0.0,0.3333332222222592,0.0,5.0,2026-02-13,0
2026-02-13 17:51:27.664,0.0,0.0,0.0,1.0,4.0,1.0,1.0,1.0,44.0,70.0,0.0,0.199999960000008,0.0,8.0,2026-02-13,0
2026-02-13 17:51:28.666,0.0,0.0,0.0,1.0,2.0,3.0,1.0,1.0,51.0,66.0,0.0,0.199999960000008,0.0,8.0,2026-02-13,0
2026-02-13 17:51:29.678,0.0,1.0,0.0,0.0,7.0,12.0,0.0,1.0,67.0,38.0,0.0526315761772854,0.0,0.0,21.0,2026-02-13,0
2026-02-13 17:51:30.693,0.0,0.0,1.0,3.0,1.0,2.0,1.0,0.0,63.0,47.0,0.0,1.333332888889037,0.0,8.0,2026-02-13,0
2026-02-13 17:51:31.694,0.0,0.0,0.0,0.0,1.0,3.0,2.0,1.0,75.0,47.0,0.0,0.0,0.0,7.0,2026-02-13,0
2026-02-13 17:51:32.699,0.0,1.0,0.0,0.0,1.0,2.0,2.0,1.0,70.0,47.0,0.3333332222222592,0.0,0.0,7.0,2026-02-13,0
2026-02-13 17:51:33.705,0.0,1.0,0.0,0.0,1.0,3.0,1.0,1.0,57.0,60.0,0.2499999375000156,0.0,0.0,7.0,2026-02-13,0
2026-02-13 17:51:34.719,0.0,1.0,3.0,1.0,0.0,2.0,1.0,1.0,57.0,56.0,0.499999750000125,1.9999990000005,0.0,9.0,2026-02-13,0
2026-02-13 17:51:35.721,1.0,0.0,0.0,3.0,2.0,3.0,1.0,1.0,51.0,63.0,0.0,0.599999880000024,0.1249999843750019,11.0,2026-02-13,0
2026-02-13 17:51:36.725,0.0,1.0,0.0,2.0,6.0,2.0,3.0,1.0,44.0,60.0,0.1249999843750019,0.2499999687500039,0.0,15.0,2026-02-13,0
2026-02-13 17:51:37.740,0.0,1.0,0.0,0.0,1.0,2.0,1.0,0.0,43.0,63.0,0.3333332222222592,0.0,0.0,5.0,2026-02-13,0
2026-02-13 17:51:38.755,2.0,0.0,5.0,3.0,8.0,3.0,1.0,1.0,40.0,57.0,0.0,0.7272726611570308,0.1052631523545709,23.0,2026-02-13,0
2026-02-13 17:51:39.756,1.0,1.0,2.0,4.0,2.0,8.0,1.0,1.0,50.0,66.0,0.099999990000001,0.599999940000006,0.0624999960937502,20.0,2026-02-13,0
2026-02-13 17:51:40.764,0.0,0.0,0.0,0.0,0.0,1.0,0.0,0.0,51.0,69.0,0.0,0.0,0.0,1.0,2026-02-13,0
2026-02-13 17:51:41.773,0.0,1.0,2.0,1.0,4.0,4.0,1.0,1.0,54.0,70.0,0.1249999843750019,0.3749999531250059,0.0,14.0,2026-02-13,0
2026-02-13 17:51:42.774,0.0,0.0,1.0,0.0,0.0,3.0,2.0,1.0,64.0,67.0,0.0,0.3333332222222592,0.0,7.0,2026-02-13,0
2026-02-13 17:51:43.779,0.0,0.0,0.0,1.0,0.0,2.0,1.0,1.0,60.0,66.0,0.0,0.499999750000125,0.0,5.0,2026-02-13,0
2026-02-13 17:51:44.779,0.0,0.0,1.0,2.0,2.0,2.0,3.0,1.0,56.0,75.0,0.0,0.7499998125000469,0.0,11.0,2026-02-13,0
2026-02-13 17:51:45.795,0.0,0.0,1.0,0.0,3.0,7.0,2.0,1.0,66.0,64.0,0.0,0.099999990000001,0.0,14.0,2026-02-13,0
2026-02-13 17:51:46.810,0.0,0.0,0.0,0.0,4.0,3.0,2.0,1.0,67.0,51.0,0.0,0.0,0.0,10.0,2026-02-13,0
2026-02-13 17:51:47.814,0.0,0.0,0.0,2.0,0.0,2.0,1.0,1.0,70.0,56.0,0.0,0.99999950000025,0.0,6.0,2026-02-13,0
2026-02-13 17:51:48.820,0.0,1.0,0.0,1.0,4.0,3.0,5.0,0.0,75.0,44.0,0.1428571224489825,0.1428571224489825,0.0,14.0,2026-02-13,0
2026-02-13 17:51:49.826,0.0,1.0,0.0,4.0,3.0,2.0,4.0,1.0,61.0,54.0,0.199999960000008,0.799999840000032,0.0,15.0,2026-02-13,0
2026-02-13 17:51:50.835,0.0,0.0,2.0,0.0,0.0,3.0,1.0,1.0,56.0,70.0,0.0,0.6666664444445185,0.0,7.0,2026-02-13,0
2026-02-13 17:51:51.842,0.0,0.0,1.0,3.0,5.0,5.0,1.0,0.0,57.0,70.0,0.0,0.399999960000004,0.0,15.0,2026-02-13,0
2026-02-13 17:51:52.849,0.0,1.0,0.0,1.0,3.0,2.0,2.0,0.0,56.0,67.0,0.199999960000008,0.199999960000008,0.0,9.0,2026-02-13,0
2026-02-13 17:51:53.853,0.0,0.0,0.0,4.0,3.0,2.0,3.0,2.0,57.0,69.0,0.0,0.799999840000032,0.0,14.0,2026-02-13,0
2026-02-13 17:51:54.860,0.0,0.0,0.0,1.0,4.0,2.0,1.0,1.0,57.0,57.0,0.0,0.1666666388888935,0.0,9.0,2026-02-13,0
2026-02-13 17:51:55.868,0.0,0.0,0.0,1.0,1.0,2.0,4.0,4.0,53.0,60.0,0.0,0.3333332222222592,0.0,12.0,2026-02-13,0
2026-02-13 17:51:56.873,0.0,0.0,1.0,0.0,0.0,2.0,1.0,1.0,56.0,69.0,0.0,0.499999750000125,0.0,5.0,2026-02-13,0
2026-02-13 17:51:57.875,0.0,2.0,0.0,0.0,2.0,3.0,1.0,1.0,56.0,51.0,0.399999920000016,0.0,0.0,9.0,2026-02-13,0
2026-02-13 17:51:58.882,0.0,0.0,2.0,1.0,17.0,11.0,2.0,1.0,67.0,48.0,0.0,0.1071428533163266,0.0,34.0,2026-02-13,0
2026-02-13 17:51:59.886,0.0,0.0,2.0,1.0,2.0,3.0,3.0,1.0,69.0,48.0,0.0,0.599999880000024,0.0,12.0,2026-02-13,0
2026-02-13 17:52:00.890,2.0,3.0,2.0,2.0,3.0,8.0,1.0,2.0,69.0,41.0,0.2727272479338866,0.3636363305785154,0.133333324444445,23.0,2026-02-13,0
2026-02-13 17:52:01.894,31.0,6.0,1.0,1.0,0.0,2.0,0.0,0.0,54.0,43.0,2.99999850000075,0.99999950000025,7.749998062500484,41.0,2026-02-13,1
2026-02-13 17:52:02.898,4.0,0.0,0.0,0.0,0.0,0.0,0.0,0.0,40.0,53.0,0.0,0.0,4000000.0,4.0,2026-02-13,0
2026-02-13 17:52:08.927,4.0,0.0,0.0,0.0,0.0,0.0,0.0,0.0,23.0,41.0,0.0,0.0,4000000.0,4.0,2026-02-13,1
2026-02-13 17:52:09.929,1.0,0.0,0.0,0.0,0.0,0.0,0.0,0.0,16.0,44.0,0.0,0.0,1000000.0,1.0,2026-02-13,0
2026-02-13 17:52:10.931,1.0,0.0,1.0,0.0,2.0,5.0,1.0,2.0,38.0,53.0,0.0,0.1428571224489825,0.1249999843750019,12.0,2026-02-13,0
2026-02-13 17:52:11.936,0.0,1.0,1.0,0.0,1.0,3.0,3.0,1.0,43.0,48.0,0.2499999375000156,0.2499999375000156,0.0,10.0,2026-02-13,0
2026-02-13 17:52:12.942,0.0,1.0,0.0,0.0,1.0,1.0,1.0,0.0,53.0,47.0,0.499999750000125,0.0,0.0,4.0,2026-02-13,0
2026-02-13 17:52:13.947,0.0,0.0,1.0,0.0,4.0,2.0,1.0,2.0,63.0,44.0,0.0,0.1666666388888935,0.0,10.0,2026-02-13,0
2026-02-13 17:52:14.950,0.0,0.0,1.0,2.0,1.0,3.0,1.0,0.0,56.0,51.0,0.0,0.7499998125000469,0.0,8.0,2026-02-13,0
2026-02-13 17:52:15.953,0.0,1.0,3.0,2.0,1.0,5.0,2.0,2.0,56.0,63.0,0.1666666388888935,0.8333331944444675,0.0,16.0,2026-02-13,0
2026-02-13 17:52:16.958,0.0,0.0,0.0,1.0,1.0,1.0,2.0,0.0,57.0,67.0,0.0,0.499999750000125,0.0,5.0,2026-02-13,0
2026-02-13 17:52:17.958,0.0,1.0,0.0,1.0,5.0,2.0,5.0,1.0,53.0,64.0,0.1428571224489825,0.1428571224489825,0.0,15.0,2026-02-13,0
2026-02-13 17:52:18.964,0.0,0.0,0.0,1.0,1.0,2.0,3.0,0.0,54.0,61.0,0.0,0.3333332222222592,0.0,7.0,2026-02-13,0
2026-02-13 17:52:19.968,0.0,0.0,1.0,1.0,5.0,1.0,2.0,3.0,51.0,54.0,0.0,0.333333277777787,0.0,13.0,2026-02-13,0
2026-02-13 17:52:20.984,0.0,0.0,0.0,0.0,0.0,5.0,2.0,2.0,67.0,44.0,0.0,0.0,0.0,9.0,2026-02-13,0
2026-02-13 17:52:21.987,0.0,1.0,0.0,0.0,1.0,1.0,1.0,1.0,69.0,43.0,0.499999750000125,0.0,0.0,5.0,2026-02-13,0
2026-02-13 17:52:22.992,22.0,1.0,0.0,0.0,0.0,0.0,0.0,0.0,56.0,30.0,1000000.0,0.0,4279999.999999746,23.0,2026-02-13,1
2026-02-13 17:52:23.999,9.0,0.0,0.0,0.0,0.0,0.0,0.0,0.0,53.0,26.0,0.0,0.0,4279999.999999746,9.0,2026-02-13,0
2026-02-13 17:52:25.001,43.0,6.0,1.0,2.0,2.0,9.0,3.0,2.0,35.0,26.0,0.5454544958677732,0.2727272479338866,3.071428352040832,68.0,2026-02-13,1
2026-02-13 17:52:26.015,0.0,1.0,1.0,0.0,4.0,5.0,4.0,1.0,38.0,27.0,0.1111110987654334,0.1111110987654334,0.0,16.0,2026-02-13,0
2026-02-13 17:52:27.021,12.0,1.0,0.0,0.0,1.0,0.0,0.0,0.0,37.0,27.0,0.999999000001,0.0,11.999988000012,14.0,2026-02-13,0
2026-02-13 17:52:28.028,34.0,13.0,5.0,11.0,7.0,7.0,0.0,0.0,30.0,29.0,0.9285713622449028,1.1428570612244957,1.1333332955555568,77.0,2026-02-13,1
2026-02-13 17:52:30.037,13.0,1.0,0.0,0.0,0.0,0.0,0.0,0.0,20.0,37.0,1000000.0,0.0,4279999.999999746,14.0,2026-02-13,1
2026-02-13 17:52:31.042,34.0,4.0,0.0,3.0,3.0,5.0,0.0,2.0,14.0,35.0,0.4999999375000079,0.3749999531250059,3.090908809917381,51.0,2026-02-13,1
2026-02-13 17:52:32.047,0.0,1.0,0.0,3.0,2.0,2.0,2.0,0.0,24.0,43.0,0.2499999375000156,0.7499998125000469,0.0,10.0,2026-02-13,0
2026-02-13 17:52:33.049,0.0,1.0,2.0,3.0,1.0,4.0,2.0,2.0,34.0,53.0,0.199999960000008,0.99999980000004,0.0,15.0,2026-02-13,0
2026-02-13 17:52:34.053,0.0,1.0,1.0,0.0,5.0,3.0,1.0,0.0,48.0,53.0,0.1249999843750019,0.1249999843750019,0.0,11.0,2026-02-13,0
2026-02-13 17:52:35.055,0.0,1.0,2.0,3.0,2.0,2.0,0.0,1.0,44.0,67.0,0.2499999375000156,1.249999687500078,0.0,11.0,2026-02-13,0
2026-02-13 17:52:36.060,0.0,2.0,0.0,1.0,2.0,3.0,1.0,1.0,47.0,53.0,0.399999920000016,0.199999960000008,0.0,10.0,2026-02-13,0
2026-02-13 17:52:37.065,0.0,0.0,0.0,2.0,1.0,2.0,1.0,4.0,48.0,51.0,0.0,0.6666664444445185,0.0,10.0,2026-02-13,0
2026-02-13 17:52:38.068,0.0,0.0,1.0,2.0,6.0,3.0,1.0,1.0,47.0,57.0,0.0,0.3333332962963004,0.0,14.0,2026-02-13,0
2026-02-13 17:52:39.073,0.0,0.0,0.0,1.0,2.0,2.0,1.0,1.0,54.0,50.0,0.0,0.2499999375000156,0.0,7.0,2026-02-13,0
2026-02-13 17:52:40.076,0.0,0.0,1.0,0.0,0.0,1.0,1.0,1.0,51.0,69.0,0.0,0.999999000001,0.0,4.0,2026-02-13,0
2026-02-13 17:52:41.081,0.0,1.0,0.0,2.0,0.0,3.0,0.0,1.0,53.0,66.0,0.3333332222222592,0.6666664444445185,0.0,7.0,2026-02-13,0
2026-02-13 17:52:42.087,0.0,0.0,0.0,0.0,1.0,4.0,1.0,1.0,60.0,57.0,0.0,0.0,0.0,7.0,2026-02-13,0
2026-02-13 17:52:43.094,0.0,0.0,0.0,0.0,1.0,0.0,0.0,1.0,56.0,60.0,0.0,0.0,0.0,2.0,2026-02-13,0
2026-02-13 17:52:44.097,0.0,0.0,0.0,0.0,1.0,1.0,1.0,1.0,57.0,54.0,0.0,0.0,0.0,4.0,2026-02-13,0
2026-02-13 17:52:45.101,0.0,0.0,0.0,1.0,1.0,1.0,2.0,3.0,54.0,57.0,0.0,0.499999750000125,0.0,8.0,2026-02-13,0
2026-02-13 17:52:46.115,2.0,0.0,2.0,2.0,4.0,2.0,1.0,1.0,41.0,69.0,0.0,0.6666665555555741,0.199999980000002,14.0,2026-02-13,0
2026-02-13 17:52:47.118,0.0,1.0,0.0,0.0,1.0,3.0,1.0,2.0,47.0,64.0,0.2499999375000156,0.0,0.0,8.0,2026-02-13,0
2026-02-13 17:52:48.131,0.0,0.0,2.0,0.0,1.0,2.0,3.0,0.0,44.0,70.0,0.0,0.6666664444445185,0.0,8.0,2026-02-13,0
2026-02-13 17:52:49.146,0.0,1.0,1.0,2.0,5.0,6.0,1.0,1.0,50.0,64.0,0.0909090826446288,0.2727272479338866,0.0,17.0,2026-02-13,0
2026-02-13 17:52:50.151,0.0,1.0,1.0,0.0,2.0,3.0,1.0,1.0,57.0,56.0,0.199999960000008,0.199999960000008,0.0,9.0,2026-02-13,0
2026-02-13 17:52:51.181,0.0,0.0,1.0,0.0,4.0,1.0,3.0,3.0,53.0,60.0,0.0,0.199999960000008,0.0,12.0,2026-02-13,0
2026-02-13 17:52:52.185,0.0,0.0,0.0,3.0,6.0,3.0,1.0,2.0,57.0,53.0,0.0,0.3333332962963004,0.0,15.0,2026-02-13,0
2026-02-13 17:52:53.200,0.0,1.0,0.0,0.0,0.0,1.0,1.0,1.0,50.0,48.0,0.999999000001,0.0,0.0,4.0,2026-02-13,0
2026-02-13 17:52:54.213,0.0,0.0,1.0,1.0,1.0,2.0,2.0,1.0,44.0,53.0,0.0,0.6666664444445185,0.0,8.0,2026-02-13,0
2026-02-13 17:52:55.215,0.0,1.0,0.0,1.0,0.0,1.0,1.0,0.0,43.0,56.0,0.999999000001,0.999999000001,0.0,4.0,2026-02-13,0
2026-02-13 17:52:56.221,0.0,0.0,2.0,1.0,1.0,4.0,2.0,1.0,44.0,57.0,0.0,0.599999880000024,0.0,11.0,2026-02-13,0
2026-02-13 17:52:57.222,0.0,0.0,0.0,1.0,5.0,3.0,1.0,1.0,54.0,60.0,0.0,0.1249999843750019,0.0,11.0,2026-02-13,0
2026-02-13 17:52:58.236,0.0,4.0,0.0,1.0,8.0,2.0,2.0,1.0,48.0,40.0,0.399999960000004,0.099999990000001,0.0,18.0,2026-02-13,0
2026-02-13 17:52:59.240,0.0,0.0,1.0,0.0,1.0,2.0,1.0,1.0,53.0,41.0,0.0,0.3333332222222592,0.0,6.0,2026-02-13,0
2026-02-13 17:53:00.257,0.0,0.0,0.0,0.0,0.0,7.0,3.0,1.0,61.0,34.0,0.0,0.0,0.0,11.0,2026-02-13,0
2026-02-13 17:53:01.266,0.0,0.0,0.0,3.0,2.0,2.0,1.0,2.0,57.0,43.0,0.0,0.7499998125000469,0.0,10.0,2026-02-13,0
2026-02-13 17:53:02.275,0.0,0.0,0.0,1.0,1.0,2.0,0.0,1.0,67.0,64.0,0.0,0.3333332222222592,0.0,5.0,2026-02-13,0
2026-02-13 17:53:03.276,0.0,0.0,0.0,2.0,1.0,1.0,1.0,0.0,63.0,67.0,0.0,0.99999950000025,0.0,5.0,2026-02-13,0
2026-02-13 17:53:04.288,0.0,1.0,1.0,0.0,1.0,4.0,2.0,1.0,53.0,70.0,0.199999960000008,0.199999960000008,0.0,10.0,2026-02-13,0
2026-02-13 17:53:05.297,0.0,1.0,1.0,1.0,2.0,4.0,2.0,0.0,54.0,64.0,0.1666666388888935,0.333333277777787,0.0,11.0,2026-02-13,0
2026-02-13 17:53:06.298,0.0,1.0,1.0,0.0,1.0,2.0,4.0,1.0,51.0,57.0,0.3333332222222592,0.3333332222222592,0.0,10.0,2026-02-13,0
2026-02-13 17:53:07.301,0.0,1.0,0.0,0.0,1.0,5.0,2.0,0.0,60.0,44.0,0.1666666388888935,0.0,0.0,9.0,2026-02-13,0
2026-02-13 17:53:08.314,0.0,1.0,1.0,2.0,1.0,5.0,1.0,1.0,61.0,50.0,0.1666666388888935,0.4999999166666805,0.0,12.0,2026-02-13,0
2026-02-13 17:53:09.314,0.0,0.0,0.0,1.0,4.0,4.0,2.0,2.0,64.0,47.0,0.0,0.1249999843750019,0.0,13.0,2026-02-13,0
2026-02-13 17:53:10.325,0.0,0.0,0.0,0.0,0.0,1.0,7.0,0.0,69.0,54.0,0.0,0.0,0.0,8.0,2026-02-13,0
2026-02-13 17:53:11.329,0.0,0.0,0.0,1.0,1.0,1.0,1.0,1.0,61.0,64.0,0.0,0.499999750000125,0.0,5.0,2026-02-13,0
2026-02-13 17:53:12.336,2.0,3.0,0.0,0.0,1.0,4.0,2.0,1.0,54.0,54.0,0.599999880000024,0.0,0.399999920000016,13.0,2026-02-13,0
2026-02-13 17:53:14.347,41.0,4.0,2.0,3.0,5.0,4.0,2.0,8.0,44.0,44.0,0.4444443950617339,0.5555554938271674,2.92857121938777,69.0,2026-02-13,0
2026-02-13 17:53:15.348,5.0,4.0,0.0,3.0,1.0,4.0,2.0,6.0,40.0,37.0,0.799999840000032,0.599999880000024,0.6249999218750099,25.0,2026-02-13,0
2026-02-13 17:53:16.354,1.0,2.0,3.0,0.0,1.0,4.0,4.0,4.0,35.0,38.0,0.399999920000016,0.599999880000024,0.1249999843750019,19.0,2026-02-13,0
2026-02-13 17:53:17.360,0.0,0.0,1.0,0.0,2.0,2.0,2.0,2.0,37.0,56.0,0.0,0.2499999375000156,0.0,9.0,2026-02-13,0
2026-02-13 17:53:18.363,1.0,3.0,0.0,0.0,1.0,2.0,3.0,1.0,38.0,38.0,0.9999996666667778,0.0,0.3333332222222592,11.0,2026-02-13,0
2026-02-13 17:53:19.368,0.0,0.0,1.0,1.0,0.0,3.0,2.0,2.0,47.0,47.0,0.0,0.6666664444445185,0.0,9.0,2026-02-13,0
2026-02-13 17:53:20.381,5.0,6.0,0.0,0.0,2.0,2.0,1.0,6.0,38.0,21.0,1.4999996250000938,0.0,1.249999687500078,22.0,2026-02-13,1
2026-02-13 17:53:21.386,2.0,0.0,0.0,0.0,0.0,1.0,0.0,0.0,38.0,20.0,0.0,0.0,1.999998000002,3.0,2026-02-13,0
2026-02-13 17:53:22.394,2.0,0.0,0.0,1.0,3.0,9.0,5.0,2.0,53.0,37.0,0.0,0.0833333263888894,0.1538461420118352,22.0,2026-02-13,0
2026-02-13 17:53:23.399,1.0,2.0,0.0,0.0,1.0,3.0,3.0,3.0,50.0,10.0,0.4999998750000312,0.0,0.2499999375000156,13.0,2026-02-13,0
2026-02-13 17:53:24.401,1.0,1.0,0.0,1.0,0.0,5.0,6.0,6.0,70.0,27.0,0.199999960000008,0.199999960000008,0.1666666388888935,20.0,2026-02-13,0
2026-02-13 17:53:25.411,0.0,2.0,1.0,6.0,7.0,5.0,3.0,3.0,66.0,30.0,0.1666666527777789,0.5833332847222263,0.0,27.0,2026-02-13,0
2026-02-13 17:53:26.418,1.0,0.0,1.0,2.0,3.0,2.0,1.0,3.0,56.0,38.0,0.0,0.599999880000024,0.1249999843750019,13.0,2026-02-13,0
2026-02-13 17:53:27.421,0.0,1.0,1.0,2.0,2.0,2.0,5.0,3.0,53.0,66.0,0.2499999375000156,0.7499998125000469,0.0,16.0,2026-02-13,0
2026-02-13 17:53:28.426,0.0,0.0,1.0,3.0,7.0,5.0,10.0,2.0,51.0,74.0,0.0,0.3333333055555579,0.0,28.0,2026-02-13,0
2026-02-13 17:53:29.437,0.0,0.0,1.0,2.0,2.0,4.0,3.0,2.0,60.0,75.0,0.0,0.4999999166666805,0.0,14.0,2026-02-13,0
2026-02-13 17:53:30.439,0.0,0.0,0.0,6.0,7.0,3.0,7.0,7.0,57.0,78.0,0.0,0.599999940000006,0.0,30.0,2026-02-13,0
2026-02-13 17:53:31.447,0.0,1.0,2.0,2.0,5.0,3.0,3.0,4.0,60.0,75.0,0.1249999843750019,0.4999999375000079,0.0,20.0,2026-02-13,0
2026-02-13 17:53:32.454,0.0,2.0,1.0,6.0,2.0,4.0,2.0,2.0,48.0,77.0,0.333333277777787,1.1666664722222546,0.0,19.0,2026-02-13,0
2026-02-13 17:53:33.462,2.0,3.0,3.0,0.0,3.0,5.0,1.0,4.0,40.0,67.0,0.3749999531250059,0.3749999531250059,0.1818181652892577,21.0,2026-02-13,0
2026-02-13 17:53:34.469,2.0,0.0,0.0,0.0,2.0,8.0,1.0,2.0,54.0,56.0,0.0,0.0,0.199999980000002,15.0,2026-02-13,0
2026-02-13 17:53:35.470,1.0,1.0,0.0,1.0,0.0,2.0,3.0,2.0,56.0,54.0,0.499999750000125,0.499999750000125,0.3333332222222592,10.0,2026-02-13,0
2026-02-13 17:53:36.480,0.0,0.0,0.0,0.0,1.0,9.0,2.0,3.0,80.0,38.0,0.0,0.0,0.0,15.0,2026-02-13,0
2026-02-13 17:53:37.486,0.0,2.0,2.0,1.0,2.0,4.0,1.0,2.0,80.0,40.0,0.333333277777787,0.4999999166666805,0.0,14.0,2026-02-13,0
2026-02-13 17:53:38.489,0.0,0.0,0.0,5.0,4.0,3.0,1.0,2.0,67.0,51.0,0.0,0.7142856122449125,0.0,15.0,2026-02-13,0
2026-02-13 17:53:39.496,0.0,0.0,0.0,0.0,1.0,4.0,1.0,0.0,74.0,50.0,0.0,0.0,0.0,6.0,2026-02-13,0
2026-02-13 17:53:40.500,0.0,0.0,1.0,1.0,1.0,3.0,2.0,2.0,57.0,70.0,0.0,0.4999998750000312,0.0,10.0,2026-02-13,0
2026-02-13 17:53:41.504,0.0,0.0,1.0,2.0,1.0,2.0,2.0,2.0,60.0,78.0,0.0,0.9999996666667778,0.0,10.0,2026-02-13,0
2026-02-13 17:53:42.519,0.0,1.0,3.0,1.0,1.0,4.0,5.0,1.0,57.0,80.0,0.199999960000008,0.799999840000032,0.0,16.0,2026-02-13,0
2026-02-13 17:53:43.531,0.0,0.0,0.0,3.0,2.0,2.0,4.0,1.0,51.0,87.0,0.0,0.7499998125000469,0.0,12.0,2026-02-13,0
2026-02-13 17:53:44.535,0.0,1.0,2.0,0.0,1.0,4.0,8.0,0.0,50.0,81.0,0.199999960000008,0.399999920000016,0.0,16.0,2026-02-13,0
2026-02-13 17:53:45.538,0.0,0.0,1.0,1.0,2.0,3.0,1.0,2.0,56.0,80.0,0.0,0.399999920000016,0.0,10.0,2026-02-13,0
2026-02-13 17:53:46.541,0.0,1.0,0.0,5.0,1.0,4.0,4.0,2.0,56.0,80.0,0.199999960000008,0.99999980000004,0.0,17.0,2026-02-13,0
2026-02-13 17:53:47.549,0.0,1.0,0.0,0.0,1.0,1.0,2.0,1.0,54.0,67.0,0.499999750000125,0.0,0.0,6.0,2026-02-13,0
2026-02-13 17:53:48.554,0.0,1.0,1.0,2.0,2.0,0.0,7.0,2.0,40.0,67.0,0.499999750000125,1.499999250000375,0.0,15.0,2026-02-13,0
2026-02-13 17:53:49.556,0.0,0.0,0.0,0.0,1.0,2.0,4.0,1.0,37.0,60.0,0.0,0.0,0.0,8.0,2026-02-13,0
2026-02-13 17:53:50.558,0.0,1.0,0.0,0.0,1.0,4.0,5.0,2.0,43.0,48.0,0.199999960000008,0.0,0.0,13.0,2026-02-13,0
2026-02-13 17:53:51.565,0.0,0.0,1.0,1.0,1.0,3.0,4.0,2.0,51.0,57.0,0.0,0.4999998750000312,0.0,12.0,2026-02-13,0
2026-02-13 17:53:52.568,0.0,0.0,1.0,2.0,2.0,1.0,1.0,0.0,60.0,57.0,0.0,0.9999996666667778,0.0,7.0,2026-02-13,0
2026-02-13 17:53:53.573,0.0,0.0,0.0,0.0,1.0,4.0,2.0,1.0,63.0,56.0,0.0,0.0,0.0,8.0,2026-02-13,0
2026-02-13 17:53:54.577,0.0,1.0,0.0,0.0,2.0,4.0,1.0,1.0,61.0,53.0,0.1666666388888935,0.0,0.0,9.0,2026-02-13,0
2026-02-13 17:53:55.581,0.0,0.0,2.0,2.0,2.0,3.0,3.0,1.0,60.0,57.0,0.0,0.799999840000032,0.0,13.0,2026-02-13,0
2026-02-13 17:53:56.587,0.0,1.0,2.0,3.0,1.0,2.0,0.0,3.0,56.0,60.0,0.3333332222222592,1.666666111111296,0.0,12.0,2026-02-13,0
2026-02-13 17:53:57.588,0.0,1.0,1.0,0.0,8.0,1.0,1.0,0.0,44.0,60.0,0.1111110987654334,0.1111110987654334,0.0,12.0,2026-02-13,0
2026-02-13 17:53:58.603,1.0,1.0,2.0,3.0,5.0,6.0,2.0,1.0,43.0,70.0,0.0909090826446288,0.4545454132231443,0.0624999960937502,21.0,2026-02-13,0
2026-02-13 17:53:59.608,0.0,0.0,1.0,3.0,1.0,3.0,1.0,3.0,40.0,70.0,0.0,0.9999997500000624,0.0,12.0,2026-02-13,0
2026-02-13 17:54:00.612,0.0,0.0,0.0,1.0,1.0,3.0,3.0,1.0,53.0,70.0,0.0,0.2499999375000156,0.0,9.0,2026-02-13,0
2026-02-13 17:54:01.613,1.0,1.0,0.0,1.0,1.0,4.0,1.0,1.0,61.0,69.0,0.199999960000008,0.199999960000008,0.1666666388888935,10.0,2026-02-13,0
2026-02-13 17:54:02.628,0.0,1.0,1.0,0.0,1.0,4.0,1.0,0.0,63.0,67.0,0.199999960000008,0.199999960000008,0.0,8.0,2026-02-13,0
2026-02-13 17:54:03.631,2.0,1.0,0.0,1.0,1.0,3.0,1.0,1.0,64.0,56.0,0.2499999375000156,0.2499999375000156,0.399999920000016,10.0,2026-02-13,0
2026-02-13 17:54:04.637,0.0,0.0,1.0,0.0,1.0,2.0,1.0,1.0,57.0,60.0,0.0,0.3333332222222592,0.0,6.0,2026-02-13,0
2026-02-13 17:54:05.640,0.0,0.0,0.0,0.0,1.0,3.0,5.0,1.0,64.0,51.0,0.0,0.0,0.0,10.0,2026-02-13,0
2026-02-13 17:54:06.643,0.0,0.0,1.0,0.0,1.0,3.0,2.0,1.0,64.0,53.0,0.0,0.2499999375000156,0.0,8.0,2026-02-13,0
2026-02-13 17:54:07.651,0.0,1.0,0.0,3.0,2.0,1.0,1.0,0.0,56.0,57.0,0.3333332222222592,0.9999996666667778,0.0,8.0,2026-02-13,0
2026-02-13 17:54:08.658,0.0,0.0,0.0,0.0,0.0,6.0,5.0,1.0,70.0,47.0,0.0,0.0,0.0,12.0,2026-02-13,0
2026-02-13 17:54:09.667,0.0,0.0,0.0,0.0,3.0,2.0,1.0,1.0,69.0,57.0,0.0,0.0,0.0,7.0,2026-02-13,0
2026-02-13 17:54:10.672,0.0,1.0,1.0,1.0,2.0,3.0,2.0,1.0,63.0,57.0,0.199999960000008,0.399999920000016,0.0,11.0,2026-02-13,0
2026-02-13 17:54:11.677,0.0,1.0,0.0,0.0,1.0,3.0,1.0,1.0,69.0,43.0,0.2499999375000156,0.0,0.0,7.0,2026-02-13,0
2026-02-13 17:54:12.679,0.0,1.0,0.0,0.0,2.0,3.0,4.0,1.0,57.0,41.0,0.199999960000008,0.0,0.0,11.0,2026-02-13,0
2026-02-13 17:54:13.693,0.0,0.0,1.0,1.0,1.0,4.0,6.0,1.0,56.0,50.0,0.0,0.399999920000016,0.0,14.0,2026-02-13,0
2026-02-13 17:54:14.702,0.0,1.0,0.0,2.0,1.0,3.0,8.0,1.0,61.0,43.0,0.2499999375000156,0.4999998750000312,0.0,16.0,2026-02-13,0
2026-02-13 17:54:15.706,0.0,0.0,2.0,1.0,2.0,4.0,3.0,1.0,63.0,66.0,0.0,0.4999999166666805,0.0,13.0,2026-02-13,0
2026-02-13 17:54:16.707,2.0,1.0,2.0,1.0,1.0,2.0,0.0,1.0,56.0,78.0,0.3333332222222592,0.9999996666667778,0.333333277777787,10.0,2026-02-13,0
2026-02-13 17:54:17.708,0.0,0.0,0.0,0.0,0.0,3.0,2.0,1.0,61.0,64.0,0.0,0.0,0.0,6.0,2026-02-13,0
2026-02-13 17:54:18.715,0.0,0.0,0.0,0.0,0.0,3.0,1.0,2.0,69.0,64.0,0.0,0.0,0.0,6.0,2026-02-13,0
2026-02-13 17:54:19.725,0.0,0.0,0.0,1.0,1.0,2.0,4.0,1.0,69.0,56.0,0.0,0.3333332222222592,0.0,9.0,2026-02-13,0
2026-02-13 17:54:20.732,0.0,0.0,0.0,1.0,0.0,3.0,4.0,1.0,81.0,51.0,0.0,0.3333332222222592,0.0,9.0,2026-02-13,0
2026-02-13 17:54:21.739,0.0,0.0,1.0,1.0,3.0,6.0,1.0,1.0,78.0,61.0,0.0,0.2222221975308669,0.0,13.0,2026-02-13,0
2026-02-13 17:54:22.747,0.0,0.0,0.0,0.0,1.0,2.0,1.0,1.0,74.0,57.0,0.0,0.0,0.0,5.0,2026-02-13,0
2026-02-13 17:54:23.750,0.0,0.0,0.0,1.0,2.0,3.0,5.0,1.0,74.0,56.0,0.0,0.199999960000008,0.0,12.0,2026-02-13,0
2026-02-13 17:54:24.756,0.0,0.0,0.0,2.0,1.0,2.0,1.0,2.0,64.0,67.0,0.0,0.6666664444445185,0.0,8.0,2026-02-13,0
2026-02-13 17:54:25.771,0.0,0.0,0.0,1.0,1.0,2.0,2.0,1.0,66.0,67.0,0.0,0.3333332222222592,0.0,7.0,2026-02-13,0
2026-02-13 17:54:26.787,0.0,0.0,0.0,0.0,0.0,3.0,2.0,1.0,67.0,70.0,0.0,0.0,0.0,6.0,2026-02-13,0
2026-02-13 17:54:27.787,0.0,0.0,0.0,0.0,1.0,2.0,2.0,0.0,67.0,69.0,0.0,0.0,0.0,5.0,2026-02-13,0
2026-02-13 17:54:28.790,0.0,0.0,0.0,0.0,0.0,2.0,2.0,2.0,75.0,53.0,0.0,0.0,0.0,6.0,2026-02-13,0
2026-02-13 17:54:29.795,0.0,0.0,1.0,0.0,0.0,4.0,0.0,0.0,77.0,51.0,0.0,0.2499999375000156,0.0,5.0,2026-02-13,0
2026-02-13 17:54:30.801,0.0,0.0,0.0,1.0,4.0,3.0,2.0,3.0,74.0,50.0,0.0,0.1428571224489825,0.0,13.0,2026-02-13,0
2026-02-13 17:54:31.804,0.0,0.0,0.0,0.0,1.0,3.0,1.0,1.0,77.0,50.0,0.0,0.0,0.0,6.0,2026-02-13,0
2026-02-13 17:54:32.808,0.0,0.0,0.0,0.0,0.0,3.0,4.0,0.0,77.0,50.0,0.0,0.0,0.0,7.0,2026-02-13,0
2026-02-13 17:54:33.809,0.0,1.0,1.0,0.0,1.0,3.0,4.0,1.0,69.0,50.0,0.2499999375000156,0.2499999375000156,0.0,11.0,2026-02-13,0
2026-02-13 17:54:34.815,0.0,0.0,0.0,0.0,1.0,3.0,3.0,0.0,67.0,54.0,0.0,0.0,0.0,7.0,2026-02-13,0
2026-02-13 17:54:35.822,0.0,1.0,0.0,1.0,1.0,5.0,2.0,1.0,70.0,47.0,0.1666666388888935,0.1666666388888935,0.0,11.0,2026-02-13,0
2026-02-13 17:54:36.831,0.0,1.0,0.0,0.0,2.0,4.0,4.0,1.0,69.0,47.0,0.1666666388888935,0.0,0.0,12.0,2026-02-13,0
2026-02-13 17:54:37.838,0.0,0.0,0.0,1.0,1.0,3.0,5.0,1.0,75.0,44.0,0.0,0.2499999375000156,0.0,11.0,2026-02-13,0
2026-02-13 17:54:38.845,0.0,0.0,0.0,1.0,1.0,2.0,2.0,2.0,74.0,43.0,0.0,0.3333332222222592,0.0,8.0,2026-02-13,0
2026-02-13 17:54:39.847,0.0,0.0,0.0,0.0,1.0,1.0,5.0,1.0,67.0,56.0,0.0,0.0,0.0,8.0,2026-02-13,0
2026-02-13 17:54:40.852,0.0,0.0,2.0,0.0,0.0,2.0,3.0,1.0,63.0,74.0,0.0,0.99999950000025,0.0,8.0,2026-02-13,0
2026-02-13 17:54:41.859,0.0,0.0,0.0,0.0,0.0,2.0,4.0,1.0,61.0,70.0,0.0,0.0,0.0,7.0,2026-02-13,0
2026-02-13 17:54:42.861,0.0,0.0,1.0,2.0,2.0,4.0,4.0,1.0,66.0,80.0,0.0,0.4999999166666805,0.0,14.0,2026-02-13,0
2026-02-13 17:54:43.865,0.0,0.0,1.0,2.0,4.0,2.0,2.0,1.0,60.0,81.0,0.0,0.4999999166666805,0.0,12.0,2026-02-13,0
2026-02-13 17:54:44.868,0.0,0.0,1.0,3.0,7.0,2.0,1.0,1.0,54.0,74.0,0.0,0.4444443950617339,0.0,15.0,2026-02-13,0
2026-02-13 17:54:45.878,0.0,0.0,0.0,0.0,2.0,1.0,2.0,1.0,41.0,63.0,0.0,0.0,0.0,6.0,2026-02-13,0
2026-02-13 17:54:46.883,0.0,1.0,0.0,0.0,1.0,2.0,3.0,1.0,47.0,51.0,0.3333332222222592,0.0,0.0,8.0,2026-02-13,0
2026-02-13 17:54:47.890,0.0,0.0,0.0,0.0,1.0,2.0,3.0,2.0,54.0,40.0,0.0,0.0,0.0,8.0,2026-02-13,0
2026-02-13 17:54:48.893,0.0,1.0,1.0,0.0,0.0,1.0,1.0,1.0,53.0,41.0,0.999999000001,0.999999000001,0.0,5.0,2026-02-13,0
2026-02-13 17:54:49.897,0.0,1.0,0.0,1.0,0.0,3.0,1.0,1.0,54.0,44.0,0.3333332222222592,0.3333332222222592,0.0,7.0,2026-02-13,0
2026-02-13 17:54:50.899,0.0,0.0,1.0,2.0,1.0,4.0,2.0,2.0,56.0,54.0,0.0,0.599999880000024,0.0,12.0,2026-02-13,0
2026-02-13 17:54:51.905,0.0,2.0,1.0,1.0,0.0,1.0,1.0,3.0,38.0,61.0,1.999998000002,1.999998000002,0.0,9.0,2026-02-13,0
2026-02-13 17:54:52.911,0.0,1.0,0.0,0.0,0.0,2.0,2.0,1.0,47.0,51.0,0.499999750000125,0.0,0.0,6.0,2026-02-13,0
2026-02-13 17:54:53.916,0.0,0.0,0.0,0.0,1.0,2.0,1.0,0.0,47.0,51.0,0.0,0.0,0.0,4.0,2026-02-13,0
2026-02-13 17:54:54.916,0.0,0.0,0.0,2.0,0.0,3.0,0.0,1.0,47.0,54.0,0.0,0.6666664444445185,0.0,6.0,2026-02-13,0
2026-02-13 17:54:55.923,0.0,1.0,0.0,1.0,1.0,2.0,2.0,1.0,57.0,53.0,0.3333332222222592,0.3333332222222592,0.0,8.0,2026-02-13,0
2026-02-13 17:54:56.930,0.0,1.0,0.0,1.0,0.0,2.0,2.0,1.0,56.0,57.0,0.499999750000125,0.499999750000125,0.0,7.0,2026-02-13,0
2026-02-13 17:54:57.934,0.0,0.0,1.0,0.0,1.0,3.0,3.0,1.0,61.0,64.0,0.0,0.2499999375000156,0.0,9.0,2026-02-13,0
2026-02-13 17:54:58.940,0.0,0.0,0.0,1.0,3.0,3.0,0.0,1.0,63.0,57.0,0.0,0.1666666388888935,0.0,8.0,2026-02-13,0
2026-02-13 17:54:59.948,0.0,1.0,2.0,4.0,8.0,6.0,1.0,1.0,63.0,64.0,0.0714285663265309,0.4285713979591858,0.0,23.0,2026-02-13,0
2026-02-13 17:55:00.949,0.0,1.0,1.0,3.0,7.0,5.0,2.0,1.0,63.0,66.0,0.0833333263888894,0.3333333055555579,0.0,20.0,2026-02-13,0
2026-02-13 17:55:01.955,0.0,1.0,0.0,4.0,4.0,2.0,1.0,1.0,51.0,66.0,0.1666666388888935,0.6666665555555741,0.0,13.0,2026-02-13,0
2026-02-13 17:55:02.960,1.0,2.0,1.0,1.0,2.0,2.0,2.0,1.0,38.0,64.0,0.4999998750000312,0.4999998750000312,0.1666666388888935,12.0,2026-02-13,0
2026-02-13 17:55:03.966,0.0,1.0,1.0,1.0,0.0,5.0,2.0,1.0,43.0,64.0,0.199999960000008,0.399999920000016,0.0,11.0,2026-02-13,0
2026-02-13 17:55:04.967,0.0,1.0,1.0,2.0,0.0,4.0,0.0,0.0,43.0,66.0,0.2499999375000156,0.7499998125000469,0.0,8.0,2026-02-13,0
2026-02-13 17:55:05.980,0.0,0.0,1.0,1.0,0.0,5.0,1.0,1.0,56.0,67.0,0.0,0.399999920000016,0.0,9.0,2026-02-13,0
2026-02-13 17:55:06.993,0.0,0.0,1.0,0.0,0.0,2.0,1.0,1.0,69.0,77.0,0.0,0.499999750000125,0.0,5.0,2026-02-13,0
2026-02-13 17:55:07.999,0.0,1.0,2.0,0.0,1.0,3.0,4.0,1.0,63.0,75.0,0.2499999375000156,0.4999998750000312,0.0,12.0,2026-02-13,0
2026-02-13 17:55:09.004,0.0,0.0,1.0,1.0,3.0,4.0,2.0,1.0,67.0,75.0,0.0,0.285714244897965,0.0,12.0,2026-02-13,0
2026-02-13 17:55:10.020,0.0,1.0,0.0,2.0,1.0,1.0,11.0,0.0,51.0,69.0,0.499999750000125,0.99999950000025,0.0,16.0,2026-02-13,0
2026-02-13 17:55:11.021,0.0,0.0,0.0,0.0,2.0,2.0,2.0,2.0,51.0,54.0,0.0,0.0,0.0,8.0,2026-02-13,0
2026-02-13 17:55:12.025,0.0,0.0,0.0,1.0,1.0,4.0,6.0,0.0,57.0,53.0,0.0,0.199999960000008,0.0,12.0,2026-02-13,0
2026-02-13 17:55:13.027,0.0,0.0,1.0,4.0,2.0,2.0,2.0,2.0,48.0,61.0,0.0,1.249999687500078,0.0,13.0,2026-02-13,0
2026-02-13 17:55:14.028,0.0,0.0,4.0,1.0,1.0,4.0,1.0,1.0,53.0,70.0,0.0,0.99999980000004,0.0,12.0,2026-02-13,0
2026-02-13 17:55:15.031,0.0,1.0,2.0,2.0,2.0,2.0,1.0,1.0,41.0,88.0,0.2499999375000156,0.9999997500000624,0.0,11.0,2026-02-13,0
2026-02-13 17:55:16.039,0.0,0.0,0.0,1.0,1.0,3.0,1.0,0.0,40.0,90.0,0.0,0.2499999375000156,0.0,6.0,2026-02-13,0
2026-02-13 17:55:17.043,0.0,0.0,0.0,1.0,2.0,1.0,3.0,1.0,48.0,84.0,0.0,0.3333332222222592,0.0,8.0,2026-02-13,0
2026-02-13 17:55:18.050,1.0,0.0,0.0,1.0,1.0,3.0,2.0,1.0,57.0,70.0,0.0,0.2499999375000156,0.199999960000008,9.0,2026-02-13,0
2026-02-13 17:55:19.052,0.0,0.0,2.0,3.0,4.0,3.0,4.0,0.0,63.0,70.0,0.0,0.7142856122449125,0.0,16.0,2026-02-13,0
2026-02-13 17:55:20.057,0.0,0.0,1.0,1.0,1.0,2.0,1.0,0.0,57.0,75.0,0.0,0.6666664444445185,0.0,6.0,2026-02-13,0
2026-02-13 17:55:21.061,0.0,1.0,0.0,0.0,2.0,3.0,3.0,0.0,57.0,67.0,0.199999960000008,0.0,0.0,9.0,2026-02-13,0
2026-02-13 17:55:22.068,0.0,1.0,1.0,1.0,0.0,2.0,3.0,1.0,47.0,70.0,0.499999750000125,0.99999950000025,0.0,9.0,2026-02-13,0
2026-02-13 17:55:23.074,0.0,1.0,0.0,0.0,0.0,5.0,6.0,0.0,56.0,61.0,0.199999960000008,0.0,0.0,12.0,2026-02-13,0
2026-02-13 17:55:24.077,0.0,0.0,0.0,1.0,1.0,2.0,2.0,0.0,66.0,57.0,0.0,0.3333332222222592,0.0,6.0,2026-02-13,0
2026-02-13 17:55:25.092,0.0,1.0,0.0,0.0,0.0,3.0,4.0,1.0,67.0,54.0,0.3333332222222592,0.0,0.0,9.0,2026-02-13,0
2026-02-13 17:55:26.108,0.0,1.0,0.0,1.0,2.0,3.0,3.0,1.0,75.0,44.0,0.199999960000008,0.199999960000008,0.0,11.0,2026-02-13,0
2026-02-13 17:55:27.110,1.0,2.0,0.0,1.0,4.0,7.0,1.0,1.0,69.0,41.0,0.1818181652892577,0.0909090826446288,0.0833333263888894,17.0,2026-02-13,0
2026-02-13 17:55:28.110,0.0,1.0,2.0,0.0,2.0,5.0,4.0,2.0,63.0,40.0,0.1428571224489825,0.285714244897965,0.0,16.0,2026-02-13,0
2026-02-13 17:55:29.112,0.0,2.0,0.0,2.0,1.0,6.0,3.0,1.0,61.0,43.0,0.285714244897965,0.285714244897965,0.0,15.0,2026-02-13,0
2026-02-13 17:55:30.120,0.0,1.0,1.0,1.0,17.0,2.0,2.0,4.0,56.0,43.0,0.0526315761772854,0.1052631523545709,0.0,28.0,2026-02-13,0
2026-02-13 17:55:31.124,0.0,0.0,1.0,2.0,6.0,5.0,1.0,1.0,56.0,50.0,0.0,0.2727272479338866,0.0,16.0,2026-02-13,0
2026-02-13 17:55:32.128,0.0,0.0,0.0,0.0,1.0,5.0,1.0,1.0,66.0,44.0,0.0,0.0,0.0,8.0,2026-02-13,0
2026-02-13 17:55:33.137,0.0,0.0,0.0,0.0,0.0,3.0,1.0,0.0,74.0,43.0,0.0,0.0,0.0,4.0,2026-02-13,0
2026-02-13 17:55:34.143,0.0,1.0,0.0,1.0,0.0,5.0,1.0,2.0,80.0,50.0,0.199999960000008,0.199999960000008,0.0,10.0,2026-02-13,0
2026-02-13 17:55:35.147,0.0,0.0,0.0,1.0,0.0,4.0,3.0,1.0,83.0,48.0,0.0,0.2499999375000156,0.0,9.0,2026-02-13,0
2026-02-13 17:55:36.150,0.0,0.0,0.0,0.0,0.0,1.0,5.0,2.0,75.0,57.0,0.0,0.0,0.0,8.0,2026-02-13,0
2026-02-13 17:55:37.154,0.0,1.0,0.0,1.0,1.0,4.0,1.0,0.0,69.0,61.0,0.199999960000008,0.199999960000008,0.0,8.0,2026-02-13,0
2026-02-13 17:55:38.155,0.0,0.0,1.0,0.0,3.0,3.0,1.0,0.0,64.0,64.0,0.0,0.1666666388888935,0.0,8.0,2026-02-13,0
2026-02-13 17:55:39.156,0.0,0.0,0.0,0.0,3.0,4.0,3.0,0.0,67.0,61.0,0.0,0.0,0.0,10.0,2026-02-13,0
2026-02-13 17:55:40.161,0.0,0.0,0.0,0.0,1.0,1.0,2.0,0.0,67.0,51.0,0.0,0.0,0.0,4.0,2026-02-13,0
2026-02-13 17:55:41.161,0.0,0.0,0.0,1.0,0.0,1.0,3.0,1.0,63.0,54.0,0.0,0.999999000001,0.0,6.0,2026-02-13,0
2026-02-13 17:55:42.165,0.0,0.0,0.0,0.0,1.0,2.0,1.0,2.0,64.0,44.0,0.0,0.0,0.0,6.0,2026-02-13,0
2026-02-13 17:55:43.171,0.0,0.0,0.0,0.0,1.0,2.0,2.0,1.0,51.0,41.0,0.0,0.0,0.0,6.0,2026-02-13,0
2026-02-13 17:55:44.177,0.0,0.0,1.0,0.0,3.0,2.0,1.0,2.0,51.0,44.0,0.0,0.199999960000008,0.0,9.0,2026-02-13,0
2026-02-13 17:55:45.181,0.0,0.0,0.0,2.0,3.0,3.0,1.0,0.0,56.0,44.0,0.0,0.333333277777787,0.0,9.0,2026-02-13,0
2026-02-13 17:55:46.195,0.0,0.0,0.0,1.0,1.0,8.0,1.0,1.0,69.0,51.0,0.0,0.1111110987654334,0.0,12.0,2026-02-13,0
2026-02-13 17:55:47.199,19.0,3.0,1.0,5.0,13.0,5.0,0.0,1.0,64.0,56.0,0.1666666574074079,0.3333333148148158,0.7916666336805569,47.0,2026-02-13,0
2026-02-13 17:55:48.204,0.0,2.0,4.0,2.0,7.0,4.0,1.0,0.0,56.0,63.0,0.1818181652892577,0.5454544958677732,0.0,20.0,2026-02-13,0
2026-02-13 17:55:49.205,0.0,2.0,1.0,3.0,6.0,3.0,1.0,0.0,48.0,60.0,0.2222221975308669,0.4444443950617339,0.0,16.0,2026-02-13,0
2026-02-13 17:55:50.207,0.0,0.0,1.0,1.0,2.0,7.0,5.0,1.0,40.0,57.0,0.0,0.2222221975308669,0.0,17.0,2026-02-13,0
2026-02-13 17:55:51.214,0.0,0.0,0.0,1.0,1.0,2.0,5.0,1.0,43.0,66.0,0.0,0.3333332222222592,0.0,10.0,2026-02-13,0
2026-02-13 17:55:52.221,0.0,0.0,0.0,1.0,1.0,2.0,2.0,2.0,47.0,66.0,0.0,0.3333332222222592,0.0,8.0,2026-02-13,0
2026-02-13 17:55:53.230,0.0,0.0,1.0,1.0,1.0,2.0,1.0,1.0,54.0,77.0,0.0,0.6666664444445185,0.0,7.0,2026-02-13,0
2026-02-13 17:55:54.231,0.0,3.0,2.0,0.0,1.0,7.0,1.0,1.0,48.0,75.0,0.3749999531250059,0.2499999687500039,0.0,15.0,2026-02-13,0
2026-02-13 17:55:55.233,0.0,1.0,1.0,0.0,0.0,3.0,2.0,1.0,48.0,69.0,0.3333332222222592,0.3333332222222592,0.0,8.0,2026-02-13,0
2026-02-13 17:55:56.238,1.0,1.0,0.0,1.0,0.0,2.0,1.0,2.0,47.0,64.0,0.499999750000125,0.499999750000125,0.3333332222222592,8.0,2026-02-13,0
2026-02-13 17:55:57.243,0.0,0.0,1.0,1.0,0.0,4.0,1.0,1.0,47.0,61.0,0.0,0.4999998750000312,0.0,8.0,2026-02-13,0
2026-02-13 17:55:58.243,0.0,2.0,1.0,1.0,4.0,1.0,1.0,1.0,35.0,60.0,0.399999920000016,0.399999920000016,0.0,11.0,2026-02-13,0
2026-02-13 17:55:59.247,0.0,2.0,0.0,1.0,24.0,2.0,1.0,1.0,30.0,40.0,0.0769230739644971,0.0384615369822485,0.0,31.0,2026-02-13,0
2026-02-13 17:56:00.252,2.0,0.0,3.0,5.0,2.0,4.0,1.0,1.0,30.0,53.0,0.0,1.3333331111111482,0.1428571326530619,18.0,2026-02-13,0
2026-02-13 17:56:01.258,0.0,0.0,1.0,1.0,3.0,4.0,0.0,1.0,30.0,50.0,0.0,0.285714244897965,0.0,10.0,2026-02-13,0
2026-02-13 17:56:02.261,2.0,1.0,2.0,0.0,8.0,5.0,1.0,2.0,41.0,54.0,0.0769230710059176,0.1538461420118352,0.133333324444445,21.0,2026-02-13,0
2026-02-13 17:56:03.264,0.0,1.0,0.0,1.0,1.0,3.0,1.0,0.0,47.0,66.0,0.2499999375000156,0.2499999375000156,0.0,7.0,2026-02-13,0
2026-02-13 17:56:04.265,0.0,1.0,2.0,0.0,0.0,3.0,1.0,1.0,48.0,57.0,0.3333332222222592,0.6666664444445185,0.0,8.0,2026-02-13,0
2026-02-13 17:56:05.269,0.0,1.0,0.0,1.0,3.0,3.0,0.0,1.0,43.0,50.0,0.1666666388888935,0.1666666388888935,0.0,9.0,2026-02-13,0
2026-02-13 17:56:06.273,0.0,0.0,2.0,8.0,5.0,9.0,1.0,0.0,47.0,57.0,0.0,0.7142856632653098,0.0,25.0,2026-02-13,0
2026-02-13 17:56:07.280,0.0,4.0,2.0,1.0,7.0,9.0,1.0,1.0,47.0,57.0,0.2499999843750009,0.1874999882812507,0.0,25.0,2026-02-13,0
2026-02-13 17:56:08.285,2.0,9.0,3.0,3.0,1.0,4.0,2.0,1.0,35.0,48.0,1.799999640000072,1.199999760000048,0.1818181652892577,25.0,2026-02-13,0
2026-02-13 17:56:09.295,0.0,0.0,1.0,0.0,1.0,3.0,3.0,1.0,38.0,56.0,0.0,0.2499999375000156,0.0,9.0,2026-02-13,0
2026-02-13 17:56:10.306,0.0,1.0,4.0,1.0,2.0,4.0,1.0,0.0,34.0,54.0,0.1666666388888935,0.8333331944444675,0.0,13.0,2026-02-13,0
2026-02-13 17:56:11.320,0.0,1.0,0.0,0.0,2.0,3.0,2.0,0.0,35.0,56.0,0.199999960000008,0.0,0.0,8.0,2026-02-13,0
2026-02-13 17:56:12.329,0.0,1.0,0.0,0.0,2.0,2.0,2.0,1.0,48.0,54.0,0.2499999375000156,0.0,0.0,8.0,2026-02-13,0
2026-02-13 17:56:13.337,0.0,0.0,0.0,1.0,2.0,1.0,5.0,0.0,40.0,56.0,0.0,0.3333332222222592,0.0,9.0,2026-02-13,0
2026-02-13 17:56:14.352,0.0,0.0,0.0,0.0,3.0,2.0,2.0,2.0,47.0,50.0,0.0,0.0,0.0,9.0,2026-02-13,0
2026-02-13 17:56:15.363,1.0,1.0,2.0,4.0,20.0,6.0,1.0,2.0,41.0,53.0,0.0384615369822485,0.2307692218934914,0.0312499990234375,37.0,2026-02-13,0
2026-02-13 17:56:16.374,0.0,1.0,1.0,1.0,4.0,5.0,5.0,2.0,44.0,54.0,0.1111110987654334,0.2222221975308669,0.0,19.0,2026-02-13,0
2026-02-13 17:56:17.387,1.0,2.0,2.0,1.0,3.0,10.0,1.0,1.0,54.0,51.0,0.1538461420118352,0.2307692130177528,0.0624999960937502,21.0,2026-02-13,0
2026-02-13 17:56:18.397,0.0,0.0,1.0,2.0,8.0,7.0,1.0,1.0,60.0,53.0,0.0,0.1999999866666675,0.0,20.0,2026-02-13,0
2026-02-13 17:56:19.405,0.0,1.0,2.0,2.0,8.0,6.0,3.0,1.0,63.0,56.0,0.0714285663265309,0.2857142653061239,0.0,23.0,2026-02-13,0
2026-02-13 17:56:20.413,14.0,4.0,7.0,3.0,12.0,4.0,2.0,0.0,48.0,61.0,0.2499999843750009,0.6249999609375024,0.5384615177514801,46.0,2026-02-13,0
2026-02-13 17:56:21.418,1.0,1.0,0.0,10.0,17.0,7.0,2.0,0.0,43.0,63.0,0.0416666649305556,0.4166666493055562,0.0294117638408304,38.0,2026-02-13,0
2026-02-13 17:56:22.425,8.0,1.0,0.0,8.0,5.0,7.0,2.0,1.0,38.0,66.0,0.0833333263888894,0.6666666111111158,0.399999980000001,32.0,2026-02-13,0
2026-02-13 17:56:23.432,1.0,1.0,0.0,0.0,0.0,0.0,0.0,0.0,16.0,63.0,1000000.0,0.0,1000000.0,2.0,2026-02-13,1
2026-02-13 17:56:24.438,1.0,1.0,1.0,1.0,11.0,2.0,1.0,2.0,23.0,57.0,0.0769230710059176,0.1538461420118352,0.0666666622222225,20.0,2026-02-13,0
2026-02-13 17:56:25.441,3.0,2.0,2.0,2.0,6.0,3.0,1.0,2.0,11.0,53.0,0.2222221975308669,0.4444443950617339,0.2307692130177528,21.0,2026-02-13,0
2026-02-13 17:56:26.456,0.0,0.0,1.0,1.0,3.0,4.0,1.0,1.0,40.0,57.0,0.0,0.285714244897965,0.0,11.0,2026-02-13,0
2026-02-13 17:56:27.465,0.0,1.0,1.0,1.0,1.0,3.0,2.0,3.0,43.0,63.0,0.2499999375000156,0.4999998750000312,0.0,12.0,2026-02-13,0
2026-02-13 17:56:28.469,0.0,1.0,0.0,1.0,1.0,3.0,5.0,6.0,48.0,53.0,0.2499999375000156,0.2499999375000156,0.0,17.0,2026-02-13,0
2026-02-13 17:56:29.472,0.0,0.0,0.0,0.0,0.0,5.0,2.0,0.0,69.0,48.0,0.0,0.0,0.0,7.0,2026-02-13,0
2026-02-13 17:56:30.479,1.0,0.0,3.0,0.0,1.0,1.0,2.0,1.0,51.0,56.0,0.0,1.499999250000375,0.199999960000008,9.0,2026-02-13,0
2026-02-13 17:56:31.488,0.0,0.0,0.0,0.0,2.0,4.0,2.0,1.0,61.0,48.0,0.0,0.0,0.0,9.0,2026-02-13,0
2026-02-13 17:56:32.492,0.0,2.0,0.0,1.0,2.0,3.0,5.0,3.0,57.0,47.0,0.399999920000016,0.199999960000008,0.0,16.0,2026-02-13,0
2026-02-13 17:56:33.494,0.0,0.0,0.0,1.0,0.0,2.0,3.0,3.0,47.0,63.0,0.0,0.499999750000125,0.0,9.0,2026-02-13,0
2026-02-13 17:56:34.501,0.0,0.0,0.0,1.0,2.0,2.0,8.0,1.0,57.0,50.0,0.0,0.2499999375000156,0.0,14.0,2026-02-13,0
2026-02-13 17:56:35.504,0.0,0.0,1.0,1.0,1.0,2.0,4.0,0.0,47.0,61.0,0.0,0.6666664444445185,0.0,9.0,2026-02-13,0
2026-02-13 17:56:36.506,0.0,1.0,0.0,1.0,2.0,3.0,3.0,2.0,48.0,63.0,0.199999960000008,0.199999960000008,0.0,12.0,2026-02-13,0
2026-02-13 17:56:37.508,1.0,1.0,2.0,3.0,0.0,4.0,3.0,3.0,41.0,63.0,0.2499999375000156,1.249999687500078,0.1111110987654334,17.0,2026-02-13,0
2026-02-13 17:56:38.510,1.0,0.0,3.0,0.0,5.0,10.0,5.0,2.0,50.0,67.0,0.0,0.1999999866666675,0.0555555524691359,26.0,2026-02-13,0
2026-02-13 17:56:39.513,0.0,0.0,0.0,0.0,1.0,6.0,2.0,3.0,66.0,63.0,0.0,0.0,0.0,12.0,2026-02-13,0
2026-02-13 17:56:40.516,0.0,0.0,1.0,1.0,1.0,3.0,2.0,1.0,67.0,74.0,0.0,0.4999998750000312,0.0,9.0,2026-02-13,0
2026-02-13 17:56:41.518,0.0,0.0,2.0,1.0,1.0,5.0,1.0,0.0,75.0,70.0,0.0,0.4999999166666805,0.0,10.0,2026-02-13,0
2026-02-13 17:56:42.554,0.0,1.0,0.0,0.0,1.0,2.0,2.0,4.0,69.0,57.0,0.3333332222222592,0.0,0.0,10.0,2026-02-13,0
2026-02-13 17:56:43.565,0.0,0.0,4.0,0.0,1.0,4.0,3.0,4.0,53.0,69.0,0.0,0.799999840000032,0.0,16.0,2026-02-13,0
2026-02-13 17:56:44.568,0.0,0.0,3.0,0.0,1.0,3.0,2.0,2.0,53.0,77.0,0.0,0.7499998125000469,0.0,11.0,2026-02-13,0
2026-02-13 17:56:45.582,1.0,1.0,1.0,0.0,0.0,5.0,6.0,2.0,53.0,67.0,0.199999960000008,0.199999960000008,0.1666666388888935,16.0,2026-02-13,0
2026-02-13 17:56:46.586,0.0,0.0,0.0,0.0,2.0,2.0,1.0,1.0,53.0,74.0,0.0,0.0,0.0,6.0,2026-02-13,0
2026-02-13 17:56:47.593,4.0,1.0,4.0,13.0,7.0,11.0,1.0,1.0,53.0,74.0,0.0555555524691359,0.9444443919753116,0.1142857110204082,42.0,2026-02-13,0
2026-02-13 17:56:48.604,0.0,2.0,1.0,1.0,4.0,4.0,1.0,2.0,50.0,60.0,0.2499999687500039,0.2499999687500039,0.0,15.0,2026-02-13,0
2026-02-13 17:56:49.606,2.0,1.0,0.0,1.0,1.0,6.0,1.0,1.0,53.0,56.0,0.1428571224489825,0.1428571224489825,0.2499999687500039,13.0,2026-02-13,0
2026-02-13 17:56:50.620,0.0,0.0,1.0,1.0,4.0,1.0,1.0,1.0,43.0,60.0,0.0,0.399999920000016,0.0,9.0,2026-02-13,0
2026-02-13 17:56:51.634,0.0,0.0,2.0,1.0,1.0,4.0,1.0,1.0,44.0,56.0,0.0,0.599999880000024,0.0,10.0,2026-02-13,0
2026-02-13 17:56:52.641,0.0,3.0,5.0,3.0,4.0,6.0,1.0,4.0,41.0,61.0,0.299999970000003,0.7999999200000081,0.0,26.0,2026-02-13,0
2026-02-13 17:56:53.656,0.0,0.0,0.0,0.0,1.0,2.0,1.0,1.0,35.0,61.0,0.0,0.0,0.0,5.0,2026-02-13,0
2026-02-13 17:56:54.662,0.0,0.0,1.0,0.0,8.0,3.0,5.0,1.0,44.0,53.0,0.0,0.0909090826446288,0.0,18.0,2026-02-13,0
2026-02-13 17:56:55.676,0.0,0.0,0.0,0.0,2.0,1.0,4.0,1.0,43.0,50.0,0.0,0.0,0.0,8.0,2026-02-13,0
2026-02-13 17:56:56.681,0.0,0.0,0.0,1.0,0.0,1.0,3.0,0.0,44.0,50.0,0.0,0.999999000001,0.0,5.0,2026-02-13,0
2026-02-13 17:56:57.684,0.0,0.0,0.0,1.0,1.0,2.0,7.0,2.0,48.0,56.0,0.0,0.3333332222222592,0.0,13.0,2026-02-13,0
2026-02-13 17:56:58.689,0.0,1.0,3.0,0.0,0.0,6.0,3.0,1.0,44.0,67.0,0.1666666388888935,0.4999999166666805,0.0,14.0,2026-02-13,0
2026-02-13 17:56:59.691,0.0,1.0,0.0,0.0,3.0,1.0,2.0,1.0,43.0,51.0,0.2499999375000156,0.0,0.0,8.0,2026-02-13,0
2026-02-13 17:57:00.705,1.0,1.0,1.0,2.0,1.0,2.0,3.0,3.0,41.0,53.0,0.3333332222222592,0.9999996666667778,0.1666666388888935,14.0,2026-02-13,0
2026-02-13 17:57:01.720,1.0,3.0,0.0,0.0,1.0,4.0,3.0,1.0,35.0,30.0,0.599999880000024,0.0,0.199999960000008,13.0,2026-02-13,0
2026-02-13 17:57:02.736,2.0,2.0,0.0,0.0,1.0,3.0,5.0,2.0,30.0,21.0,0.4999998750000312,0.0,0.4999998750000312,15.0,2026-02-13,0
2026-02-13 17:57:03.749,0.0,0.0,1.0,1.0,2.0,5.0,3.0,1.0,40.0,37.0,0.0,0.285714244897965,0.0,13.0,2026-02-13,0
2026-02-13 17:57:04.764,14.0,6.0,1.0,6.0,0.0,10.0,3.0,2.0,43.0,27.0,0.599999940000006,0.699999930000007,0.8235293633218022,42.0,2026-02-13,0
2026-02-13 17:57:08.785,100.0,9.0,1.0,1.0,2.0,10.0,6.0,2.0,43.0,35.0,0.7499999375000053,0.1666666527777789,7.142856632653098,131.0,2026-02-13,0
2026-02-13 17:57:09.788,34.0,35.0,4.0,8.0,11.0,5.0,9.0,11.0,26.0,27.0,2.1874998632812583,0.7499999531250029,1.214285670918369,117.0,2026-02-13,1
2026-02-13 17:57:10.791,1.0,1.0,5.0,2.0,1.0,6.0,8.0,3.0,20.0,38.0,0.1428571224489825,0.9999998571428776,0.0714285663265309,27.0,2026-02-13,0
2026-02-13 17:57:11.800,0.0,0.0,1.0,0.0,1.0,3.0,8.0,6.0,27.0,41.0,0.0,0.2499999375000156,0.0,19.0,2026-02-13,0
2026-02-13 17:57:12.805,0.0,0.0,1.0,1.0,1.0,2.0,6.0,2.0,30.0,60.0,0.0,0.6666664444445185,0.0,13.0,2026-02-13,0
2026-02-13 17:57:13.808,0.0,0.0,1.0,1.0,1.0,1.0,6.0,2.0,50.0,78.0,0.0,0.99999950000025,0.0,12.0,2026-02-13,0
2026-02-13 17:57:14.814,17.0,6.0,1.0,0.0,2.0,13.0,4.0,8.0,53.0,54.0,0.3999999733333351,0.0666666622222225,1.0624999335937542,51.0,2026-02-13,0
2026-02-13 17:57:15.821,3.0,2.0,1.0,2.0,4.0,5.0,5.0,4.0,48.0,51.0,0.2222221975308669,0.3333332962963004,0.2499999791666684,26.0,2026-02-13,0
2026-02-13 17:57:16.824,1.0,4.0,0.0,1.0,2.0,3.0,2.0,2.0,43.0,38.0,0.799999840000032,0.199999960000008,0.1666666388888935,15.0,2026-02-13,0
2026-02-13 17:57:17.830,0.0,2.0,0.0,0.0,3.0,2.0,1.0,2.0,41.0,21.0,0.399999920000016,0.0,0.0,10.0,2026-02-13,0
2026-02-13 17:57:18.845,0.0,1.0,0.0,3.0,2.0,2.0,4.0,4.0,37.0,40.0,0.2499999375000156,0.7499998125000469,0.0,16.0,2026-02-13,0
2026-02-13 17:57:19.846,1.0,1.0,2.0,1.0,0.0,1.0,2.0,2.0,29.0,51.0,0.999999000001,2.9999970000030003,0.2499999375000156,10.0,2026-02-13,0
2026-02-13 17:57:20.850,0.0,0.0,5.0,1.0,6.0,3.0,3.0,1.0,30.0,69.0,0.0,0.6666665925926009,0.0,19.0,2026-02-13,0
2026-02-13 17:57:21.853,0.0,0.0,0.0,2.0,3.0,4.0,0.0,1.0,38.0,80.0,0.0,0.285714244897965,0.0,10.0,2026-02-13,0
2026-02-13 17:57:22.858,0.0,0.0,0.0,0.0,0.0,4.0,1.0,1.0,50.0,74.0,0.0,0.0,0.0,6.0,2026-02-13,0
2026-02-13 17:57:23.873,0.0,0.0,1.0,0.0,1.0,5.0,2.0,1.0,64.0,66.0,0.0,0.1666666388888935,0.0,10.0,2026-02-13,0
2026-02-13 17:57:24.878,2.0,2.0,3.0,7.0,8.0,4.0,1.0,2.0,61.0,63.0,0.1666666527777789,0.8333332638888947,0.0909090867768596,29.0,2026-02-13,0
2026-02-13 17:57:25.883,7.0,8.0,6.0,2.0,7.0,3.0,1.0,0.0,41.0,61.0,0.7999999200000081,0.7999999200000081,0.3888888672839518,34.0,2026-02-13,0
2026-02-13 17:57:26.888,0.0,0.0,0.0,2.0,2.0,2.0,1.0,0.0,34.0,66.0,0.0,0.4999998750000312,0.0,7.0,2026-02-13,0
2026-02-13 17:57:27.891,0.0,2.0,1.0,0.0,1.0,4.0,1.0,1.0,26.0,60.0,0.399999920000016,0.199999960000008,0.0,10.0,2026-02-13,0
2026-02-13 17:57:28.899,0.0,0.0,0.0,0.0,0.0,2.0,1.0,1.0,47.0,53.0,0.0,0.0,0.0,4.0,2026-02-13,0
2026-02-13 17:57:29.901,0.0,1.0,0.0,2.0,0.0,4.0,2.0,1.0,66.0,53.0,0.2499999375000156,0.4999998750000312,0.0,10.0,2026-02-13,0
2026-02-13 17:57:30.903,0.0,1.0,0.0,0.0,1.0,1.0,0.0,0.0,64.0,44.0,0.499999750000125,0.0,0.0,3.0,2026-02-13,0
2026-02-13 17:57:31.907,0.0,1.0,1.0,0.0,2.0,3.0,0.0,0.0,64.0,51.0,0.199999960000008,0.199999960000008,0.0,7.0,2026-02-13,0
2026-02-13 17:57:32.912,0.0,0.0,0.0,1.0,2.0,3.0,1.0,1.0,57.0,53.0,0.0,0.199999960000008,0.0,8.0,2026-02-13,0
2026-02-13 17:57:33.915,0.0,0.0,0.0,1.0,1.0,1.0,0.0,1.0,53.0,61.0,0.0,0.499999750000125,0.0,4.0,2026-02-13,0
2026-02-13 17:57:34.930,0.0,0.0,0.0,1.0,0.0,1.0,0.0,0.0,57.0,67.0,0.0,0.999999000001,0.0,2.0,2026-02-13,0
2026-02-13 17:57:35.941,0.0,1.0,0.0,0.0,1.0,1.0,0.0,1.0,50.0,61.0,0.499999750000125,0.0,0.0,4.0,2026-02-13,0
2026-02-13 17:57:36.950,0.0,1.0,1.0,0.0,0.0,2.0,1.0,1.0,41.0,66.0,0.499999750000125,0.499999750000125,0.0,6.0,2026-02-13,0
2026-02-13 17:57:37.957,0.0,0.0,2.0,0.0,1.0,1.0,0.0,0.0,40.0,67.0,0.0,0.99999950000025,0.0,4.0,2026-02-13,0
2026-02-13 17:57:38.965,0.0,1.0,0.0,0.0,2.0,3.0,0.0,2.0,41.0,54.0,0.199999960000008,0.0,0.0,8.0,2026-02-13,0
2026-02-13 17:57:39.980,0.0,0.0,1.0,0.0,1.0,3.0,1.0,1.0,56.0,67.0,0.0,0.2499999375000156,0.0,7.0,2026-02-13,0
2026-02-13 17:57:40.985,0.0,0.0,0.0,1.0,2.0,2.0,0.0,0.0,63.0,61.0,0.0,0.2499999375000156,0.0,5.0,2026-02-13,0
2026-02-13 17:57:41.996,0.0,1.0,0.0,0.0,2.0,4.0,1.0,1.0,70.0,47.0,0.1666666388888935,0.0,0.0,9.0,2026-02-13,0
2026-02-13 17:57:43.005,0.0,1.0,1.0,0.0,3.0,2.0,0.0,0.0,69.0,56.0,0.199999960000008,0.199999960000008,0.0,7.0,2026-02-13,0
2026-02-13 17:57:44.015,0.0,1.0,0.0,0.0,1.0,0.0,0.0,1.0,53.0,41.0,0.999999000001,0.0,0.0,3.0,2026-02-13,0
2026-02-13 17:57:45.018,0.0,0.0,0.0,0.0,1.0,3.0,0.0,0.0,51.0,41.0,0.0,0.0,0.0,4.0,2026-02-13,0
2026-02-13 17:57:46.032,0.0,1.0,6.0,1.0,5.0,5.0,0.0,1.0,43.0,56.0,0.099999990000001,0.699999930000007,0.0,19.0,2026-02-13,0
2026-02-13 17:57:47.046,0.0,1.0,1.0,4.0,3.0,0.0,0.0,0.0,24.0,63.0,0.3333332222222592,1.666666111111296,0.0,9.0,2026-02-13,0
2026-02-13 17:57:48.050,0.0,0.0,1.0,1.0,1.0,0.0,1.0,1.0,23.0,77.0,0.0,1.999998000002,0.0,5.0,2026-02-13,1
2026-02-13 17:57:49.054,0.0,0.0,2.0,0.0,2.0,4.0,1.0,1.0,26.0,84.0,0.0,0.333333277777787,0.0,10.0,2026-02-13,0
2026-02-13 17:57:50.061,0.0,0.0,0.0,2.0,1.0,5.0,0.0,0.0,37.0,80.0,0.0,0.333333277777787,0.0,8.0,2026-02-13,0
2026-02-13 17:57:51.076,0.0,0.0,0.0,0.0,0.0,1.0,1.0,0.0,56.0,67.0,0.0,0.0,0.0,2.0,2026-02-13,0
2026-02-13 17:57:52.083,0.0,0.0,0.0,0.0,0.0,2.0,0.0,0.0,54.0,64.0,0.0,0.0,0.0,2.0,2026-02-13,0
2026-02-13 17:57:53.089,0.0,0.0,1.0,1.0,0.0,2.0,0.0,0.0,47.0,66.0,0.0,0.99999950000025,0.0,4.0,2026-02-13,0
2026-02-13 17:57:54.092,0.0,0.0,0.0,1.0,2.0,1.0,2.0,1.0,44.0,74.0,0.0,0.3333332222222592,0.0,7.0,2026-02-13,0
2026-02-13 17:57:55.100,0.0,3.0,1.0,1.0,8.0,5.0,0.0,1.0,47.0,60.0,0.2307692130177528,0.1538461420118352,0.0,19.0,2026-02-13,0
2026-02-13 17:57:56.105,0.0,0.0,0.0,2.0,1.0,2.0,1.0,1.0,44.0,64.0,0.0,0.6666664444445185,0.0,7.0,2026-02-13,0
2026-02-13 17:57:57.111,0.0,0.0,0.0,1.0,2.0,7.0,1.0,0.0,56.0,61.0,0.0,0.1111110987654334,0.0,11.0,2026-02-13,0
2026-02-13 17:57:58.126,0.0,0.0,0.0,0.0,0.0,2.0,0.0,0.0,66.0,61.0,0.0,0.0,0.0,2.0,2026-02-13,0
2026-02-13 17:57:59.133,0.0,0.0,0.0,1.0,1.0,6.0,0.0,1.0,83.0,69.0,0.0,0.1428571224489825,0.0,9.0,2026-02-13,0
2026-02-13 17:58:00.137,0.0,0.0,1.0,0.0,1.0,2.0,0.0,0.0,81.0,69.0,0.0,0.3333332222222592,0.0,4.0,2026-02-13,0
2026-02-13 17:58:01.146,0.0,0.0,0.0,1.0,2.0,2.0,0.0,0.0,74.0,67.0,0.0,0.2499999375000156,0.0,5.0,2026-02-13,0
2026-02-13 17:58:02.152,0.0,0.0,0.0,1.0,3.0,2.0,1.0,1.0,78.0,60.0,0.0,0.199999960000008,0.0,8.0,2026-02-13,0
2026-02-13 17:58:03.156,0.0,0.0,0.0,2.0,1.0,6.0,0.0,2.0,75.0,63.0,0.0,0.285714244897965,0.0,11.0,2026-02-13,0
2026-02-13 17:58:04.161,0.0,0.0,0.0,2.0,3.0,3.0,0.0,0.0,78.0,54.0,0.0,0.333333277777787,0.0,8.0,2026-02-13,0
2026-02-13 17:58:05.167,0.0,0.0,1.0,0.0,1.0,2.0,3.0,0.0,75.0,61.0,0.0,0.3333332222222592,0.0,7.0,2026-02-13,0
2026-02-13 17:58:06.170,0.0,0.0,1.0,2.0,4.0,3.0,0.0,0.0,69.0,70.0,0.0,0.4285713673469475,0.0,10.0,2026-02-13,0
2026-02-13 17:58:07.176,0.0,1.0,1.0,1.0,1.0,7.0,0.0,0.0,64.0,69.0,0.1249999843750019,0.2499999687500039,0.0,11.0,2026-02-13,0
2026-02-13 17:58:08.181,0.0,1.0,0.0,0.0,4.0,3.0,1.0,0.0,61.0,60.0,0.1428571224489825,0.0,0.0,9.0,2026-02-13,0
2026-02-13 17:58:09.188,0.0,0.0,1.0,1.0,1.0,3.0,1.0,1.0,66.0,61.0,0.0,0.4999998750000312,0.0,8.0,2026-02-13,0
2026-02-13 17:58:10.192,0.0,0.0,1.0,3.0,1.0,2.0,0.0,1.0,60.0,67.0,0.0,1.333332888889037,0.0,8.0,2026-02-13,0
2026-02-13 17:58:11.196,0.0,0.0,0.0,1.0,1.0,2.0,1.0,0.0,53.0,70.0,0.0,0.3333332222222592,0.0,5.0,2026-02-13,0
2026-02-13 17:58:12.199,0.0,0.0,0.0,1.0,1.0,2.0,1.0,1.0,53.0,80.0,0.0,0.3333332222222592,0.0,6.0,2026-02-13,0
2026-02-13 17:58:13.203,0.0,0.0,2.0,0.0,2.0,3.0,1.0,0.0,48.0,77.0,0.0,0.399999920000016,0.0,8.0,2026-02-13,0
2026-02-13 17:58:14.204,0.0,1.0,1.0,1.0,1.0,1.0,1.0,0.0,47.0,69.0,0.499999750000125,0.99999950000025,0.0,6.0,2026-02-13,0
2026-02-13 17:58:15.210,0.0,1.0,1.0,0.0,1.0,3.0,0.0,2.0,48.0,64.0,0.2499999375000156,0.2499999375000156,0.0,8.0,2026-02-13,0
2026-02-13 17:58:16.215,0.0,0.0,0.0,0.0,0.0,2.0,0.0,1.0,54.0,64.0,0.0,0.0,0.0,3.0,2026-02-13,0
2026-02-13 17:58:17.220,0.0,0.0,0.0,1.0,0.0,2.0,0.0,0.0,57.0,67.0,0.0,0.499999750000125,0.0,3.0,2026-02-13,0
2026-02-13 17:58:18.227,0.0,0.0,0.0,0.0,0.0,3.0,1.0,1.0,74.0,63.0,0.0,0.0,0.0,5.0,2026-02-13,0
2026-02-13 17:58:19.233,0.0,0.0,1.0,0.0,1.0,2.0,0.0,0.0,74.0,69.0,0.0,0.3333332222222592,0.0,4.0,2026-02-13,0
2026-02-13 17:58:20.235,0.0,0.0,0.0,1.0,1.0,4.0,1.0,0.0,74.0,69.0,0.0,0.199999960000008,0.0,7.0,2026-02-13,0
2026-02-13 17:58:21.240,0.0,1.0,1.0,2.0,0.0,1.0,0.0,1.0,61.0,66.0,0.999999000001,2.9999970000030003,0.0,6.0,2026-02-13,0
2026-02-13 17:58:22.245,0.0,0.0,0.0,1.0,1.0,2.0,1.0,0.0,53.0,67.0,0.0,0.3333332222222592,0.0,5.0,2026-02-13,0
2026-02-13 17:58:23.252,0.0,1.0,0.0,1.0,0.0,2.0,1.0,1.0,51.0,60.0,0.499999750000125,0.499999750000125,0.0,6.0,2026-02-13,0
2026-02-13 17:58:24.257,0.0,0.0,2.0,0.0,1.0,1.0,1.0,1.0,38.0,70.0,0.0,0.99999950000025,0.0,6.0,2026-02-13,0
2026-02-13 17:58:25.258,0.0,0.0,0.0,1.0,2.0,4.0,2.0,1.0,50.0,69.0,0.0,0.1666666388888935,0.0,10.0,2026-02-13,0
2026-02-13 17:58:26.267,0.0,1.0,1.0,0.0,1.0,3.0,0.0,0.0,47.0,69.0,0.2499999375000156,0.2499999375000156,0.0,6.0,2026-02-13,0
2026-02-13 17:58:27.273,0.0,1.0,0.0,0.0,3.0,2.0,1.0,1.0,48.0,60.0,0.199999960000008,0.0,0.0,8.0,2026-02-13,0
2026-02-13 17:58:28.273,0.0,0.0,0.0,3.0,1.0,2.0,0.0,1.0,53.0,51.0,0.0,0.9999996666667778,0.0,7.0,2026-02-13,0
2026-02-13 17:58:29.277,0.0,0.0,0.0,0.0,0.0,1.0,1.0,0.0,44.0,48.0,0.0,0.0,0.0,2.0,2026-02-13,0
2026-02-13 17:58:30.283,0.0,0.0,1.0,0.0,0.0,1.0,2.0,1.0,44.0,53.0,0.0,0.999999000001,0.0,5.0,2026-02-13,0
2026-02-13 17:58:31.289,0.0,0.0,1.0,1.0,0.0,2.0,1.0,1.0,41.0,70.0,0.0,0.99999950000025,0.0,6.0,2026-02-13,0
2026-02-13 17:58:32.292,0.0,0.0,0.0,0.0,1.0,2.0,1.0,1.0,47.0,67.0,0.0,0.0,0.0,5.0,2026-02-13,0
2026-02-13 17:58:33.307,0.0,0.0,0.0,0.0,2.0,2.0,0.0,1.0,53.0,66.0,0.0,0.0,0.0,5.0,2026-02-13,0
2026-02-13 17:58:34.315,0.0,1.0,1.0,0.0,1.0,1.0,0.0,0.0,53.0,56.0,0.499999750000125,0.499999750000125,0.0,4.0,2026-02-13,0
2026-02-13 17:58:35.319,0.0,0.0,0.0,1.0,0.0,2.0,1.0,1.0,56.0,53.0,0.0,0.499999750000125,0.0,5.0,2026-02-13,0
2026-02-13 17:58:36.321,0.0,0.0,0.0,0.0,0.0,2.0,0.0,2.0,64.0,57.0,0.0,0.0,0.0,4.0,2026-02-13,0
2026-02-13 17:58:37.326,0.0,0.0,0.0,1.0,1.0,2.0,1.0,0.0,64.0,53.0,0.0,0.3333332222222592,0.0,5.0,2026-02-13,0
2026-02-13 17:58:38.338,0.0,0.0,0.0,2.0,1.0,2.0,0.0,1.0,66.0,66.0,0.0,0.6666664444445185,0.0,6.0,2026-02-13,0
2026-02-13 17:58:39.343,0.0,0.0,1.0,0.0,0.0,6.0,1.0,1.0,70.0,66.0,0.0,0.1666666388888935,0.0,9.0,2026-02-13,0
2026-02-13 17:58:40.359,0.0,0.0,0.0,0.0,1.0,1.0,1.0,0.0,57.0,64.0,0.0,0.0,0.0,3.0,2026-02-13,0
2026-02-13 17:58:41.363,0.0,1.0,2.0,0.0,1.0,1.0,1.0,1.0,48.0,77.0,0.499999750000125,0.99999950000025,0.0,7.0,2026-02-13,0
2026-02-13 17:58:42.369,0.0,0.0,0.0,0.0,1.0,2.0,2.0,0.0,61.0,66.0,0.0,0.0,0.0,5.0,2026-02-13,0
2026-02-13 17:58:43.376,0.0,0.0,0.0,0.0,0.0,7.0,0.0,0.0,67.0,60.0,0.0,0.0,0.0,7.0,2026-02-13,0
2026-02-13 17:58:44.378,0.0,0.0,0.0,0.0,1.0,0.0,1.0,0.0,63.0,54.0,0.0,0.0,0.0,2.0,2026-02-13,0
2026-02-13 17:58:45.379,0.0,0.0,1.0,1.0,1.0,3.0,1.0,0.0,75.0,50.0,0.0,0.4999998750000312,0.0,7.0,2026-02-13,0
2026-02-13 17:58:46.389,0.0,0.0,2.0,2.0,0.0,7.0,1.0,0.0,67.0,60.0,0.0,0.57142848979593,0.0,12.0,2026-02-13,0
2026-02-13 17:58:47.395,0.0,0.0,0.0,5.0,0.0,2.0,1.0,1.0,48.0,77.0,0.0,2.499998750000625,0.0,9.0,2026-02-13,0
2026-02-13 17:58:48.400,0.0,0.0,0.0,1.0,1.0,3.0,1.0,1.0,57.0,81.0,0.0,0.2499999375000156,0.0,7.0,2026-02-13,0
2026-02-13 17:58:49.401,0.0,0.0,0.0,1.0,0.0,3.0,0.0,1.0,63.0,83.0,0.0,0.3333332222222592,0.0,5.0,2026-02-13,0
2026-02-13 17:58:50.414,0.0,2.0,2.0,0.0,2.0,2.0,0.0,1.0,50.0,70.0,0.4999998750000312,0.4999998750000312,0.0,9.0,2026-02-13,0
2026-02-13 17:58:51.420,0.0,1.0,1.0,0.0,2.0,1.0,0.0,0.0,48.0,57.0,0.3333332222222592,0.3333332222222592,0.0,5.0,2026-02-13,0
2026-02-13 17:58:52.423,1.0,0.0,0.0,1.0,1.0,1.0,1.0,1.0,48.0,61.0,0.0,0.499999750000125,0.3333332222222592,6.0,2026-02-13,0
2026-02-13 17:58:53.428,0.0,0.0,1.0,2.0,0.0,2.0,1.0,1.0,38.0,67.0,0.0,1.499999250000375,0.0,7.0,2026-02-13,0
2026-02-13 17:58:54.432,0.0,0.0,0.0,0.0,1.0,2.0,1.0,0.0,51.0,66.0,0.0,0.0,0.0,4.0,2026-02-13,0
2026-02-13 17:58:55.434,0.0,1.0,1.0,1.0,5.0,2.0,1.0,1.0,54.0,66.0,0.1428571224489825,0.285714244897965,0.0,12.0,2026-02-13,0
2026-02-13 17:58:56.449,0.0,0.0,0.0,1.0,1.0,1.0,1.0,0.0,53.0,63.0,0.0,0.499999750000125,0.0,4.0,2026-02-13,0
2026-02-13 17:58:57.455,0.0,0.0,0.0,0.0,1.0,1.0,1.0,1.0,51.0,51.0,0.0,0.0,0.0,4.0,2026-02-13,0
2026-02-13 17:58:58.471,0.0,0.0,0.0,1.0,1.0,1.0,0.0,1.0,43.0,53.0,0.0,0.499999750000125,0.0,4.0,2026-02-13,0
2026-02-13 17:58:59.477,0.0,1.0,0.0,1.0,1.0,0.0,0.0,1.0,37.0,51.0,0.999999000001,0.999999000001,0.0,4.0,2026-02-13,0
2026-02-13 17:59:00.479,0.0,0.0,1.0,0.0,1.0,1.0,0.0,1.0,34.0,57.0,0.0,0.499999750000125,0.0,4.0,2026-02-13,0
2026-02-13 17:59:01.484,0.0,1.0,0.0,1.0,9.0,2.0,1.0,2.0,35.0,50.0,0.0909090826446288,0.0909090826446288,0.0,16.0,2026-02-13,0
2026-02-13 17:59:02.494,1.0,0.0,0.0,11.0,9.0,5.0,2.0,1.0,35.0,60.0,0.0,0.7857142295918408,0.0399999984,29.0,2026-02-13,0
2026-02-13 17:59:03.500,0.0,0.0,0.0,1.0,6.0,3.0,0.0,1.0,50.0,61.0,0.0,0.1111110987654334,0.0,11.0,2026-02-13,0
2026-02-13 17:59:04.506,0.0,1.0,0.0,0.0,1.0,2.0,1.0,1.0,53.0,44.0,0.3333332222222592,0.0,0.0,6.0,2026-02-13,0
2026-02-13 17:59:05.506,0.0,2.0,1.0,1.0,2.0,5.0,0.0,1.0,54.0,50.0,0.285714244897965,0.285714244897965,0.0,12.0,2026-02-13,0
2026-02-13 17:59:06.511,0.0,1.0,0.0,0.0,0.0,2.0,1.0,1.0,53.0,40.0,0.499999750000125,0.0,0.0,5.0,2026-02-13,0
2026-02-13 17:59:07.516,0.0,0.0,1.0,2.0,0.0,2.0,0.0,0.0,50.0,53.0,0.0,1.499999250000375,0.0,5.0,2026-02-13,0
2026-02-13 17:59:08.517,0.0,0.0,1.0,6.0,1.0,2.0,1.0,1.0,44.0,78.0,0.0,2.333332555555814,0.0,12.0,2026-02-13,0
2026-02-13 17:59:09.524,0.0,0.0,1.0,3.0,1.0,4.0,0.0,1.0,48.0,93.0,0.0,0.799999840000032,0.0,10.0,2026-02-13,0
2026-02-13 17:59:10.526,0.0,0.0,2.0,3.0,0.0,6.0,1.0,0.0,56.0,100.0,0.0,0.8333331944444675,0.0,12.0,2026-02-13,0
2026-02-13 17:59:11.527,0.0,0.0,0.0,2.0,1.0,3.0,1.0,2.0,60.0,100.0,0.0,0.4999998750000312,0.0,9.0,2026-02-13,0
2026-02-13 17:59:12.530,0.0,0.0,0.0,3.0,3.0,1.0,1.0,1.0,57.0,93.0,0.0,0.7499998125000469,0.0,9.0,2026-02-13,0
2026-02-13 17:59:13.532,0.0,1.0,0.0,0.0,2.0,2.0,1.0,1.0,53.0,77.0,0.2499999375000156,0.0,0.0,7.0,2026-02-13,0
2026-02-13 17:59:14.539,0.0,0.0,1.0,0.0,1.0,2.0,1.0,0.0,53.0,69.0,0.0,0.3333332222222592,0.0,5.0,2026-02-13,0
2026-02-13 17:59:15.543,0.0,0.0,1.0,1.0,3.0,4.0,0.0,2.0,57.0,64.0,0.0,0.285714244897965,0.0,11.0,2026-02-13,0
2026-02-13 17:59:16.547,0.0,1.0,0.0,0.0,2.0,1.0,1.0,1.0,60.0,51.0,0.3333332222222592,0.0,0.0,6.0,2026-02-13,0
2026-02-13 17:59:17.548,0.0,0.0,1.0,1.0,1.0,1.0,0.0,2.0,57.0,64.0,0.0,0.99999950000025,0.0,6.0,2026-02-13,0
2026-02-13 17:59:18.554,0.0,1.0,5.0,3.0,2.0,1.0,0.0,1.0,38.0,77.0,0.3333332222222592,2.666665777778074,0.0,13.0,2026-02-13,0
2026-02-13 17:59:19.562,0.0,0.0,2.0,1.0,2.0,0.0,0.0,1.0,20.0,90.0,0.0,1.499999250000375,0.0,6.0,2026-02-13,1
2026-02-13 17:59:20.563,0.0,0.0,0.0,0.0,2.0,0.0,0.0,0.0,20.0,96.0,0.0,0.0,0.0,2.0,2026-02-13,1
2026-02-13 17:59:21.565,0.0,0.0,0.0,0.0,0.0,2.0,0.0,1.0,24.0,88.0,0.0,0.0,0.0,3.0,2026-02-13,1
2026-02-13 17:59:22.571,0.0,0.0,1.0,1.0,1.0,2.0,2.0,0.0,38.0,77.0,0.0,0.6666664444445185,0.0,7.0,2026-02-13,0
2026-02-13 17:59:23.577,0.0,0.0,0.0,0.0,1.0,1.0,1.0,0.0,53.0,61.0,0.0,0.0,0.0,3.0,2026-02-13,0
2026-02-13 17:59:24.581,0.0,0.0,0.0,0.0,0.0,2.0,1.0,0.0,60.0,64.0,0.0,0.0,0.0,3.0,2026-02-13,0
2026-02-13 17:59:25.586,0.0,0.0,0.0,0.0,0.0,1.0,1.0,0.0,56.0,61.0,0.0,0.0,0.0,2.0,2026-02-13,0
2026-02-13 17:59:26.592,0.0,0.0,0.0,2.0,5.0,4.0,1.0,0.0,64.0,56.0,0.0,0.2222221975308669,0.0,12.0,2026-02-13,0
2026-02-13 17:59:27.598,0.0,0.0,1.0,3.0,2.0,2.0,1.0,1.0,60.0,67.0,0.0,0.9999997500000624,0.0,10.0,2026-02-13,0
2026-02-13 17:59:28.602,0.0,0.0,0.0,0.0,3.0,3.0,1.0,0.0,61.0,56.0,0.0,0.0,0.0,7.0,2026-02-13,0
2026-02-13 17:59:29.606,0.0,0.0,0.0,1.0,2.0,1.0,0.0,0.0,57.0,61.0,0.0,0.3333332222222592,0.0,4.0,2026-02-13,0
2026-02-13 17:59:30.613,0.0,0.0,0.0,1.0,1.0,5.0,1.0,1.0,63.0,60.0,0.0,0.1666666388888935,0.0,9.0,2026-02-13,0
2026-02-13 17:59:31.621,0.0,0.0,0.0,0.0,3.0,1.0,1.0,0.0,66.0,47.0,0.0,0.0,0.0,5.0,2026-02-13,0
2026-02-13 17:59:32.624,0.0,1.0,4.0,3.0,15.0,5.0,1.0,0.0,67.0,50.0,0.0499999975000001,0.3499999825000008,0.0,29.0,2026-02-13,0
2026-02-13 17:59:33.640,0.0,1.0,0.0,3.0,3.0,2.0,1.0,1.0,50.0,51.0,0.199999960000008,0.599999880000024,0.0,11.0,2026-02-13,0
2026-02-13 17:59:34.654,0.0,0.0,0.0,0.0,1.0,4.0,1.0,1.0,48.0,54.0,0.0,0.0,0.0,7.0,2026-02-13,0
2026-02-13 17:59:35.662,0.0,1.0,0.0,0.0,1.0,2.0,1.0,0.0,51.0,51.0,0.3333332222222592,0.0,0.0,5.0,2026-02-13,0
2026-02-13 17:59:36.668,0.0,3.0,0.0,0.0,0.0,1.0,0.0,1.0,38.0,34.0,2.9999970000030003,0.0,0.0,5.0,2026-02-13,1
2026-02-13 17:59:37.683,0.0,0.0,1.0,0.0,2.0,2.0,1.0,1.0,44.0,30.0,0.0,0.2499999375000156,0.0,7.0,2026-02-13,0
2026-02-13 17:59:38.684,0.0,0.0,0.0,1.0,0.0,7.0,2.0,1.0,53.0,35.0,0.0,0.1428571224489825,0.0,11.0,2026-02-13,0
2026-02-13 17:59:39.690,0.0,1.0,2.0,2.0,1.0,1.0,0.0,0.0,41.0,50.0,0.499999750000125,1.9999990000005,0.0,7.0,2026-02-13,0
2026-02-13 17:59:40.695,0.0,1.0,1.0,2.0,2.0,4.0,0.0,0.0,54.0,67.0,0.1666666388888935,0.4999999166666805,0.0,10.0,2026-02-13,0
2026-02-13 17:59:41.699,0.0,1.0,0.0,1.0,0.0,3.0,1.0,0.0,54.0,63.0,0.3333332222222592,0.3333332222222592,0.0,6.0,2026-02-13,0
2026-02-13 17:59:42.707,0.0,0.0,0.0,1.0,3.0,2.0,0.0,0.0,40.0,64.0,0.0,0.199999960000008,0.0,6.0,2026-02-13,0
2026-02-13 17:59:43.715,0.0,0.0,1.0,1.0,1.0,2.0,1.0,0.0,53.0,60.0,0.0,0.6666664444445185,0.0,6.0,2026-02-13,0
2026-02-13 17:59:44.729,34.0,3.0,2.0,5.0,18.0,6.0,1.0,1.0,51.0,53.0,0.1249999947916668,0.2916666545138894,1.0967741581685757,70.0,2026-02-13,0
2026-02-13 17:59:45.730,0.0,4.0,0.0,1.0,19.0,15.0,0.0,0.0,56.0,40.0,0.1176470553633219,0.0294117638408304,0.0,39.0,2026-02-13,0
2026-02-13 17:59:46.731,0.0,1.0,0.0,1.0,4.0,6.0,0.0,0.0,60.0,34.0,0.099999990000001,0.099999990000001,0.0,12.0,2026-02-13,0
2026-02-13 17:59:47.742,0.0,0.0,0.0,1.0,3.0,2.0,1.0,0.0,60.0,26.0,0.0,0.199999960000008,0.0,7.0,2026-02-13,0
2026-02-13 17:59:48.756,0.0,1.0,0.0,2.0,12.0,2.0,0.0,1.0,60.0,21.0,0.0714285663265309,0.1428571326530619,0.0,18.0,2026-02-13,0
2026-02-13 17:59:49.762,0.0,0.0,5.0,0.0,0.0,2.0,0.0,0.0,43.0,57.0,0.0,2.499998750000625,0.0,7.0,2026-02-13,0
2026-02-13 17:59:50.777,0.0,0.0,3.0,5.0,4.0,4.0,1.0,0.0,37.0,77.0,0.0,0.9999998750000156,0.0,17.0,2026-02-13,0
2026-02-13 17:59:51.781,0.0,1.0,0.0,0.0,2.0,5.0,0.0,1.0,41.0,66.0,0.1428571224489825,0.0,0.0,9.0,2026-02-13,0
2026-02-13 17:59:52.785,0.0,1.0,0.0,0.0,2.0,1.0,1.0,1.0,41.0,64.0,0.3333332222222592,0.0,0.0,6.0,2026-02-13,0
2026-02-13 17:59:53.801,0.0,0.0,0.0,0.0,0.0,3.0,1.0,2.0,57.0,48.0,0.0,0.0,0.0,6.0,2026-02-13,0
2026-02-13 17:59:54.802,0.0,1.0,0.0,1.0,0.0,1.0,0.0,0.0,57.0,37.0,0.999999000001,0.999999000001,0.0,3.0,2026-02-13,0
2026-02-13 17:59:55.808,0.0,0.0,0.0,0.0,1.0,6.0,0.0,0.0,66.0,30.0,0.0,0.0,0.0,7.0,2026-02-13,0
2026-02-13 17:59:56.811,0.0,0.0,1.0,0.0,1.0,4.0,0.0,1.0,75.0,44.0,0.0,0.199999960000008,0.0,7.0,2026-02-13,0
2026-02-13 17:59:57.821,0.0,0.0,0.0,2.0,0.0,3.0,1.0,0.0,69.0,53.0,0.0,0.6666664444445185,0.0,6.0,2026-02-13,0
2026-02-13 17:59:58.824,0.0,0.0,0.0,0.0,1.0,1.0,1.0,1.0,77.0,44.0,0.0,0.0,0.0,4.0,2026-02-13,0
2026-02-13 17:59:59.828,0.0,0.0,3.0,1.0,1.0,3.0,0.0,1.0,61.0,77.0,0.0,0.9999997500000624,0.0,9.0,2026-02-13,0
2026-02-13 18:00:00.835,0.0,0.0,0.0,1.0,0.0,1.0,0.0,0.0,54.0,74.0,0.0,0.999999000001,0.0,2.0,2026-02-13,0
2026-02-13 18:00:01.837,0.0,0.0,2.0,1.0,1.0,2.0,1.0,0.0,48.0,74.0,0.0,0.9999996666667778,0.0,7.0,2026-02-13,0
2026-02-13 18:00:02.846,0.0,0.0,1.0,0.0,0.0,1.0,3.0,0.0,40.0,91.0,0.0,0.999999000001,0.0,5.0,2026-02-13,0
2026-02-13 18:00:03.850,0.0,1.0,1.0,1.0,1.0,4.0,0.0,1.0,40.0,77.0,0.199999960000008,0.399999920000016,0.0,9.0,2026-02-13,0
2026-02-13 18:00:04.854,0.0,0.0,0.0,0.0,0.0,2.0,0.0,0.0,44.0,78.0,0.0,0.0,0.0,2.0,2026-02-13,0
2026-02-13 18:00:05.861,0.0,1.0,1.0,2.0,1.0,2.0,0.0,1.0,41.0,74.0,0.3333332222222592,0.9999996666667778,0.0,8.0,2026-02-13,0
2026-02-13 18:00:06.867,1.0,1.0,5.0,4.0,5.0,6.0,1.0,1.0,43.0,70.0,0.0909090826446288,0.8181817438016598,0.0499999975000001,24.0,2026-02-13,0
2026-02-13 18:00:07.872,0.0,2.0,4.0,2.0,5.0,4.0,0.0,1.0,40.0,75.0,0.2222221975308669,0.6666665925926009,0.0,18.0,2026-02-13,0
2026-02-13 18:00:08.877,0.0,0.0,0.0,4.0,8.0,3.0,0.0,0.0,38.0,80.0,0.0,0.3636363305785154,0.0,15.0,2026-02-13,0
2026-02-13 18:00:09.881,0.0,1.0,0.0,0.0,2.0,1.0,0.0,1.0,35.0,66.0,0.3333332222222592,0.0,0.0,5.0,2026-02-13,0
2026-02-13 18:00:10.890,0.0,0.0,6.0,2.0,3.0,2.0,1.0,1.0,27.0,74.0,0.0,1.599999680000064,0.0,15.0,2026-02-13,0
2026-02-13 18:00:11.893,0.0,0.0,4.0,0.0,6.0,4.0,1.0,1.0,29.0,75.0,0.0,0.399999960000004,0.0,16.0,2026-02-13,0
2026-02-13 18:00:12.909,0.0,1.0,1.0,1.0,2.0,2.0,0.0,0.0,26.0,75.0,0.2499999375000156,0.4999998750000312,0.0,7.0,2026-02-13,1
2026-02-13 18:00:13.914,0.0,0.0,0.0,0.0,7.0,1.0,0.0,0.0,35.0,80.0,0.0,0.0,0.0,8.0,2026-02-13,0
2026-02-13 18:00:14.922,0.0,0.0,2.0,2.0,2.0,1.0,1.0,0.0,37.0,70.0,0.0,1.333332888889037,0.0,8.0,2026-02-13,0
2026-02-13 18:00:15.925,0.0,0.0,1.0,0.0,0.0,2.0,0.0,1.0,38.0,70.0,0.0,0.499999750000125,0.0,4.0,2026-02-13,0
2026-02-13 18:00:16.930,0.0,1.0,0.0,3.0,1.0,1.0,1.0,1.0,35.0,70.0,0.499999750000125,1.499999250000375,0.0,8.0,2026-02-13,1
2026-02-13 18:00:17.936,0.0,2.0,0.0,2.0,3.0,2.0,1.0,1.0,24.0,69.0,0.399999920000016,0.399999920000016,0.0,11.0,2026-02-13,0
2026-02-13 18:00:18.936,0.0,0.0,3.0,0.0,1.0,2.0,1.0,1.0,27.0,75.0,0.0,0.9999996666667778,0.0,8.0,2026-02-13,1
2026-02-13 18:00:19.938,0.0,0.0,1.0,1.0,3.0,2.0,1.0,1.0,27.0,74.0,0.0,0.399999920000016,0.0,9.0,2026-02-13,0
2026-02-13 18:00:20.946,0.0,0.0,0.0,0.0,2.0,3.0,0.0,0.0,48.0,61.0,0.0,0.0,0.0,5.0,2026-02-13,0
2026-02-13 18:00:21.947,0.0,0.0,0.0,1.0,0.0,4.0,0.0,1.0,64.0,69.0,0.0,0.2499999375000156,0.0,6.0,2026-02-13,0
2026-02-13 18:00:22.962,0.0,0.0,0.0,1.0,1.0,3.0,1.0,0.0,78.0,60.0,0.0,0.2499999375000156,0.0,6.0,2026-02-13,0
2026-02-13 18:00:23.965,0.0,0.0,1.0,1.0,4.0,4.0,0.0,0.0,84.0,57.0,0.0,0.2499999687500039,0.0,10.0,2026-02-13,0
2026-02-13 18:00:24.967,0.0,1.0,2.0,0.0,5.0,1.0,0.0,0.0,61.0,66.0,0.1666666388888935,0.333333277777787,0.0,9.0,2026-02-13,0
2026-02-13 18:00:25.973,0.0,0.0,0.0,0.0,1.0,11.0,1.0,0.0,70.0,53.0,0.0,0.0,0.0,13.0,2026-02-13,0
2026-02-13 18:00:26.976,0.0,0.0,1.0,1.0,2.0,12.0,2.0,0.0,80.0,51.0,0.0,0.1428571326530619,0.0,18.0,2026-02-13,0
2026-02-13 18:00:27.977,0.0,1.0,1.0,1.0,5.0,4.0,2.0,0.0,77.0,51.0,0.1111110987654334,0.2222221975308669,0.0,14.0,2026-02-13,0
2026-02-13 18:00:28.978,0.0,1.0,1.0,1.0,4.0,11.0,0.0,1.0,97.0,44.0,0.0666666622222225,0.133333324444445,0.0,19.0,2026-02-13,0
2026-02-13 18:00:30.001,0.0,3.0,3.0,3.0,3.0,15.0,0.0,1.0,87.0,53.0,0.1666666574074079,0.3333333148148158,0.0,28.0,2026-02-13,0
2026-02-13 18:00:31.046,0.0,4.0,3.0,2.0,1.0,4.0,1.0,2.0,60.0,51.0,0.799999840000032,0.99999980000004,0.0,17.0,2026-02-13,0
2026-02-13 18:00:32.051,0.0,0.0,1.0,1.0,1.0,3.0,1.0,1.0,64.0,56.0,0.0,0.4999998750000312,0.0,8.0,2026-02-13,0
2026-02-13 18:00:33.055,0.0,0.0,0.0,0.0,0.0,5.0,3.0,1.0,64.0,56.0,0.0,0.0,0.0,9.0,2026-02-13,0
2026-02-13 18:00:34.059,0.0,1.0,0.0,1.0,1.0,1.0,1.0,0.0,51.0,54.0,0.499999750000125,0.499999750000125,0.0,5.0,2026-02-13,0
2026-02-13 18:00:35.068,0.0,0.0,1.0,0.0,1.0,4.0,0.0,1.0,66.0,57.0,0.0,0.199999960000008,0.0,7.0,2026-02-13,0
2026-02-13 18:00:36.070,0.0,0.0,0.0,0.0,1.0,4.0,1.0,1.0,70.0,47.0,0.0,0.0,0.0,7.0,2026-02-13,0
2026-02-13 18:00:37.075,0.0,0.0,4.0,1.0,1.0,3.0,1.0,1.0,57.0,66.0,0.0,1.249999687500078,0.0,11.0,2026-02-13,0
2026-02-13 18:00:38.076,0.0,0.0,0.0,1.0,0.0,2.0,1.0,1.0,69.0,69.0,0.0,0.499999750000125,0.0,5.0,2026-02-13,0
2026-02-13 18:00:39.083,0.0,0.0,0.0,0.0,0.0,2.0,1.0,0.0,69.0,67.0,0.0,0.0,0.0,3.0,2026-02-13,0
2026-02-13 18:00:40.086,0.0,0.0,0.0,2.0,2.0,4.0,1.0,1.0,64.0,77.0,0.0,0.333333277777787,0.0,10.0,2026-02-13,0
2026-02-13 18:00:41.089,0.0,0.0,1.0,0.0,2.0,3.0,1.0,1.0,69.0,67.0,0.0,0.199999960000008,0.0,8.0,2026-02-13,0
2026-02-13 18:00:42.089,0.0,0.0,1.0,0.0,1.0,4.0,1.0,0.0,70.0,67.0,0.0,0.199999960000008,0.0,7.0,2026-02-13,0
2026-02-13 18:00:43.091,0.0,1.0,0.0,2.0,1.0,3.0,2.0,1.0,69.0,64.0,0.2499999375000156,0.4999998750000312,0.0,10.0,2026-02-13,0
2026-02-13 18:00:44.106,0.0,0.0,0.0,1.0,1.0,2.0,0.0,0.0,66.0,70.0,0.0,0.3333332222222592,0.0,4.0,2026-02-13,0
2026-02-13 18:00:45.114,0.0,0.0,0.0,1.0,1.0,1.0,0.0,0.0,60.0,69.0,0.0,0.499999750000125,0.0,3.0,2026-02-13,0
2026-02-13 18:00:46.120,0.0,0.0,1.0,0.0,1.0,5.0,1.0,1.0,57.0,67.0,0.0,0.1666666388888935,0.0,9.0,2026-02-13,0
2026-02-13 18:00:47.125,0.0,1.0,0.0,1.0,1.0,2.0,2.0,0.0,54.0,63.0,0.3333332222222592,0.3333332222222592,0.0,7.0,2026-02-13,0
2026-02-13 18:00:48.129,0.0,0.0,0.0,1.0,1.0,2.0,0.0,1.0,56.0,56.0,0.0,0.3333332222222592,0.0,5.0,2026-02-13,0
2026-02-13 18:00:49.131,0.0,0.0,1.0,1.0,0.0,2.0,1.0,0.0,60.0,66.0,0.0,0.99999950000025,0.0,5.0,2026-02-13,0
2026-02-13 18:00:50.142,0.0,0.0,0.0,1.0,4.0,3.0,3.0,0.0,57.0,64.0,0.0,0.1428571224489825,0.0,11.0,2026-02-13,0
2026-02-13 18:00:51.149,0.0,0.0,0.0,1.0,1.0,1.0,1.0,0.0,63.0,67.0,0.0,0.499999750000125,0.0,4.0,2026-02-13,0
2026-02-13 18:00:52.152,0.0,0.0,0.0,0.0,0.0,1.0,0.0,0.0,56.0,66.0,0.0,0.0,0.0,1.0,2026-02-13,0
2026-02-13 18:00:53.155,0.0,0.0,0.0,1.0,1.0,7.0,1.0,0.0,67.0,50.0,0.0,0.1249999843750019,0.0,10.0,2026-02-13,0
2026-02-13 18:00:54.161,0.0,0.0,0.0,16.0,9.0,8.0,1.0,1.0,61.0,60.0,0.0,0.9411764152249168,0.0,35.0,2026-02-13,0
2026-02-13 18:00:55.179,0.0,1.0,3.0,2.0,5.0,3.0,1.0,1.0,53.0,67.0,0.1249999843750019,0.6249999218750099,0.0,16.0,2026-02-13,0
2026-02-13 18:00:56.195,4.0,5.0,1.0,4.0,13.0,6.0,0.0,0.0,48.0,61.0,0.2631578808864273,0.2631578808864273,0.1666666597222225,33.0,2026-02-13,0
2026-02-13 18:00:57.198,0.0,2.0,2.0,1.0,3.0,7.0,1.0,1.0,40.0,64.0,0.199999980000002,0.299999970000003,0.0,17.0,2026-02-13,0
2026-02-13 18:00:58.204,0.0,1.0,0.0,0.0,1.0,0.0,1.0,0.0,29.0,43.0,0.999999000001,0.0,0.0,3.0,2026-02-13,0
2026-02-13 18:00:59.209,0.0,1.0,0.0,0.0,1.0,2.0,1.0,2.0,37.0,29.0,0.3333332222222592,0.0,0.0,7.0,2026-02-13,0
2026-02-13 18:01:00.217,0.0,5.0,2.0,0.0,3.0,1.0,1.0,0.0,21.0,27.0,1.249999687500078,0.4999998750000312,0.0,12.0,2026-02-13,1
2026-02-13 18:01:01.224,0.0,2.0,0.0,1.0,0.0,3.0,3.0,2.0,14.0,20.0,0.6666664444445185,0.3333332222222592,0.0,11.0,2026-02-13,0
2026-02-13 18:01:02.232,0.0,1.0,0.0,1.0,31.0,1.0,0.0,1.0,24.0,11.0,0.0312499990234375,0.0312499990234375,0.0,35.0,2026-02-13,0
2026-02-13 18:01:03.242,1.0,0.0,0.0,2.0,9.0,7.0,1.0,0.0,60.0,24.0,0.0,0.1249999921875004,0.0555555524691359,20.0,2026-02-13,0
2026-02-13 18:01:04.249,0.0,1.0,0.0,2.0,9.0,7.0,1.0,0.0,60.0,24.0,0.0624999960937502,0.1249999921875004,0.0,20.0,2026-02-13,0
2026-02-13 18:01:05.252,0.0,1.0,0.0,2.0,1.0,2.0,1.0,0.0,61.0,34.0,0.3333332222222592,0.6666664444445185,0.0,7.0,2026-02-13,0
2026-02-13 18:01:06.262,0.0,0.0,0.0,0.0,1.0,1.0,1.0,0.0,74.0,50.0,0.0,0.0,0.0,3.0,2026-02-13,0
2026-02-13 18:01:07.265,0.0,1.0,0.0,1.0,2.0,3.0,0.0,1.0,64.0,47.0,0.199999960000008,0.199999960000008,0.0,8.0,2026-02-13,0
2026-02-13 18:01:08.267,0.0,1.0,1.0,1.0,0.0,2.0,0.0,1.0,63.0,50.0,0.499999750000125,0.99999950000025,0.0,6.0,2026-02-13,0
2026-02-13 18:01:09.271,0.0,4.0,1.0,0.0,1.0,2.0,1.0,0.0,47.0,44.0,1.333332888889037,0.3333332222222592,0.0,9.0,2026-02-13,0
2026-02-13 18:01:10.276,1.0,2.0,1.0,0.0,3.0,2.0,1.0,1.0,30.0,34.0,0.399999920000016,0.199999960000008,0.1666666388888935,11.0,2026-02-13,0
2026-02-13 18:01:11.281,0.0,0.0,0.0,1.0,0.0,2.0,1.0,0.0,29.0,47.0,0.0,0.499999750000125,0.0,4.0,2026-02-13,0
2026-02-13 18:01:12.283,0.0,0.0,1.0,1.0,1.0,1.0,1.0,2.0,26.0,51.0,0.0,0.99999950000025,0.0,7.0,2026-02-13,0
2026-02-13 18:01:13.287,0.0,0.0,0.0,1.0,1.0,3.0,1.0,0.0,47.0,61.0,0.0,0.2499999375000156,0.0,6.0,2026-02-13,0
2026-02-13 18:01:14.290,0.0,0.0,2.0,1.0,1.0,2.0,1.0,1.0,53.0,81.0,0.0,0.9999996666667778,0.0,8.0,2026-02-13,0
2026-02-13 18:01:15.292,0.0,0.0,1.0,1.0,3.0,2.0,0.0,0.0,51.0,83.0,0.0,0.399999920000016,0.0,7.0,2026-02-13,0
2026-02-13 18:01:16.297,0.0,2.0,1.0,5.0,9.0,4.0,2.0,0.0,53.0,74.0,0.1538461420118352,0.4615384260355057,0.0,23.0,2026-02-13,0
2026-02-13 18:01:17.302,0.0,7.0,1.0,2.0,6.0,18.0,0.0,1.0,50.0,56.0,0.2916666545138894,0.1249999947916668,0.0,35.0,2026-02-13,0
2026-02-13 18:01:18.310,0.0,1.0,1.0,1.0,3.0,4.0,0.0,1.0,53.0,44.0,0.1428571224489825,0.285714244897965,0.0,11.0,2026-02-13,0
2026-02-13 18:01:19.316,0.0,0.0,2.0,3.0,6.0,3.0,0.0,0.0,51.0,43.0,0.0,0.5555554938271674,0.0,14.0,2026-02-13,0
2026-02-13 18:01:20.320,0.0,1.0,1.0,2.0,1.0,1.0,1.0,2.0,50.0,48.0,0.499999750000125,1.499999250000375,0.0,9.0,2026-02-13,0
2026-02-13 18:01:21.325,0.0,0.0,0.0,1.0,1.0,2.0,1.0,1.0,50.0,66.0,0.0,0.3333332222222592,0.0,6.0,2026-02-13,0
2026-02-13 18:01:22.327,0.0,1.0,1.0,0.0,1.0,1.0,0.0,0.0,40.0,69.0,0.499999750000125,0.499999750000125,0.0,4.0,2026-02-13,0
2026-02-13 18:01:23.342,0.0,0.0,0.0,0.0,1.0,1.0,0.0,1.0,43.0,63.0,0.0,0.0,0.0,3.0,2026-02-13,0
2026-02-13 18:01:24.348,0.0,1.0,1.0,0.0,0.0,2.0,0.0,0.0,48.0,56.0,0.499999750000125,0.499999750000125,0.0,4.0,2026-02-13,0
2026-02-13 18:01:25.351,0.0,1.0,0.0,1.0,0.0,5.0,1.0,0.0,50.0,50.0,0.199999960000008,0.199999960000008,0.0,8.0,2026-02-13,0
2026-02-13 18:01:26.357,0.0,1.0,1.0,1.0,1.0,1.0,1.0,1.0,44.0,50.0,0.499999750000125,0.99999950000025,0.0,7.0,2026-02-13,0
2026-02-13 18:01:27.363,0.0,1.0,0.0,2.0,4.0,2.0,0.0,1.0,44.0,51.0,0.1666666388888935,0.333333277777787,0.0,10.0,2026-02-13,0
2026-02-13 18:01:28.368,0.0,1.0,1.0,0.0,6.0,5.0,0.0,1.0,50.0,43.0,0.0909090826446288,0.0909090826446288,0.0,14.0,2026-02-13,0
2026-02-13 18:01:29.373,0.0,0.0,0.0,0.0,2.0,2.0,1.0,1.0,50.0,48.0,0.0,0.0,0.0,6.0,2026-02-13,0
2026-02-13 18:01:30.377,0.0,0.0,0.0,1.0,1.0,2.0,0.0,0.0,61.0,48.0,0.0,0.3333332222222592,0.0,4.0,2026-02-13,0
2026-02-13 18:01:31.378,0.0,1.0,1.0,0.0,1.0,1.0,1.0,1.0,57.0,50.0,0.499999750000125,0.499999750000125,0.0,6.0,2026-02-13,0
2026-02-13 18:01:32.384,0.0,2.0,1.0,0.0,1.0,3.0,0.0,0.0,54.0,53.0,0.4999998750000312,0.2499999375000156,0.0,7.0,2026-02-13,0
2026-02-13 18:01:33.386,0.0,1.0,1.0,1.0,1.0,1.0,0.0,1.0,38.0,54.0,0.499999750000125,0.99999950000025,0.0,6.0,2026-02-13,0
2026-02-13 18:01:34.401,0.0,1.0,0.0,0.0,1.0,2.0,1.0,1.0,35.0,48.0,0.3333332222222592,0.0,0.0,6.0,2026-02-13,0
2026-02-13 18:01:35.408,0.0,1.0,2.0,1.0,1.0,2.0,1.0,1.0,30.0,51.0,0.3333332222222592,0.9999996666667778,0.0,9.0,2026-02-13,0
2026-02-13 18:01:36.412,0.0,2.0,2.0,0.0,1.0,5.0,1.0,0.0,34.0,54.0,0.333333277777787,0.333333277777787,0.0,11.0,2026-02-13,0
2026-02-13 18:01:37.418,12.0,2.0,2.0,4.0,8.0,3.0,1.0,1.0,38.0,53.0,0.1818181652892577,0.5454544958677732,0.7058823114186875,33.0,2026-02-13,0
2026-02-13 18:01:38.420,0.0,0.0,7.0,2.0,20.0,2.0,0.0,1.0,27.0,64.0,0.0,0.4090908904958686,0.0,32.0,2026-02-13,0
2026-02-13 18:01:39.424,0.0,1.0,1.0,11.0,11.0,5.0,1.0,1.0,30.0,64.0,0.0624999960937502,0.7499999531250029,0.0,31.0,2026-02-13,0
2026-02-13 18:01:40.431,0.0,2.0,0.0,4.0,4.0,12.0,0.0,0.0,40.0,64.0,0.1249999921875004,0.2499999843750009,0.0,22.0,2026-02-13,0
2026-02-13 18:01:41.437,12.0,1.0,2.0,5.0,5.0,4.0,0.0,1.0,41.0,70.0,0.1111110987654334,0.7777776913580343,0.7499999531250029,30.0,2026-02-13,0
2026-02-13 18:01:42.438,13.0,1.0,4.0,3.0,15.0,2.0,2.0,1.0,44.0,67.0,0.0588235259515572,0.4117646816609011,0.5416666440972231,41.0,2026-02-13,0
2026-02-13 18:01:43.440,3.0,1.0,1.0,0.0,1.0,0.0,0.0,0.0,30.0,57.0,0.999999000001,0.999999000001,1.499999250000375,6.0,2026-02-13,0
2026-02-13 18:01:44.448,0.0,1.0,2.0,3.0,8.0,3.0,0.0,0.0,14.0,63.0,0.0909090826446288,0.4545454132231443,0.0,17.0,2026-02-13,0
2026-02-13 18:01:45.450,14.0,1.0,3.0,1.0,2.0,5.0,1.0,2.0,20.0,61.0,0.1428571224489825,0.57142848979593,1.272727157024804,29.0,2026-02-13,0
2026-02-13 18:01:46.453,0.0,0.0,0.0,0.0,1.0,3.0,0.0,0.0,35.0,57.0,0.0,0.0,0.0,4.0,2026-02-13,0
2026-02-13 18:01:47.458,0.0,0.0,2.0,2.0,1.0,2.0,0.0,2.0,51.0,74.0,0.0,1.333332888889037,0.0,9.0,2026-02-13,0
2026-02-13 18:01:48.460,0.0,1.0,0.0,1.0,2.0,2.0,0.0,1.0,54.0,70.0,0.2499999375000156,0.2499999375000156,0.0,7.0,2026-02-13,0
2026-02-13 18:01:49.474,0.0,0.0,0.0,1.0,3.0,2.0,0.0,0.0,56.0,63.0,0.0,0.199999960000008,0.0,6.0,2026-02-13,0
2026-02-13 18:01:50.478,0.0,0.0,0.0,0.0,0.0,1.0,2.0,0.0,51.0,61.0,0.0,0.0,0.0,3.0,2026-02-13,0
2026-02-13 18:01:51.487,0.0,0.0,0.0,1.0,2.0,2.0,1.0,0.0,54.0,50.0,0.0,0.2499999375000156,0.0,6.0,2026-02-13,0
2026-02-13 18:01:52.502,0.0,1.0,0.0,1.0,1.0,2.0,2.0,0.0,53.0,44.0,0.3333332222222592,0.3333332222222592,0.0,7.0,2026-02-13,0
2026-02-13 18:01:53.507,0.0,1.0,1.0,0.0,2.0,2.0,1.0,1.0,50.0,48.0,0.2499999375000156,0.2499999375000156,0.0,8.0,2026-02-13,0
2026-02-13 18:01:54.510,0.0,1.0,0.0,0.0,0.0,3.0,0.0,0.0,48.0,48.0,0.3333332222222592,0.0,0.0,4.0,2026-02-13,0
2026-02-13 18:01:55.516,0.0,1.0,1.0,1.0,1.0,1.0,0.0,1.0,38.0,54.0,0.499999750000125,0.99999950000025,0.0,6.0,2026-02-13,0
2026-02-13 18:01:56.525,0.0,1.0,1.0,3.0,3.0,3.0,1.0,0.0,40.0,61.0,0.1666666388888935,0.6666665555555741,0.0,12.0,2026-02-13,0
2026-02-13 18:01:57.527,0.0,1.0,0.0,0.0,1.0,1.0,1.0,0.0,37.0,54.0,0.499999750000125,0.0,0.0,4.0,2026-02-13,0
2026-02-13 18:01:58.528,0.0,1.0,0.0,1.0,2.0,1.0,1.0,0.0,26.0,57.0,0.3333332222222592,0.3333332222222592,0.0,6.0,2026-02-13,0
2026-02-13 18:01:59.533,0.0,0.0,0.0,1.0,2.0,3.0,0.0,1.0,41.0,51.0,0.0,0.199999960000008,0.0,7.0,2026-02-13,0
2026-02-13 18:02:00.536,0.0,0.0,2.0,0.0,6.0,9.0,0.0,0.0,60.0,48.0,0.0,0.133333324444445,0.0,17.0,2026-02-13,0
2026-02-13 18:02:01.541,0.0,0.0,1.0,5.0,3.0,6.0,1.0,1.0,69.0,63.0,0.0,0.6666665925926009,0.0,17.0,2026-02-13,0
2026-02-13 18:02:02.544,0.0,0.0,0.0,0.0,7.0,7.0,1.0,1.0,100.0,41.0,0.0,0.0,0.0,16.0,2026-02-13,0
2026-02-13 18:02:03.552,0.0,1.0,0.0,1.0,2.0,4.0,0.0,0.0,93.0,34.0,0.1666666388888935,0.1666666388888935,0.0,8.0,2026-02-13,0
2026-02-13 18:02:04.558,0.0,1.0,1.0,2.0,8.0,3.0,0.0,1.0,77.0,35.0,0.0909090826446288,0.2727272479338866,0.0,16.0,2026-02-13,0
2026-02-13 18:02:05.561,0.0,1.0,0.0,4.0,14.0,11.0,0.0,0.0,84.0,21.0,0.0399999984,0.1599999936000002,0.0,30.0,2026-02-13,0
2026-02-13 18:02:06.574,0.0,0.0,0.0,5.0,3.0,7.0,0.0,0.0,70.0,50.0,0.0,0.499999950000005,0.0,15.0,2026-02-13,0
2026-02-13 18:02:07.581,0.0,2.0,1.0,2.0,3.0,3.0,0.0,0.0,63.0,54.0,0.333333277777787,0.4999999166666805,0.0,11.0,2026-02-13,0
2026-02-13 18:02:08.583,0.0,2.0,5.0,1.0,1.0,2.0,1.0,1.0,53.0,64.0,0.6666664444445185,1.9999993333335555,0.0,13.0,2026-02-13,0
2026-02-13 18:02:09.585,0.0,0.0,3.0,1.0,2.0,3.0,1.0,0.0,38.0,84.0,0.0,0.799999840000032,0.0,10.0,2026-02-13,0
2026-02-13 18:02:10.590,0.0,0.0,2.0,5.0,13.0,3.0,1.0,1.0,29.0,84.0,0.0,0.4374999726562517,0.0,25.0,2026-02-13,0
2026-02-13 18:02:11.598,0.0,1.0,1.0,1.0,3.0,3.0,0.0,0.0,35.0,83.0,0.1666666388888935,0.333333277777787,0.0,9.0,2026-02-13,0
2026-02-13 18:02:12.603,0.0,2.0,1.0,0.0,5.0,10.0,0.0,0.0,57.0,63.0,0.133333324444445,0.0666666622222225,0.0,18.0,2026-02-13,0
2026-02-13 18:02:13.608,2.0,4.0,12.0,2.0,9.0,6.0,1.0,1.0,51.0,56.0,0.2666666488888901,0.9333332711111152,0.0689655148632581,37.0,2026-02-13,0
2026-02-13 18:02:14.609,0.0,3.0,3.0,3.0,3.0,3.0,1.0,0.0,44.0,50.0,0.4999999166666805,0.9999998333333612,0.0,16.0,2026-02-13,0
2026-02-13 18:02:15.612,0.0,0.0,0.0,1.0,2.0,5.0,1.0,0.0,56.0,50.0,0.0,0.1428571224489825,0.0,9.0,2026-02-13,0
2026-02-13 18:02:16.627,0.0,1.0,2.0,0.0,10.0,7.0,0.0,0.0,53.0,56.0,0.0588235259515572,0.1176470519031145,0.0,20.0,2026-02-13,0
2026-02-13 18:02:17.633,0.0,5.0,4.0,1.0,7.0,3.0,0.0,0.0,50.0,44.0,0.499999950000005,0.499999950000005,0.0,20.0,2026-02-13,0
2026-02-13 18:02:18.638,0.0,1.0,0.0,0.0,2.0,1.0,0.0,0.0,57.0,37.0,0.3333332222222592,0.0,0.0,4.0,2026-02-13,0
2026-02-13 18:02:19.639,0.0,0.0,0.0,0.0,1.0,2.0,0.0,0.0,54.0,40.0,0.0,0.0,0.0,3.0,2026-02-13,0
2026-02-13 18:02:20.644,0.0,0.0,0.0,0.0,2.0,3.0,0.0,0.0,61.0,38.0,0.0,0.0,0.0,5.0,2026-02-13,0
2026-02-13 18:02:21.648,0.0,0.0,0.0,1.0,1.0,2.0,0.0,0.0,80.0,41.0,0.0,0.3333332222222592,0.0,4.0,2026-02-13,0
2026-02-13 18:02:22.650,0.0,0.0,0.0,0.0,0.0,0.0,0.0,0.0,80.0,44.0,0.0,0.0,0.0,0.0,2026-02-13,0
2026-02-13 18:02:23.655,0.0,0.0,1.0,3.0,1.0,1.0,0.0,0.0,60.0,60.0,0.0,1.9999990000005,0.0,6.0,2026-02-13,0
2026-02-13 18:02:24.660,0.0,0.0,0.0,0.0,0.0,3.0,0.0,0.0,60.0,67.0,0.0,0.0,0.0,3.0,2026-02-13,0
2026-02-13 18:02:25.668,0.0,1.0,1.0,0.0,1.0,1.0,2.0,0.0,50.0,64.0,0.499999750000125,0.499999750000125,0.0,6.0,2026-02-13,0
2026-02-13 18:02:26.672,0.0,0.0,2.0,1.0,1.0,2.0,0.0,1.0,47.0,84.0,0.0,0.9999996666667778,0.0,7.0,2026-02-13,0
2026-02-13 18:02:27.677,0.0,0.0,0.0,3.0,1.0,2.0,1.0,1.0,57.0,77.0,0.0,0.9999996666667778,0.0,8.0,2026-02-13,0
2026-02-13 18:02:28.679,0.0,0.0,1.0,2.0,1.0,1.0,1.0,0.0,40.0,87.0,0.0,1.499999250000375,0.0,6.0,2026-02-13,0
2026-02-13 18:02:29.695,0.0,0.0,0.0,1.0,1.0,2.0,0.0,0.0,48.0,88.0,0.0,0.3333332222222592,0.0,4.0,2026-02-13,0
2026-02-13 18:02:30.697,0.0,0.0,0.0,1.0,1.0,2.0,0.0,0.0,54.0,80.0,0.0,0.3333332222222592,0.0,4.0,2026-02-13,0
2026-02-13 18:02:31.706,0.0,0.0,0.0,1.0,1.0,6.0,0.0,1.0,70.0,70.0,0.0,0.1428571224489825,0.0,9.0,2026-02-13,0
2026-02-13 18:02:32.710,0.0,1.0,2.0,1.0,1.0,2.0,1.0,0.0,70.0,67.0,0.3333332222222592,0.9999996666667778,0.0,8.0,2026-02-13,0
2026-02-13 18:02:33.719,1.0,1.0,0.0,1.0,0.0,1.0,0.0,0.0,64.0,61.0,0.999999000001,0.999999000001,0.499999750000125,4.0,2026-02-13,0
2026-02-13 18:02:34.726,0.0,0.0,1.0,0.0,4.0,2.0,0.0,1.0,63.0,54.0,0.0,0.1666666388888935,0.0,8.0,2026-02-13,0
2026-02-13 18:02:35.727,0.0,1.0,1.0,0.0,2.0,1.0,1.0,0.0,37.0,56.0,0.3333332222222592,0.3333332222222592,0.0,6.0,2026-02-13,0
2026-02-13 18:02:36.729,0.0,1.0,2.0,0.0,0.0,1.0,0.0,0.0,30.0,53.0,0.999999000001,1.999998000002,0.0,4.0,2026-02-13,0
2026-02-13 18:02:37.736,0.0,1.0,0.0,0.0,0.0,1.0,0.0,0.0,26.0,53.0,0.999999000001,0.0,0.0,2.0,2026-02-13,0
2026-02-13 18:02:38.743,0.0,4.0,1.0,4.0,5.0,1.0,1.0,1.0,4.0,50.0,0.6666665555555741,0.8333331944444675,0.0,17.0,2026-02-13,0
2026-02-13 18:02:39.749,0.0,1.0,3.0,8.0,7.0,2.0,0.0,0.0,1.0,61.0,0.1111110987654334,1.2222220864197684,0.0,21.0,2026-02-13,0
2026-02-13 18:02:40.751,0.0,0.0,0.0,2.0,4.0,1.0,0.0,0.0,4.0,63.0,0.0,0.399999920000016,0.0,7.0,2026-02-13,0
2026-02-13 18:02:41.758,0.0,0.0,0.0,1.0,1.0,1.0,0.0,2.0,10.0,69.0,0.0,0.499999750000125,0.0,5.0,2026-02-13,0
2026-02-13 18:02:42.762,0.0,0.0,0.0,0.0,0.0,2.0,1.0,0.0,37.0,70.0,0.0,0.0,0.0,3.0,2026-02-13,0
2026-02-13 18:02:43.769,0.0,2.0,1.0,1.0,1.0,2.0,1.0,0.0,44.0,56.0,0.6666664444445185,0.6666664444445185,0.0,8.0,2026-02-13,0
2026-02-13 18:02:44.771,0.0,0.0,1.0,0.0,2.0,8.0,0.0,1.0,69.0,50.0,0.0,0.099999990000001,0.0,12.0,2026-02-13,0
2026-02-13 18:02:45.773,0.0,2.0,0.0,1.0,0.0,2.0,0.0,0.0,61.0,40.0,0.99999950000025,0.499999750000125,0.0,5.0,2026-02-13,0
2026-02-13 18:02:46.788,0.0,0.0,0.0,1.0,1.0,0.0,0.0,0.0,56.0,44.0,0.0,0.999999000001,0.0,2.0,2026-02-13,0
2026-02-13 18:02:47.796,0.0,0.0,2.0,0.0,0.0,2.0,1.0,1.0,51.0,53.0,0.0,0.99999950000025,0.0,6.0,2026-02-13,0
2026-02-13 18:02:48.799,0.0,0.0,0.0,0.0,1.0,2.0,0.0,1.0,43.0,48.0,0.0,0.0,0.0,4.0,2026-02-13,0
2026-02-13 18:02:49.800,0.0,1.0,0.0,1.0,0.0,7.0,0.0,0.0,54.0,50.0,0.1428571224489825,0.1428571224489825,0.0,9.0,2026-02-13,0
2026-02-13 18:02:50.812,1.0,1.0,0.0,2.0,1.0,2.0,0.0,0.0,60.0,51.0,0.3333332222222592,0.6666664444445185,0.199999960000008,7.0,2026-02-13,0
2026-02-13 18:02:51.818,0.0,1.0,0.0,3.0,5.0,2.0,0.0,0.0,56.0,43.0,0.1428571224489825,0.4285713673469475,0.0,11.0,2026-02-13,0
2026-02-13 18:02:52.822,0.0,1.0,0.0,0.0,0.0,5.0,0.0,1.0,57.0,37.0,0.199999960000008,0.0,0.0,7.0,2026-02-13,0
2026-02-13 18:02:53.825,0.0,0.0,0.0,0.0,0.0,1.0,0.0,1.0,51.0,47.0,0.0,0.0,0.0,2.0,2026-02-13,0
2026-02-13 18:02:54.826,0.0,1.0,1.0,1.0,1.0,1.0,0.0,1.0,47.0,43.0,0.499999750000125,0.99999950000025,0.0,6.0,2026-02-13,0
2026-02-13 18:02:55.829,0.0,1.0,1.0,0.0,1.0,2.0,1.0,0.0,50.0,37.0,0.3333332222222592,0.3333332222222592,0.0,6.0,2026-02-13,0
2026-02-13 18:02:56.835,0.0,1.0,2.0,0.0,1.0,2.0,0.0,0.0,34.0,53.0,0.3333332222222592,0.6666664444445185,0.0,6.0,2026-02-13,0
2026-02-13 18:02:57.841,0.0,2.0,1.0,0.0,5.0,3.0,0.0,0.0,26.0,44.0,0.2499999687500039,0.1249999843750019,0.0,11.0,2026-02-13,0
2026-02-13 18:02:58.857,1.0,1.0,0.0,0.0,0.0,3.0,0.0,0.0,35.0,41.0,0.3333332222222592,0.0,0.3333332222222592,5.0,2026-02-13,0
2026-02-13 18:02:59.860,0.0,0.0,0.0,0.0,1.0,2.0,1.0,0.0,48.0,41.0,0.0,0.0,0.0,4.0,2026-02-13,0
2026-02-13 18:03:00.864,0.0,0.0,0.0,1.0,0.0,1.0,0.0,0.0,54.0,44.0,0.0,0.999999000001,0.0,2.0,2026-02-13,0
2026-02-13 18:03:01.865,0.0,0.0,0.0,2.0,1.0,1.0,1.0,1.0,57.0,57.0,0.0,0.99999950000025,0.0,6.0,2026-02-13,0
2026-02-13 18:03:02.867,0.0,0.0,0.0,1.0,1.0,4.0,0.0,1.0,66.0,61.0,0.0,0.199999960000008,0.0,7.0,2026-02-13,0
2026-02-13 18:03:03.875,0.0,0.0,0.0,2.0,2.0,3.0,0.0,1.0,61.0,69.0,0.0,0.399999920000016,0.0,8.0,2026-02-13,0
2026-02-13 18:03:04.875,0.0,1.0,0.0,0.0,2.0,2.0,1.0,1.0,61.0,54.0,0.2499999375000156,0.0,0.0,7.0,2026-02-13,0
2026-02-13 18:03:05.882,0.0,1.0,0.0,0.0,0.0,4.0,0.0,0.0,67.0,35.0,0.2499999375000156,0.0,0.0,5.0,2026-02-13,0
2026-02-13 18:03:06.889,0.0,0.0,1.0,1.0,1.0,2.0,0.0,0.0,56.0,43.0,0.0,0.6666664444445185,0.0,5.0,2026-02-13,0
2026-02-13 18:03:07.893,0.0,1.0,0.0,1.0,3.0,2.0,1.0,0.0,50.0,38.0,0.199999960000008,0.199999960000008,0.0,8.0,2026-02-13,0
2026-02-13 18:03:08.896,0.0,0.0,1.0,1.0,0.0,5.0,0.0,1.0,60.0,53.0,0.0,0.399999920000016,0.0,8.0,2026-02-13,0
2026-02-13 18:03:09.902,0.0,1.0,1.0,0.0,1.0,3.0,0.0,1.0,54.0,64.0,0.2499999375000156,0.2499999375000156,0.0,7.0,2026-02-13,0
2026-02-13 18:03:10.907,1.0,1.0,1.0,1.0,0.0,2.0,0.0,0.0,54.0,61.0,0.499999750000125,0.99999950000025,0.2499999375000156,6.0,2026-02-13,0
2026-02-13 18:03:11.909,0.0,0.0,1.0,1.0,4.0,2.0,1.0,1.0,56.0,66.0,0.0,0.333333277777787,0.0,10.0,2026-02-13,0
2026-02-13 18:03:12.912,1.0,1.0,2.0,2.0,0.0,3.0,0.0,1.0,43.0,70.0,0.3333332222222592,1.333332888889037,0.1428571224489825,10.0,2026-02-13,0
2026-02-13 18:03:13.917,0.0,0.0,1.0,0.0,3.0,2.0,0.0,0.0,44.0,70.0,0.0,0.199999960000008,0.0,6.0,2026-02-13,0
2026-02-13 18:03:14.922,0.0,2.0,1.0,3.0,3.0,4.0,0.0,1.0,47.0,67.0,0.285714244897965,0.57142848979593,0.0,14.0,2026-02-13,0
2026-02-13 18:03:15.927,1.0,0.0,1.0,2.0,9.0,2.0,2.0,0.0,43.0,61.0,0.0,0.2727272479338866,0.0714285663265309,17.0,2026-02-13,0
2026-02-13 18:03:16.927,1.0,3.0,1.0,0.0,5.0,3.0,0.0,1.0,41.0,41.0,0.3749999531250059,0.1249999843750019,0.1111110987654334,14.0,2026-02-13,0
2026-02-13 18:03:17.929,0.0,1.0,2.0,1.0,0.0,2.0,1.0,1.0,34.0,53.0,0.499999750000125,1.499999250000375,0.0,8.0,2026-02-13,0
2026-02-13 18:03:18.946,0.0,1.0,0.0,1.0,1.0,1.0,0.0,1.0,35.0,47.0,0.499999750000125,0.499999750000125,0.0,5.0,2026-02-13,0
2026-02-13 18:03:19.958,0.0,1.0,2.0,1.0,1.0,1.0,0.0,0.0,24.0,54.0,0.499999750000125,1.499999250000375,0.0,6.0,2026-02-13,0
2026-02-13 18:03:20.973,1.0,1.0,0.0,0.0,1.0,8.0,0.0,0.0,44.0,51.0,0.1111110987654334,0.0,0.1111110987654334,11.0,2026-02-13,0
2026-02-13 18:03:21.980,0.0,1.0,0.0,2.0,0.0,2.0,1.0,0.0,50.0,41.0,0.499999750000125,0.99999950000025,0.0,6.0,2026-02-13,0
2026-02-13 18:03:22.982,0.0,1.0,2.0,5.0,5.0,4.0,0.0,0.0,50.0,53.0,0.1111110987654334,0.7777776913580343,0.0,17.0,2026-02-13,0
2026-02-13 18:03:23.991,1.0,4.0,1.0,5.0,7.0,1.0,0.0,0.0,43.0,44.0,0.4999999375000079,0.7499999062500118,0.0714285663265309,19.0,2026-02-13,0
2026-02-13 18:03:24.996,7.0,3.0,0.0,10.0,5.0,3.0,0.0,0.0,16.0,63.0,0.3749999531250059,1.2499998437500195,0.3888888672839518,28.0,2026-02-13,1
2026-02-13 18:03:25.999,0.0,0.0,0.0,0.0,3.0,4.0,0.0,0.0,27.0,54.0,0.0,0.0,0.0,7.0,2026-02-13,0
2026-02-13 18:03:27.001,0.0,1.0,0.0,1.0,2.0,1.0,0.0,0.0,21.0,43.0,0.3333332222222592,0.3333332222222592,0.0,5.0,2026-02-13,0
2026-02-13 18:03:28.006,0.0,1.0,1.0,1.0,5.0,7.0,0.0,1.0,50.0,41.0,0.0833333263888894,0.1666666527777789,0.0,16.0,2026-02-13,0
2026-02-13 18:03:29.009,0.0,0.0,1.0,0.0,2.0,2.0,0.0,0.0,66.0,41.0,0.0,0.2499999375000156,0.0,5.0,2026-02-13,0
2026-02-13 18:03:30.019,0.0,0.0,0.0,0.0,1.0,1.0,1.0,0.0,60.0,51.0,0.0,0.0,0.0,3.0,2026-02-13,0
2026-02-13 18:03:31.025,0.0,1.0,0.0,2.0,1.0,5.0,0.0,1.0,77.0,53.0,0.1666666388888935,0.333333277777787,0.0,10.0,2026-02-13,0
2026-02-13 18:03:32.033,0.0,0.0,1.0,0.0,1.0,1.0,0.0,0.0,57.0,60.0,0.0,0.499999750000125,0.0,3.0,2026-02-13,0
2026-02-13 18:03:33.034,0.0,0.0,0.0,1.0,1.0,4.0,1.0,0.0,66.0,53.0,0.0,0.199999960000008,0.0,7.0,2026-02-13,0
2026-02-13 18:03:34.049,0.0,1.0,0.0,1.0,1.0,3.0,1.0,0.0,64.0,50.0,0.2499999375000156,0.2499999375000156,0.0,7.0,2026-02-13,0
2026-02-13 18:03:35.056,0.0,0.0,0.0,1.0,5.0,0.0,1.0,0.0,54.0,53.0,0.0,0.199999960000008,0.0,7.0,2026-02-13,0
2026-02-13 18:03:36.065,0.0,1.0,1.0,0.0,5.0,3.0,0.0,0.0,66.0,47.0,0.1249999843750019,0.1249999843750019,0.0,10.0,2026-02-13,0
2026-02-13 18:03:37.076,0.0,2.0,0.0,3.0,2.0,7.0,1.0,2.0,56.0,47.0,0.2222221975308669,0.3333332962963004,0.0,17.0,2026-02-13,0
2026-02-13 18:03:38.091,0.0,0.0,2.0,3.0,4.0,2.0,0.0,1.0,50.0,57.0,0.0,0.8333331944444675,0.0,12.0,2026-02-13,0
2026-02-13 18:03:39.098,0.0,0.0,2.0,0.0,3.0,2.0,0.0,1.0,54.0,66.0,0.0,0.399999920000016,0.0,8.0,2026-02-13,0
2026-02-13 18:03:40.103,2.0,2.0,1.0,1.0,3.0,0.0,0.0,0.0,29.0,69.0,0.6666664444445185,0.6666664444445185,0.399999920000016,9.0,2026-02-13,0
2026-02-13 18:03:41.110,2.0,3.0,3.0,2.0,4.0,0.0,0.0,0.0,4.0,70.0,0.7499998125000469,1.249999687500078,0.2222221975308669,14.0,2026-02-13,1
2026-02-13 18:03:42.113,1.0,7.0,0.0,0.0,6.0,3.0,1.0,2.0,1.0,40.0,0.7777776913580343,0.0,0.1111110987654334,20.0,2026-02-13,0
2026-02-13 18:03:43.128,0.0,0.0,0.0,1.0,1.0,2.0,0.0,1.0,4.0,35.0,0.0,0.3333332222222592,0.0,5.0,2026-02-13,0
2026-02-13 18:03:44.137,0.0,0.0,0.0,0.0,1.0,1.0,0.0,0.0,30.0,26.0,0.0,0.0,0.0,2.0,2026-02-13,0
2026-02-13 18:03:45.139,0.0,1.0,0.0,2.0,5.0,1.0,0.0,1.0,44.0,20.0,0.1666666388888935,0.333333277777787,0.0,10.0,2026-02-13,0
2026-02-13 18:03:46.145,0.0,1.0,1.0,0.0,1.0,3.0,0.0,1.0,56.0,40.0,0.2499999375000156,0.2499999375000156,0.0,7.0,2026-02-13,0
2026-02-13 18:03:47.152,0.0,1.0,0.0,1.0,0.0,3.0,0.0,0.0,51.0,37.0,0.3333332222222592,0.3333332222222592,0.0,5.0,2026-02-13,0
2026-02-13 18:03:48.156,0.0,1.0,2.0,2.0,2.0,1.0,0.0,1.0,34.0,54.0,0.3333332222222592,1.333332888889037,0.0,9.0,2026-02-13,0
2026-02-13 18:03:49.157,0.0,0.0,1.0,2.0,1.0,1.0,0.0,0.0,37.0,70.0,0.0,1.499999250000375,0.0,5.0,2026-02-13,0
2026-02-13 18:03:50.158,0.0,0.0,1.0,2.0,1.0,1.0,1.0,0.0,29.0,84.0,0.0,1.499999250000375,0.0,6.0,2026-02-13,1
2026-02-13 18:03:51.163,1.0,1.0,1.0,1.0,4.0,1.0,0.0,0.0,21.0,84.0,0.199999960000008,0.399999920000016,0.1428571224489825,9.0,2026-02-13,0
2026-02-13 18:03:52.165,31.0,2.0,0.0,2.0,0.0,4.0,0.0,2.0,34.0,77.0,0.4999998750000312,0.4999998750000312,5.166665805555699,41.0,2026-02-13,1
2026-02-13 18:03:53.168,0.0,0.0,0.0,1.0,1.0,3.0,0.0,1.0,43.0,69.0,0.0,0.2499999375000156,0.0,6.0,2026-02-13,0
2026-02-13 18:03:54.169,4.0,5.0,0.0,5.0,5.0,4.0,1.0,0.0,41.0,51.0,0.5555554938271674,0.5555554938271674,0.2857142653061239,24.0,2026-02-13,0
2026-02-13 18:03:55.174,1.0,2.0,0.0,0.0,0.0,4.0,0.0,1.0,50.0,30.0,0.4999998750000312,0.0,0.2499999375000156,8.0,2026-02-13,0
2026-02-13 18:03:56.179,0.0,0.0,1.0,1.0,4.0,2.0,0.0,2.0,53.0,34.0,0.0,0.333333277777787,0.0,10.0,2026-02-13,0
2026-02-13 18:03:57.188,0.0,0.0,0.0,1.0,1.0,1.0,1.0,0.0,43.0,30.0,0.0,0.499999750000125,0.0,4.0,2026-02-13,0
2026-02-13 18:03:58.193,0.0,1.0,0.0,0.0,1.0,4.0,1.0,0.0,56.0,37.0,0.199999960000008,0.0,0.0,7.0,2026-02-13,0
2026-02-13 18:03:59.204,0.0,1.0,0.0,1.0,3.0,7.0,0.0,0.0,66.0,50.0,0.099999990000001,0.099999990000001,0.0,12.0,2026-02-13,0
2026-02-13 18:04:00.206,0.0,0.0,0.0,1.0,0.0,6.0,0.0,0.0,78.0,51.0,0.0,0.1666666388888935,0.0,7.0,2026-02-13,0
2026-02-13 18:04:01.206,0.0,1.0,1.0,1.0,1.0,5.0,1.0,0.0,91.0,47.0,0.1666666388888935,0.333333277777787,0.0,10.0,2026-02-13,0
2026-02-13 18:04:02.221,0.0,1.0,0.0,1.0,1.0,1.0,0.0,0.0,80.0,48.0,0.499999750000125,0.499999750000125,0.0,4.0,2026-02-13,0
2026-02-13 18:04:03.225,0.0,2.0,0.0,0.0,1.0,1.0,0.0,1.0,63.0,48.0,0.99999950000025,0.0,0.0,5.0,2026-02-13,0
2026-02-13 18:04:04.231,1.0,0.0,1.0,1.0,2.0,3.0,1.0,0.0,53.0,48.0,0.0,0.399999920000016,0.1428571224489825,9.0,2026-02-13,0
2026-02-13 18:04:05.239,0.0,0.0,1.0,1.0,1.0,1.0,0.0,1.0,41.0,53.0,0.0,0.99999950000025,0.0,5.0,2026-02-13,0
2026-02-13 18:04:06.247,0.0,1.0,1.0,3.0,2.0,1.0,0.0,0.0,37.0,63.0,0.3333332222222592,1.333332888889037,0.0,8.0,2026-02-13,0
2026-02-13 18:04:07.249,1.0,1.0,1.0,2.0,1.0,4.0,0.0,0.0,48.0,74.0,0.199999960000008,0.599999880000024,0.1249999843750019,10.0,2026-02-13,0
2026-02-13 18:04:08.261,0.0,0.0,1.0,0.0,2.0,4.0,0.0,0.0,50.0,69.0,0.0,0.1666666388888935,0.0,7.0,2026-02-13,0
2026-02-13 18:04:09.268,0.0,0.0,0.0,1.0,5.0,0.0,1.0,1.0,50.0,61.0,0.0,0.199999960000008,0.0,8.0,2026-02-13,0
2026-02-13 18:04:10.271,0.0,2.0,1.0,1.0,2.0,1.0,0.0,1.0,48.0,48.0,0.6666664444445185,0.6666664444445185,0.0,8.0,2026-02-13,0
2026-02-13 18:04:11.276,0.0,0.0,0.0,0.0,3.0,0.0,1.0,0.0,40.0,29.0,0.0,0.0,0.0,4.0,2026-02-13,0
2026-02-13 18:04:12.282,0.0,0.0,0.0,1.0,4.0,1.0,0.0,0.0,35.0,26.0,0.0,0.199999960000008,0.0,6.0,2026-02-13,0
2026-02-13 18:04:13.285,0.0,0.0,2.0,0.0,2.0,2.0,1.0,0.0,38.0,41.0,0.0,0.4999998750000312,0.0,7.0,2026-02-13,0
2026-02-13 18:04:14.293,0.0,1.0,0.0,2.0,3.0,2.0,0.0,0.0,47.0,47.0,0.199999960000008,0.399999920000016,0.0,8.0,2026-02-13,0
2026-02-13 18:04:15.305,0.0,1.0,0.0,0.0,1.0,3.0,0.0,1.0,53.0,56.0,0.2499999375000156,0.0,0.0,6.0,2026-02-13,0
2026-02-13 18:04:16.309,0.0,1.0,0.0,1.0,1.0,2.0,0.0,0.0,50.0,51.0,0.3333332222222592,0.3333332222222592,0.0,5.0,2026-02-13,0
2026-02-13 18:04:17.311,1.0,2.0,0.0,1.0,1.0,2.0,0.0,1.0,48.0,37.0,0.6666664444445185,0.3333332222222592,0.2499999375000156,8.0,2026-02-13,0
2026-02-13 18:04:18.319,1.0,1.0,2.0,2.0,3.0,2.0,0.0,1.0,44.0,41.0,0.199999960000008,0.799999840000032,0.1111110987654334,12.0,2026-02-13,0
2026-02-13 18:04:19.324,0.0,1.0,1.0,2.0,1.0,2.0,0.0,0.0,41.0,50.0,0.3333332222222592,0.9999996666667778,0.0,7.0,2026-02-13,0
2026-02-13 18:04:20.333,1.0,0.0,2.0,0.0,2.0,4.0,0.0,0.0,50.0,60.0,0.0,0.333333277777787,0.1249999843750019,9.0,2026-02-13,0
2026-02-13 18:04:21.341,0.0,0.0,1.0,1.0,0.0,1.0,0.0,1.0,53.0,69.0,0.0,1.999998000002,0.0,4.0,2026-02-13,0
2026-02-13 18:04:22.345,0.0,1.0,1.0,1.0,1.0,3.0,2.0,1.0,48.0,83.0,0.2499999375000156,0.4999998750000312,0.0,10.0,2026-02-13,0
2026-02-13 18:04:23.347,0.0,1.0,0.0,1.0,1.0,4.0,0.0,0.0,56.0,70.0,0.199999960000008,0.199999960000008,0.0,7.0,2026-02-13,0
2026-02-13 18:04:24.362,0.0,1.0,0.0,1.0,1.0,2.0,0.0,0.0,50.0,66.0,0.3333332222222592,0.3333332222222592,0.0,5.0,2026-02-13,0
2026-02-13 18:04:25.363,1.0,0.0,0.0,0.0,1.0,4.0,0.0,0.0,63.0,43.0,0.0,0.0,0.199999960000008,6.0,2026-02-13,0
2026-02-13 18:04:26.368,0.0,1.0,0.0,1.0,6.0,2.0,0.0,1.0,63.0,37.0,0.1249999843750019,0.1249999843750019,0.0,11.0,2026-02-13,0
2026-02-13 18:04:27.377,0.0,0.0,0.0,0.0,1.0,3.0,0.0,0.0,67.0,40.0,0.0,0.0,0.0,4.0,2026-02-13,0
2026-02-13 18:04:28.382,0.0,0.0,0.0,3.0,2.0,1.0,0.0,0.0,67.0,44.0,0.0,0.9999996666667778,0.0,6.0,2026-02-13,0
2026-02-13 18:04:29.398,1.0,1.0,2.0,0.0,7.0,2.0,0.0,0.0,50.0,47.0,0.1111110987654334,0.2222221975308669,0.0909090826446288,13.0,2026-02-13,0
2026-02-13 18:04:30.401,0.0,4.0,3.0,1.0,1.0,1.0,0.0,0.0,34.0,50.0,1.9999990000005,1.9999990000005,0.0,10.0,2026-02-13,1
2026-02-13 18:04:31.407,1.0,2.0,3.0,3.0,16.0,2.0,0.0,0.0,13.0,54.0,0.1111111049382719,0.3333333148148158,0.0416666649305556,27.0,2026-02-13,0
2026-02-13 18:04:32.410,0.0,1.0,0.0,0.0,1.0,1.0,0.0,1.0,14.0,43.0,0.499999750000125,0.0,0.0,4.0,2026-02-13,0
2026-02-13 18:04:33.412,0.0,1.0,0.0,1.0,1.0,1.0,0.0,0.0,14.0,44.0,0.499999750000125,0.499999750000125,0.0,4.0,2026-02-13,0
2026-02-13 18:04:34.416,0.0,1.0,1.0,1.0,3.0,1.0,2.0,0.0,23.0,47.0,0.2499999375000156,0.4999998750000312,0.0,9.0,2026-02-13,0
2026-02-13 18:04:35.426,1.0,1.0,0.0,3.0,2.0,2.0,0.0,1.0,29.0,50.0,0.2499999375000156,0.7499998125000469,0.1428571224489825,10.0,2026-02-13,0
2026-02-13 18:04:36.438,0.0,0.0,2.0,1.0,2.0,2.0,0.0,0.0,29.0,63.0,0.0,0.7499998125000469,0.0,7.0,2026-02-13,0
2026-02-13 18:04:37.446,1.0,1.0,0.0,1.0,2.0,1.0,0.0,1.0,35.0,63.0,0.3333332222222592,0.3333332222222592,0.2499999375000156,7.0,2026-02-13,0
2026-02-13 18:04:38.452,2.0,1.0,5.0,3.0,4.0,2.0,1.0,0.0,35.0,77.0,0.1666666388888935,1.3333331111111482,0.1428571326530619,18.0,2026-02-13,0
2026-02-13 18:04:39.453,8.0,6.0,1.0,2.0,4.0,3.0,3.0,1.0,27.0,64.0,0.857142734693895,0.4285713673469475,0.7999999200000081,28.0,2026-02-13,1
2026-02-13 18:04:40.457,0.0,0.0,1.0,0.0,2.0,1.0,0.0,0.0,26.0,64.0,0.0,0.3333332222222592,0.0,4.0,2026-02-13,0
2026-02-13 18:04:41.467,0.0,1.0,0.0,0.0,1.0,2.0,0.0,0.0,27.0,60.0,0.3333332222222592,0.0,0.0,4.0,2026-02-13,0
2026-02-13 18:04:42.472,0.0,0.0,1.0,0.0,1.0,3.0,0.0,0.0,43.0,43.0,0.0,0.2499999375000156,0.0,5.0,2026-02-13,0
2026-02-13 18:04:43.478,0.0,1.0,1.0,1.0,3.0,3.0,0.0,0.0,54.0,53.0,0.1666666388888935,0.333333277777787,0.0,9.0,2026-02-13,0
2026-02-13 18:04:44.485,0.0,0.0,1.0,1.0,4.0,6.0,0.0,0.0,66.0,48.0,0.0,0.199999980000002,0.0,12.0,2026-02-13,0
2026-02-13 18:04:45.486,0.0,1.0,1.0,0.0,2.0,1.0,0.0,0.0,60.0,53.0,0.3333332222222592,0.3333332222222592,0.0,5.0,2026-02-13,0
2026-02-13 18:04:46.487,1.0,1.0,2.0,0.0,2.0,2.0,0.0,0.0,53.0,61.0,0.2499999375000156,0.4999998750000312,0.1666666388888935,8.0,2026-02-13,0
2026-02-13 18:04:47.489,0.0,0.0,0.0,1.0,2.0,4.0,0.0,0.0,60.0,60.0,0.0,0.1666666388888935,0.0,7.0,2026-02-13,0
2026-02-13 18:04:48.496,0.0,0.0,1.0,1.0,3.0,2.0,1.0,1.0,54.0,61.0,0.0,0.399999920000016,0.0,9.0,2026-02-13,0
2026-02-13 18:04:49.498,0.0,1.0,0.0,1.0,2.0,4.0,0.0,0.0,66.0,60.0,0.1666666388888935,0.1666666388888935,0.0,8.0,2026-02-13,0
2026-02-13 18:04:50.509,0.0,2.0,1.0,0.0,2.0,1.0,0.0,0.0,63.0,43.0,0.6666664444445185,0.3333332222222592,0.0,6.0,2026-02-13,0
2026-02-13 18:04:51.513,0.0,0.0,0.0,1.0,1.0,2.0,1.0,0.0,57.0,43.0,0.0,0.3333332222222592,0.0,5.0,2026-02-13,0
2026-02-13 18:04:52.519,16.0,3.0,4.0,2.0,4.0,3.0,0.0,0.0,48.0,44.0,0.4285713673469475,0.857142734693895,1.230769136094682,32.0,2026-02-13,0
2026-02-13 18:04:53.524,0.0,2.0,2.0,1.0,4.0,1.0,0.0,1.0,30.0,51.0,0.399999920000016,0.599999880000024,0.0,11.0,2026-02-13,0
2026-02-13 18:04:54.527,0.0,1.0,0.0,0.0,1.0,3.0,0.0,1.0,43.0,56.0,0.2499999375000156,0.0,0.0,6.0,2026-02-13,0
2026-02-13 18:04:55.543,0.0,1.0,0.0,3.0,3.0,3.0,0.0,0.0,34.0,57.0,0.1666666388888935,0.4999999166666805,0.0,10.0,2026-02-13,0
2026-02-13 18:04:56.558,0.0,0.0,0.0,2.0,3.0,1.0,0.0,0.0,37.0,54.0,0.0,0.4999998750000312,0.0,6.0,2026-02-13,0
2026-02-13 18:04:57.562,0.0,1.0,1.0,1.0,0.0,5.0,1.0,0.0,53.0,50.0,0.199999960000008,0.399999920000016,0.0,9.0,2026-02-13,0
2026-02-13 18:04:58.565,0.0,1.0,0.0,1.0,2.0,3.0,1.0,1.0,51.0,51.0,0.199999960000008,0.199999960000008,0.0,9.0,2026-02-13,0
2026-02-13 18:04:59.576,0.0,0.0,3.0,2.0,1.0,2.0,0.0,0.0,51.0,64.0,0.0,1.666666111111296,0.0,8.0,2026-02-13,0
2026-02-13 18:05:00.578,0.0,1.0,0.0,1.0,2.0,2.0,0.0,1.0,53.0,54.0,0.2499999375000156,0.2499999375000156,0.0,7.0,2026-02-13,0
2026-02-13 18:05:01.593,0.0,2.0,0.0,0.0,0.0,1.0,0.0,0.0,40.0,48.0,1.999998000002,0.0,0.0,3.0,2026-02-13,0
2026-02-13 18:05:02.608,1.0,2.0,0.0,6.0,6.0,2.0,0.0,0.0,29.0,54.0,0.2499999687500039,0.7499999062500118,0.0714285663265309,17.0,2026-02-13,0
2026-02-13 18:05:03.612,1.0,1.0,2.0,1.0,2.0,2.0,1.0,1.0,26.0,47.0,0.2499999375000156,0.7499998125000469,0.1428571224489825,11.0,2026-02-13,0
2026-02-13 18:05:04.615,0.0,0.0,0.0,1.0,0.0,2.0,0.0,1.0,35.0,57.0,0.0,0.499999750000125,0.0,4.0,2026-02-13,0
2026-02-13 18:05:05.617,2.0,2.0,2.0,1.0,4.0,1.0,0.0,0.0,29.0,66.0,0.399999920000016,0.599999880000024,0.2499999687500039,12.0,2026-02-13,0
2026-02-13 18:05:06.623,1.0,2.0,6.0,5.0,9.0,2.0,0.0,0.0,26.0,70.0,0.1818181652892577,0.9999999090909174,0.0454545433884298,25.0,2026-02-13,0
2026-02-13 18:05:07.628,13.0,3.0,0.0,5.0,5.0,3.0,1.0,0.0,24.0,64.0,0.3749999531250059,0.6249999218750099,0.9999999230769292,30.0,2026-02-13,1
2026-02-13 18:05:08.633,0.0,1.0,0.0,1.0,0.0,3.0,0.0,0.0,21.0,54.0,0.3333332222222592,0.3333332222222592,0.0,5.0,2026-02-13,0
2026-02-13 18:05:09.638,0.0,0.0,0.0,3.0,2.0,2.0,0.0,0.0,35.0,60.0,0.0,0.7499998125000469,0.0,7.0,2026-02-13,0
2026-02-13 18:05:10.641,0.0,0.0,0.0,1.0,2.0,1.0,0.0,1.0,47.0,56.0,0.0,0.3333332222222592,0.0,5.0,2026-02-13,0
2026-02-13 18:05:11.646,0.0,0.0,1.0,0.0,1.0,1.0,0.0,1.0,56.0,63.0,0.0,0.499999750000125,0.0,4.0,2026-02-13,0
2026-02-13 18:05:12.652,0.0,0.0,1.0,2.0,0.0,2.0,1.0,2.0,51.0,78.0,0.0,1.499999250000375,0.0,8.0,2026-02-13,0
2026-02-13 18:05:13.655,0.0,0.0,0.0,2.0,2.0,2.0,1.0,0.0,53.0,80.0,0.0,0.4999998750000312,0.0,7.0,2026-02-13,0
2026-02-13 18:05:14.665,0.0,0.0,1.0,0.0,1.0,2.0,0.0,0.0,51.0,83.0,0.0,0.3333332222222592,0.0,4.0,2026-02-13,0
2026-02-13 18:05:15.670,0.0,1.0,4.0,0.0,4.0,4.0,0.0,1.0,47.0,83.0,0.1249999843750019,0.4999999375000079,0.0,14.0,2026-02-13,0
2026-02-13 18:05:16.678,1.0,0.0,0.0,0.0,1.0,2.0,1.0,1.0,56.0,67.0,0.0,0.0,0.3333332222222592,6.0,2026-02-13,0
2026-02-13 18:05:17.687,0.0,0.0,0.0,2.0,2.0,2.0,1.0,0.0,54.0,66.0,0.0,0.4999998750000312,0.0,7.0,2026-02-13,0
2026-02-13 18:05:18.701,0.0,1.0,0.0,1.0,2.0,2.0,0.0,0.0,56.0,56.0,0.2499999375000156,0.2499999375000156,0.0,6.0,2026-02-13,0
2026-02-13 18:05:19.711,0.0,0.0,0.0,3.0,2.0,1.0,1.0,0.0,54.0,63.0,0.0,0.9999996666667778,0.0,7.0,2026-02-13,0
2026-02-13 18:05:20.717,0.0,3.0,1.0,1.0,3.0,1.0,0.0,0.0,40.0,57.0,0.7499998125000469,0.4999998750000312,0.0,9.0,2026-02-13,0
2026-02-13 18:05:21.721,0.0,0.0,0.0,1.0,2.0,1.0,0.0,0.0,40.0,54.0,0.0,0.3333332222222592,0.0,4.0,2026-02-13,0
2026-02-13 18:05:22.728,0.0,0.0,0.0,0.0,0.0,3.0,1.0,1.0,53.0,60.0,0.0,0.0,0.0,5.0,2026-02-13,0
2026-02-13 18:05:23.729,0.0,0.0,2.0,1.0,1.0,2.0,0.0,0.0,56.0,61.0,0.0,0.9999996666667778,0.0,6.0,2026-02-13,0
2026-02-13 18:05:24.734,0.0,0.0,0.0,0.0,0.0,2.0,0.0,0.0,70.0,75.0,0.0,0.0,0.0,2.0,2026-02-13,0
2026-02-13 18:05:25.750,0.0,1.0,1.0,3.0,2.0,4.0,1.0,0.0,70.0,77.0,0.1666666388888935,0.6666665555555741,0.0,12.0,2026-02-13,0
2026-02-13 18:05:26.753,0.0,2.0,1.0,2.0,2.0,0.0,1.0,1.0,41.0,75.0,0.99999950000025,1.499999250000375,0.0,9.0,2026-02-13,0
2026-02-13 18:05:27.756,0.0,1.0,2.0,4.0,5.0,1.0,0.0,0.0,29.0,69.0,0.1666666388888935,0.9999998333333612,0.0,13.0,2026-02-13,0
2026-02-13 18:05:28.761,2.0,1.0,0.0,13.0,3.0,2.0,2.0,0.0,14.0,80.0,0.199999960000008,2.599999480000104,0.1111111049382719,23.0,2026-02-13,0
2026-02-13 18:05:29.766,1.0,0.0,3.0,4.0,3.0,3.0,1.0,1.0,10.0,90.0,0.0,1.1666664722222546,0.0769230710059176,16.0,2026-02-13,0
2026-02-13 18:05:30.768,0.0,1.0,3.0,7.0,7.0,1.0,1.0,0.0,11.0,97.0,0.1249999843750019,1.2499998437500195,0.0,20.0,2026-02-13,0
2026-02-13 18:05:31.772,0.0,0.0,1.0,3.0,3.0,1.0,1.0,1.0,13.0,97.0,0.0,0.9999997500000624,0.0,10.0,2026-02-13,1
2026-02-13 18:05:32.780,0.0,0.0,1.0,1.0,1.0,1.0,0.0,0.0,20.0,94.0,0.0,0.99999950000025,0.0,4.0,2026-02-13,1
2026-02-13 18:05:33.795,0.0,2.0,4.0,11.0,8.0,5.0,1.0,0.0,17.0,90.0,0.1538461420118352,1.1538460650887643,0.0,31.0,2026-02-13,0
2026-02-13 18:05:34.811,0.0,0.0,0.0,3.0,5.0,16.0,1.0,0.0,54.0,78.0,0.0,0.142857136054422,0.0,25.0,2026-02-13,0
2026-02-13 18:05:35.826,0.0,1.0,0.0,1.0,2.0,2.0,0.0,0.0,60.0,66.0,0.2499999375000156,0.2499999375000156,0.0,6.0,2026-02-13,0
2026-02-13 18:05:36.832,2.0,2.0,1.0,2.0,4.0,4.0,1.0,0.0,60.0,51.0,0.2499999687500039,0.3749999531250059,0.1818181652892577,16.0,2026-02-13,0
2026-02-13 18:05:37.834,2.0,1.0,0.0,0.0,5.0,0.0,0.0,0.0,53.0,26.0,0.199999960000008,0.0,0.399999920000016,8.0,2026-02-13,0
2026-02-13 18:05:38.835,0.0,1.0,1.0,1.0,6.0,5.0,1.0,1.0,40.0,24.0,0.0909090826446288,0.1818181652892577,0.0,16.0,2026-02-13,0
2026-02-13 18:05:39.836,1.0,0.0,2.0,5.0,13.0,3.0,0.0,0.0,38.0,35.0,0.0,0.4374999726562517,0.0434782589792061,24.0,2026-02-13,0
2026-02-13 18:05:40.839,0.0,2.0,1.0,8.0,3.0,3.0,1.0,0.0,34.0,44.0,0.333333277777787,1.4999997500000417,0.0,18.0,2026-02-13,0
2026-02-13 18:05:41.847,0.0,1.0,1.0,0.0,1.0,1.0,0.0,1.0,41.0,61.0,0.499999750000125,0.499999750000125,0.0,5.0,2026-02-13,0
2026-02-13 18:05:42.848,0.0,4.0,1.0,0.0,2.0,4.0,0.0,0.0,30.0,50.0,0.6666665555555741,0.1666666388888935,0.0,11.0,2026-02-13,0
2026-02-13 18:05:43.855,0.0,1.0,0.0,0.0,2.0,3.0,0.0,0.0,41.0,35.0,0.199999960000008,0.0,0.0,6.0,2026-02-13,0
2026-02-13 18:05:44.865,0.0,0.0,0.0,0.0,0.0,2.0,0.0,0.0,53.0,27.0,0.0,0.0,0.0,2.0,2026-02-13,0
2026-02-13 18:05:45.868,0.0,0.0,0.0,2.0,0.0,2.0,0.0,0.0,60.0,40.0,0.0,0.99999950000025,0.0,4.0,2026-02-13,0
2026-02-13 18:05:46.875,0.0,0.0,0.0,2.0,1.0,1.0,2.0,3.0,57.0,56.0,0.0,0.99999950000025,0.0,9.0,2026-02-13,0
2026-02-13 18:05:47.890,0.0,1.0,0.0,0.0,0.0,2.0,0.0,0.0,53.0,63.0,0.499999750000125,0.0,0.0,3.0,2026-02-13,0
2026-02-13 18:05:48.892,0.0,0.0,0.0,3.0,1.0,6.0,0.0,1.0,60.0,69.0,0.0,0.4285713673469475,0.0,11.0,2026-02-13,0
2026-02-13 18:05:49.896,0.0,0.0,1.0,3.0,1.0,4.0,0.0,1.0,61.0,64.0,0.0,0.799999840000032,0.0,10.0,2026-02-13,0
2026-02-13 18:05:50.900,0.0,0.0,0.0,0.0,1.0,0.0,1.0,1.0,61.0,63.0,0.0,0.0,0.0,3.0,2026-02-13,0
2026-02-13 18:05:51.904,0.0,1.0,0.0,2.0,1.0,1.0,1.0,1.0,56.0,70.0,0.499999750000125,0.99999950000025,0.0,7.0,2026-02-13,0
2026-02-13 18:05:52.906,0.0,0.0,1.0,1.0,0.0,1.0,0.0,0.0,41.0,74.0,0.0,1.999998000002,0.0,3.0,2026-02-13,0
2026-02-13 18:05:53.912,0.0,0.0,1.0,1.0,2.0,1.0,0.0,0.0,35.0,70.0,0.0,0.6666664444445185,0.0,5.0,2026-02-13,1
2026-02-13 18:05:54.921,0.0,0.0,0.0,0.0,2.0,3.0,0.0,1.0,50.0,74.0,0.0,0.0,0.0,6.0,2026-02-13,0
2026-02-13 18:05:55.923,0.0,0.0,0.0,2.0,6.0,1.0,1.0,0.0,51.0,67.0,0.0,0.285714244897965,0.0,10.0,2026-02-13,0
2026-02-13 18:05:56.930,0.0,0.0,1.0,1.0,5.0,1.0,1.0,2.0,48.0,61.0,0.0,0.333333277777787,0.0,11.0,2026-02-13,0
2026-02-13 18:05:57.932,0.0,0.0,1.0,0.0,2.0,1.0,0.0,1.0,48.0,60.0,0.0,0.3333332222222592,0.0,5.0,2026-02-13,0
2026-02-13 18:05:58.934,0.0,4.0,3.0,1.0,4.0,1.0,0.0,0.0,20.0,54.0,0.799999840000032,0.799999840000032,0.0,13.0,2026-02-13,0
2026-02-13 18:05:59.940,1.0,1.0,4.0,1.0,2.0,2.0,0.0,2.0,14.0,67.0,0.2499999375000156,1.249999687500078,0.1111110987654334,13.0,2026-02-13,0
2026-02-13 18:06:00.943,0.0,1.0,0.0,1.0,1.0,3.0,0.0,1.0,38.0,44.0,0.2499999375000156,0.2499999375000156,0.0,7.0,2026-02-13,0
2026-02-13 18:06:01.946,14.0,2.0,0.0,4.0,16.0,7.0,4.0,2.0,57.0,40.0,0.0869565179584122,0.1739130359168245,0.5185184993141296,49.0,2026-02-13,0
2026-02-13 18:06:02.954,0.0,1.0,3.0,1.0,7.0,1.0,1.0,0.0,56.0,34.0,0.1249999843750019,0.4999999375000079,0.0,14.0,2026-02-13,0
2026-02-13 18:06:03.959,0.0,4.0,9.0,1.0,4.0,5.0,0.0,1.0,41.0,54.0,0.4444443950617339,1.1111109876543348,0.0,24.0,2026-02-13,0
2026-02-13 18:06:04.974,0.0,1.0,1.0,1.0,13.0,1.0,0.0,0.0,30.0,47.0,0.0714285663265309,0.1428571326530619,0.0,17.0,2026-02-13,0
2026-02-13 18:06:05.977,0.0,2.0,1.0,1.0,2.0,2.0,1.0,1.0,23.0,50.0,0.4999998750000312,0.4999998750000312,0.0,10.0,2026-02-13,0
2026-02-13 18:06:06.979,0.0,2.0,1.0,20.0,46.0,4.0,0.0,0.0,21.0,48.0,0.0399999992,0.4199999916000002,0.0,73.0,2026-02-13,0
2026-02-13 18:06:07.995,1.0,0.0,3.0,13.0,7.0,2.0,1.0,0.0,16.0,54.0,0.0,1.7777775802469358,0.0399999984,27.0,2026-02-13,0
2026-02-13 18:06:08.997,1.0,3.0,4.0,1.0,5.0,4.0,1.0,0.0,16.0,67.0,0.3333332962963004,0.5555554938271674,0.0714285663265309,19.0,2026-02-13,0
2026-02-13 18:06:10.000,3.0,1.0,2.0,41.0,22.0,2.0,0.0,1.0,4.0,84.0,0.0416666649305556,1.791666592013892,0.0447761187346847,72.0,2026-02-13,0
2026-02-13 18:06:11.007,6.0,3.0,1.0,0.0,8.0,3.0,3.0,2.0,10.0,70.0,0.2727272479338866,0.0909090826446288,0.4999999583333368,26.0,2026-02-13,1
2026-02-13 18:06:12.008,1.0,3.0,4.0,9.0,11.0,3.0,0.0,1.0,10.0,61.0,0.2142856989795929,0.9285713622449028,0.0370370356652949,32.0,2026-02-13,0
2026-02-13 18:06:13.023,0.0,1.0,3.0,2.0,5.0,1.0,1.0,1.0,4.0,63.0,0.1666666388888935,0.8333331944444675,0.0,14.0,2026-02-13,0
2026-02-13 18:06:14.041,0.0,4.0,1.0,2.0,3.0,4.0,0.0,0.0,17.0,41.0,0.57142848979593,0.4285713673469475,0.0,14.0,2026-02-13,0
2026-02-13 18:06:15.053,3.0,2.0,6.0,14.0,15.0,4.0,1.0,0.0,13.0,63.0,0.1052631523545709,1.052631523545709,0.0769230749506904,45.0,2026-02-13,0
2026-02-13 18:06:16.058,0.0,4.0,2.0,1.0,3.0,2.0,0.0,0.0,13.0,56.0,0.799999840000032,0.599999880000024,0.0,12.0,2026-02-13,0
2026-02-13 18:06:17.069,1.0,0.0,3.0,7.0,9.0,1.0,2.0,1.0,11.0,63.0,0.0,0.99999990000001,0.0499999975000001,24.0,2026-02-13,0
2026-02-13 18:06:18.078,0.0,1.0,4.0,1.0,4.0,2.0,0.0,1.0,10.0,78.0,0.1666666388888935,0.8333331944444675,0.0,13.0,2026-02-13,0
2026-02-13 18:06:19.085,1.0,1.0,1.0,0.0,3.0,1.0,0.0,0.0,17.0,67.0,0.2499999375000156,0.2499999375000156,0.199999960000008,7.0,2026-02-13,0
2026-02-13 18:06:20.087,0.0,1.0,2.0,2.0,2.0,1.0,0.0,0.0,17.0,78.0,0.3333332222222592,1.333332888889037,0.0,8.0,2026-02-13,1
2026-02-13 18:06:21.090,8.0,4.0,6.0,12.0,15.0,5.0,2.0,1.0,21.0,70.0,0.1999999900000005,0.8999999550000022,0.2105263102493076,53.0,2026-02-13,1
2026-02-13 18:06:22.092,2.0,3.0,2.0,9.0,9.0,3.0,0.0,1.0,17.0,66.0,0.2499999791666684,0.9166665902777842,0.0869565179584122,29.0,2026-02-13,0
2026-02-13 18:06:23.107,0.0,0.0,1.0,0.0,2.0,2.0,0.0,0.0,17.0,70.0,0.0,0.2499999375000156,0.0,5.0,2026-02-13,1
2026-02-13 18:06:24.109,0.0,0.0,0.0,2.0,2.0,2.0,1.0,1.0,30.0,64.0,0.0,0.4999998750000312,0.0,8.0,2026-02-13,0
2026-02-13 18:06:25.115,0.0,1.0,1.0,1.0,1.0,4.0,0.0,1.0,41.0,60.0,0.199999960000008,0.399999920000016,0.0,9.0,2026-02-13,0
2026-02-13 18:06:26.120,0.0,1.0,8.0,0.0,4.0,2.0,1.0,2.0,41.0,67.0,0.1666666388888935,1.3333331111111482,0.0,18.0,2026-02-13,0
2026-02-13 18:06:27.123,0.0,2.0,2.0,2.0,1.0,1.0,1.0,0.0,27.0,69.0,0.99999950000025,1.9999990000005,0.0,9.0,2026-02-13,0
2026-02-13 18:06:28.130,1.0,0.0,2.0,5.0,23.0,1.0,0.0,1.0,20.0,67.0,0.0,0.2916666545138894,0.0322580634755463,33.0,2026-02-13,0
2026-02-13 18:06:29.132,0.0,0.0,1.0,7.0,3.0,3.0,0.0,0.0,14.0,81.0,0.0,1.3333331111111482,0.0,14.0,2026-02-13,0
2026-02-13 18:06:30.134,0.0,2.0,2.0,2.0,1.0,1.0,0.0,0.0,16.0,69.0,0.99999950000025,1.9999990000005,0.0,8.0,2026-02-13,0
2026-02-13 18:06:31.139,1.0,6.0,1.0,28.0,39.0,3.0,0.0,1.0,11.0,67.0,0.1428571394557824,0.6904761740362816,0.0140845068438801,79.0,2026-02-13,0
2026-02-13 18:06:32.141,0.0,2.0,0.0,3.0,1.0,3.0,0.0,0.0,17.0,67.0,0.4999998750000312,0.7499998125000469,0.0,9.0,2026-02-13,0
2026-02-13 18:06:33.148,0.0,0.0,0.0,1.0,2.0,2.0,0.0,1.0,26.0,51.0,0.0,0.2499999375000156,0.0,6.0,2026-02-13,0
2026-02-13 18:06:34.157,0.0,1.0,0.0,1.0,5.0,1.0,1.0,0.0,30.0,38.0,0.1666666388888935,0.1666666388888935,0.0,9.0,2026-02-13,0
2026-02-13 18:06:35.171,0.0,0.0,0.0,0.0,2.0,1.0,0.0,0.0,48.0,30.0,0.0,0.0,0.0,3.0,2026-02-13,0
2026-02-13 18:06:36.178,0.0,1.0,5.0,2.0,6.0,4.0,1.0,0.0,50.0,40.0,0.099999990000001,0.699999930000007,0.0,19.0,2026-02-13,0
2026-02-13 18:06:37.182,0.0,1.0,0.0,2.0,2.0,2.0,0.0,0.0,43.0,43.0,0.2499999375000156,0.4999998750000312,0.0,7.0,2026-02-13,0
2026-02-13 18:06:38.189,0.0,3.0,3.0,0.0,2.0,2.0,0.0,0.0,38.0,56.0,0.7499998125000469,0.7499998125000469,0.0,10.0,2026-02-13,0
2026-02-13 18:06:39.195,0.0,1.0,3.0,4.0,6.0,4.0,0.0,1.0,40.0,66.0,0.099999990000001,0.699999930000007,0.0,19.0,2026-02-13,0
2026-02-13 18:06:40.198,0.0,0.0,0.0,2.0,1.0,5.0,1.0,0.0,50.0,61.0,0.0,0.333333277777787,0.0,9.0,2026-02-13,0
2026-02-13 18:06:41.199,1.0,2.0,2.0,8.0,2.0,2.0,1.0,0.0,40.0,70.0,0.4999998750000312,2.499999375000156,0.0714285663265309,18.0,2026-02-13,0
2026-02-13 18:06:42.200,0.0,1.0,2.0,7.0,1.0,3.0,1.0,0.0,41.0,84.0,0.2499999375000156,2.2499994375001404,0.0,15.0,2026-02-13,0
2026-02-13 18:06:43.203,0.0,1.0,11.0,4.0,6.0,5.0,0.0,1.0,37.0,96.0,0.0909090826446288,1.3636362396694328,0.0,28.0,2026-02-13,0
2026-02-13 18:06:44.208,0.0,3.0,5.0,4.0,5.0,2.0,0.0,1.0,14.0,100.0,0.4285713673469475,1.2857141020408425,0.0,20.0,2026-02-13,1
2026-02-13 18:06:45.221,0.0,1.0,1.0,1.0,4.0,1.0,0.0,0.0,17.0,94.0,0.199999960000008,0.399999920000016,0.0,8.0,2026-02-13,0
2026-02-13 18:06:46.224,0.0,0.0,1.0,1.0,2.0,3.0,0.0,1.0,30.0,87.0,0.0,0.399999920000016,0.0,8.0,2026-02-13,0
2026-02-13 18:06:47.226,0.0,1.0,3.0,3.0,3.0,2.0,0.0,1.0,35.0,77.0,0.199999960000008,1.199999760000048,0.0,13.0,2026-02-13,0
2026-02-13 18:06:48.241,0.0,1.0,2.0,2.0,2.0,1.0,0.0,0.0,35.0,80.0,0.3333332222222592,1.333332888889037,0.0,8.0,2026-02-13,1
2026-02-13 18:06:49.246,0.0,0.0,2.0,0.0,2.0,3.0,1.0,1.0,48.0,80.0,0.0,0.399999920000016,0.0,9.0,2026-02-13,0
2026-02-13 18:06:50.250,0.0,0.0,1.0,0.0,3.0,3.0,0.0,1.0,43.0,77.0,0.0,0.1666666388888935,0.0,8.0,2026-02-13,0
2026-02-13 18:06:51.258,1.0,1.0,4.0,1.0,1.0,1.0,0.0,0.0,37.0,81.0,0.499999750000125,2.499998750000625,0.1428571224489825,9.0,2026-02-13,0
2026-02-13 18:06:52.262,13.0,5.0,10.0,8.0,7.0,4.0,1.0,1.0,30.0,81.0,0.4545454132231443,1.6363634876033195,0.4482758466111777,49.0,2026-02-13,1
2026-02-13 18:06:53.265,70.0,1.0,4.0,5.0,8.0,5.0,1.0,0.0,26.0,81.0,0.0769230710059176,0.6923076390532585,3.181818037190089,94.0,2026-02-13,1
2026-02-13 18:06:54.270,3.0,6.0,9.0,2.0,14.0,4.0,1.0,1.0,11.0,81.0,0.3333333148148158,0.6111110771604957,0.1034482722948871,40.0,2026-02-13,1
2026-02-13 18:06:55.282,1.0,1.0,3.0,7.0,1.0,3.0,2.0,8.0,14.0,81.0,0.2499999375000156,2.499999375000156,0.0714285663265309,26.0,2026-02-13,1
2026-02-13 18:06:56.287,11.0,12.0,2.0,5.0,10.0,5.0,6.0,6.0,16.0,64.0,0.7999999466666703,0.4666666355555576,0.4999999772727282,57.0,2026-02-13,1
2026-02-13 18:07:01.316,61.0,24.0,1.0,6.0,4.0,7.0,13.0,7.0,4.0,43.0,2.1818179834710927,0.636363578512402,3.388888700617294,123.0,2026-02-13,1
2026-02-13 18:07:02.320,9.0,3.0,1.0,0.0,0.0,1.0,1.0,1.0,3.0,35.0,2.9999970000030003,0.999999000001,4.499997750001125,16.0,2026-02-13,1
2026-02-13 18:07:03.335,58.0,7.0,7.0,10.0,9.0,7.0,13.0,12.0,1.0,24.0,0.4374999726562517,1.0624999335937542,1.757575704315888,123.0,2026-02-13,1
2026-02-13 18:07:04.349,64.0,14.0,7.0,6.0,8.0,23.0,24.0,11.0,14.0,29.0,0.4516128886576487,0.4193548251821024,1.454545421487604,157.0,2026-02-13,1
2026-02-13 18:07:05.364,8.0,1.0,0.0,0.0,1.0,1.0,1.0,2.0,27.0,37.0,0.499999750000125,0.0,3.999998000001,14.0,2026-02-13,1
2026-02-13 18:07:06.371,76.0,4.0,0.0,1.0,4.0,13.0,1.0,1.0,51.0,21.0,0.2352941038062291,0.0588235259515572,4.222221987654334,100.0,2026-02-13,0
2026-02-13 18:07:07.376,70.0,7.0,0.0,1.0,4.0,1.0,1.0,1.0,43.0,1.0,1.399999720000056,0.199999960000008,11.666664722222546,85.0,2026-02-13,0
2026-02-13 18:07:08.383,23.0,2.0,1.0,2.0,5.0,4.0,3.0,3.0,40.0,1.0,0.2222221975308669,0.3333332962963004,1.916666506944458,43.0,2026-02-13,0
2026-02-13 18:07:09.387,15.0,0.0,0.0,1.0,0.0,1.0,1.0,0.0,37.0,16.0,0.0,0.999999000001,7.499996250001875,18.0,2026-02-13,0
2026-02-13 18:07:10.392,7.0,0.0,0.0,0.0,0.0,0.0,1.0,0.0,23.0,41.0,0.0,0.0,4279999.999999746,8.0,2026-02-13,1
2026-02-13 18:07:11.395,21.0,3.0,1.0,16.0,1.0,4.0,6.0,3.0,29.0,70.0,0.599999880000024,3.399999320000136,0.9545454111570268,55.0,2026-02-13,1
2026-02-13 18:07:12.402,1.0,5.0,0.0,2.0,2.0,2.0,0.0,1.0,23.0,64.0,1.249999687500078,0.4999998750000312,0.1666666388888935,13.0,2026-02-13,1
2026-02-13 18:07:13.418,1.0,2.0,1.0,1.0,4.0,9.0,1.0,0.0,35.0,50.0,0.1538461420118352,0.1538461420118352,0.0666666622222225,19.0,2026-02-13,0
2026-02-13 18:07:14.424,17.0,3.0,8.0,8.0,4.0,6.0,1.0,1.0,34.0,60.0,0.299999970000003,1.5999998400000162,0.6538461286982258,48.0,2026-02-13,1
2026-02-13 18:07:15.426,1.0,3.0,5.0,1.0,13.0,1.0,0.0,0.0,23.0,48.0,0.2142856989795929,0.4285713979591858,0.0499999975000001,24.0,2026-02-13,0
2026-02-13 18:07:16.430,2.0,1.0,11.0,2.0,1.0,3.0,0.0,1.0,23.0,80.0,0.2499999375000156,3.2499991875002032,0.1176470519031145,21.0,2026-02-13,1
2026-02-13 18:07:17.432,0.0,1.0,7.0,0.0,3.0,2.0,0.0,0.0,8.0,100.0,0.199999960000008,1.399999720000056,0.0,13.0,2026-02-13,0
2026-02-13 18:07:18.440,0.0,1.0,1.0,1.0,0.0,1.0,0.0,0.0,11.0,88.0,0.999999000001,1.999998000002,0.0,4.0,2026-02-13,1
2026-02-13 18:07:19.446,0.0,0.0,0.0,0.0,2.0,5.0,1.0,2.0,43.0,87.0,0.0,0.0,0.0,10.0,2026-02-13,0
2026-02-13 18:07:20.448,1.0,0.0,1.0,2.0,2.0,1.0,0.0,1.0,50.0,74.0,0.0,0.9999996666667778,0.1666666388888935,8.0,2026-02-13,0
2026-02-13 18:07:21.450,3.0,0.0,0.0,0.0,1.0,1.0,0.0,0.0,61.0,53.0,0.0,0.0,1.499999250000375,5.0,2026-02-13,0
2026-02-13 18:07:22.459,1.0,1.0,0.0,3.0,2.0,5.0,0.0,0.0,67.0,50.0,0.1428571224489825,0.4285713673469475,0.099999990000001,12.0,2026-02-13,0
2026-02-13 18:07:23.476,1.0,1.0,1.0,1.0,1.0,1.0,0.0,0.0,44.0,53.0,0.499999750000125,0.99999950000025,0.2499999375000156,6.0,2026-02-13,0
2026-02-13 18:07:24.477,0.0,1.0,1.0,1.0,0.0,2.0,1.0,0.0,47.0,51.0,0.499999750000125,0.99999950000025,0.0,6.0,2026-02-13,0
2026-02-13 18:07:25.491,0.0,0.0,0.0,1.0,0.0,1.0,1.0,0.0,50.0,64.0,0.0,0.999999000001,0.0,3.0,2026-02-13,0
2026-02-13 18:07:26.493,0.0,0.0,0.0,0.0,0.0,1.0,0.0,1.0,50.0,75.0,0.0,0.0,0.0,2.0,2026-02-13,0
2026-02-13 18:07:27.497,0.0,0.0,0.0,0.0,1.0,2.0,0.0,1.0,67.0,74.0,0.0,0.0,0.0,4.0,2026-02-13,0
2026-02-13 18:07:28.502,19.0,6.0,0.0,1.0,2.0,2.0,0.0,0.0,60.0,50.0,1.4999996250000938,0.2499999375000156,3.799999240000152,30.0,2026-02-13,1
2026-02-13 18:07:29.506,0.0,1.0,1.0,0.0,0.0,1.0,0.0,1.0,53.0,30.0,0.999999000001,0.999999000001,0.0,4.0,2026-02-13,0
2026-02-13 18:07:30.521,1.0,1.0,0.0,1.0,1.0,3.0,1.0,0.0,47.0,27.0,0.2499999375000156,0.2499999375000156,0.199999960000008,8.0,2026-02-13,0
2026-02-13 18:07:31.528,0.0,2.0,0.0,1.0,1.0,1.0,0.0,1.0,53.0,35.0,0.99999950000025,0.499999750000125,0.0,6.0,2026-02-13,0
2026-02-13 18:07:32.531,0.0,2.0,0.0,1.0,1.0,1.0,0.0,1.0,53.0,35.0,0.99999950000025,0.499999750000125,0.0,6.0,2026-02-13,0
2026-02-13 18:07:33.544,1.0,0.0,1.0,0.0,1.0,2.0,1.0,1.0,47.0,43.0,0.0,0.3333332222222592,0.2499999375000156,7.0,2026-02-13,0
2026-02-13 18:07:34.546,0.0,0.0,0.0,0.0,1.0,2.0,0.0,1.0,48.0,41.0,0.0,0.0,0.0,4.0,2026-02-13,0
2026-02-13 18:07:35.582,1.0,0.0,0.0,2.0,0.0,2.0,0.0,0.0,53.0,54.0,0.0,0.99999950000025,0.2499999375000156,5.0,2026-02-13,0
2026-02-13 18:07:36.589,1.0,1.0,1.0,1.0,1.0,1.0,0.0,1.0,61.0,60.0,0.499999750000125,0.99999950000025,0.2499999375000156,7.0,2026-02-13,0
2026-02-13 18:07:37.590,23.0,1.0,2.0,5.0,2.0,2.0,0.0,0.0,48.0,64.0,0.2499999375000156,1.7499995625001092,2.090908900826464,35.0,2026-02-13,0
2026-02-13 18:07:38.598,1.0,1.0,0.0,4.0,6.0,4.0,1.0,2.0,44.0,69.0,0.099999990000001,0.399999960000004,0.0714285663265309,19.0,2026-02-13,0
2026-02-13 18:07:39.608,1.0,0.0,1.0,0.0,3.0,1.0,1.0,1.0,43.0,69.0,0.0,0.2499999375000156,0.199999960000008,8.0,2026-02-13,0
2026-02-13 18:07:40.611,11.0,2.0,1.0,0.0,2.0,3.0,0.0,0.0,44.0,60.0,0.399999920000016,0.199999960000008,1.8333330277778288,19.0,2026-02-13,0
2026-02-13 18:07:41.626,0.0,0.0,0.0,0.0,2.0,1.0,0.0,0.0,51.0,41.0,0.0,0.0,0.0,3.0,2026-02-13,0
2026-02-13 18:07:42.629,0.0,1.0,0.0,0.0,0.0,3.0,0.0,0.0,54.0,24.0,0.3333332222222592,0.0,0.0,4.0,2026-02-13,0
2026-02-13 18:07:43.633,0.0,0.0,0.0,1.0,0.0,1.0,0.0,1.0,56.0,24.0,0.0,0.999999000001,0.0,3.0,2026-02-13,0
2026-02-13 18:07:44.642,0.0,0.0,1.0,0.0,1.0,3.0,0.0,0.0,67.0,34.0,0.0,0.2499999375000156,0.0,5.0,2026-02-13,0
2026-02-13 18:07:45.645,1.0,1.0,0.0,1.0,6.0,2.0,1.0,0.0,67.0,35.0,0.1249999843750019,0.1249999843750019,0.1111110987654334,12.0,2026-02-13,0
2026-02-13 18:07:46.650,0.0,1.0,2.0,0.0,2.0,1.0,1.0,0.0,56.0,53.0,0.3333332222222592,0.6666664444445185,0.0,7.0,2026-02-13,0
2026-02-13 18:07:47.653,0.0,0.0,0.0,0.0,0.0,1.0,0.0,1.0,61.0,43.0,0.0,0.0,0.0,2.0,2026-02-13,0
2026-02-13 18:07:48.660,0.0,0.0,0.0,0.0,1.0,2.0,0.0,1.0,54.0,37.0,0.0,0.0,0.0,4.0,2026-02-13,0
2026-02-13 18:07:49.665,0.0,1.0,0.0,0.0,2.0,3.0,0.0,1.0,61.0,30.0,0.199999960000008,0.0,0.0,7.0,2026-02-13,0
2026-02-13 18:07:50.681,0.0,1.0,0.0,0.0,3.0,2.0,0.0,0.0,69.0,16.0,0.199999960000008,0.0,0.0,6.0,2026-02-13,0
2026-02-13 18:07:51.688,0.0,0.0,1.0,0.0,2.0,1.0,1.0,1.0,64.0,24.0,0.0,0.3333332222222592,0.0,6.0,2026-02-13,0
2026-02-13 18:07:52.691,6.0,0.0,1.0,0.0,0.0,0.0,0.0,0.0,38.0,43.0,0.0,1000000.0,5.999994000006001,7.0,2026-02-13,0
2026-02-13 18:07:53.696,1.0,0.0,0.0,0.0,2.0,0.0,0.0,0.0,30.0,47.0,0.0,0.0,0.499999750000125,3.0,2026-02-13,0
2026-02-13 18:07:54.698,0.0,0.0,0.0,1.0,3.0,1.0,0.0,1.0,27.0,54.0,0.0,0.2499999375000156,0.0,6.0,2026-02-13,0
2026-02-13 18:07:55.700,0.0,0.0,1.0,1.0,0.0,1.0,0.0,1.0,27.0,64.0,0.0,1.999998000002,0.0,4.0,2026-02-13,0
2026-02-13 18:07:56.713,2.0,2.0,0.0,1.0,1.0,0.0,0.0,0.0,35.0,47.0,1.999998000002,0.999999000001,0.99999950000025,6.0,2026-02-13,0
2026-02-13 18:07:57.727,0.0,0.0,0.0,0.0,2.0,0.0,0.0,0.0,29.0,43.0,0.0,0.0,0.0,2.0,2026-02-13,0
2026-02-13 18:07:58.732,1.0,1.0,1.0,0.0,4.0,3.0,0.0,0.0,34.0,41.0,0.1428571224489825,0.1428571224489825,0.1249999843750019,10.0,2026-02-13,0
2026-02-13 18:07:59.734,0.0,0.0,0.0,1.0,1.0,2.0,1.0,1.0,41.0,34.0,0.0,0.3333332222222592,0.0,6.0,2026-02-13,0
2026-02-13 18:08:00.750,0.0,1.0,0.0,0.0,3.0,2.0,0.0,1.0,60.0,27.0,0.199999960000008,0.0,0.0,7.0,2026-02-13,0
2026-02-13 18:08:01.752,0.0,0.0,1.0,1.0,2.0,2.0,0.0,0.0,66.0,41.0,0.0,0.4999998750000312,0.0,6.0,2026-02-13,0
2026-02-13 18:08:02.752,1.0,0.0,0.0,0.0,1.0,1.0,0.0,0.0,63.0,47.0,0.0,0.0,0.499999750000125,3.0,2026-02-13,0
2026-02-13 18:08:03.759,1.0,3.0,4.0,0.0,4.0,7.0,3.0,6.0,57.0,44.0,0.2727272479338866,0.3636363305785154,0.0666666622222225,28.0,2026-02-13,0
2026-02-13 18:08:04.764,2.0,1.0,1.0,0.0,1.0,3.0,1.0,0.0,57.0,50.0,0.2499999375000156,0.2499999375000156,0.399999920000016,9.0,2026-02-13,0
2026-02-13 18:08:05.772,0.0,0.0,0.0,1.0,2.0,1.0,0.0,0.0,61.0,44.0,0.0,0.3333332222222592,0.0,4.0,2026-02-13,0
2026-02-13 18:08:06.788,0.0,0.0,0.0,0.0,1.0,2.0,0.0,0.0,67.0,40.0,0.0,0.0,0.0,3.0,2026-02-13,0
2026-02-13 18:08:07.804,1.0,1.0,2.0,11.0,6.0,2.0,0.0,1.0,54.0,51.0,0.1249999843750019,1.6249997968750256,0.047619045351474,24.0,2026-02-13,0
2026-02-13 18:08:08.819,0.0,1.0,0.0,0.0,0.0,1.0,0.0,0.0,48.0,54.0,0.999999000001,0.0,0.0,2.0,2026-02-13,0
2026-02-13 18:08:09.828,0.0,0.0,0.0,0.0,1.0,2.0,0.0,0.0,48.0,44.0,0.0,0.0,0.0,3.0,2026-02-13,0
2026-02-13 18:08:10.830,0.0,0.0,1.0,2.0,3.0,2.0,0.0,1.0,40.0,56.0,0.0,0.599999880000024,0.0,9.0,2026-02-13,0
2026-02-13 18:08:11.838,0.0,0.0,2.0,1.0,2.0,2.0,1.0,0.0,53.0,54.0,0.0,0.7499998125000469,0.0,8.0,2026-02-13,0
2026-02-13 18:08:12.841,5.0,2.0,0.0,1.0,3.0,1.0,0.0,0.0,47.0,50.0,0.4999998750000312,0.2499999375000156,0.99999980000004,12.0,2026-02-13,0
2026-02-13 18:08:13.845,1.0,0.0,0.0,2.0,3.0,1.0,0.0,1.0,37.0,63.0,0.0,0.4999998750000312,0.1666666388888935,8.0,2026-02-13,0
2026-02-13 18:08:14.852,0.0,1.0,0.0,0.0,1.0,1.0,0.0,0.0,37.0,50.0,0.499999750000125,0.0,0.0,3.0,2026-02-13,0
2026-02-13 18:08:15.863,0.0,1.0,0.0,0.0,1.0,0.0,1.0,0.0,27.0,23.0,0.999999000001,0.0,0.0,3.0,2026-02-13,0
2026-02-13 18:08:16.868,0.0,0.0,0.0,0.0,0.0,0.0,0.0,0.0,34.0,27.0,0.0,0.0,0.0,0.0,2026-02-13,0
2026-02-13 18:08:17.870,0.0,0.0,1.0,1.0,3.0,3.0,0.0,0.0,43.0,29.0,0.0,0.333333277777787,0.0,8.0,2026-02-13,0
2026-02-13 18:08:18.883,0.0,0.0,0.0,2.0,0.0,2.0,0.0,1.0,44.0,44.0,0.0,0.99999950000025,0.0,5.0,2026-02-13,0
2026-02-13 18:08:19.889,0.0,0.0,2.0,1.0,2.0,1.0,0.0,0.0,48.0,69.0,0.0,0.9999996666667778,0.0,6.0,2026-02-13,0
2026-02-13 18:08:20.899,0.0,0.0,1.0,3.0,2.0,2.0,0.0,0.0,51.0,88.0,0.0,0.9999997500000624,0.0,8.0,2026-02-13,0
2026-02-13 18:08:21.913,0.0,3.0,1.0,0.0,3.0,0.0,0.0,0.0,26.0,74.0,0.9999996666667778,0.3333332222222592,0.0,7.0,2026-02-13,1
2026-02-13 18:08:22.921,0.0,1.0,1.0,1.0,1.0,1.0,1.0,0.0,20.0,69.0,0.499999750000125,0.99999950000025,0.0,6.0,2026-02-13,0
2026-02-13 18:08:23.927,0.0,0.0,1.0,1.0,1.0,1.0,0.0,1.0,23.0,70.0,0.0,0.99999950000025,0.0,5.0,2026-02-13,1
2026-02-13 18:08:24.933,0.0,1.0,0.0,1.0,1.0,2.0,0.0,1.0,26.0,54.0,0.3333332222222592,0.3333332222222592,0.0,6.0,2026-02-13,0
2026-02-13 18:08:25.938,0.0,0.0,0.0,2.0,0.0,0.0,1.0,1.0,29.0,74.0,0.0,2000000.0,0.0,4.0,2026-02-13,1
2026-02-13 18:08:26.939,0.0,3.0,6.0,4.0,5.0,1.0,0.0,1.0,20.0,75.0,0.4999999166666805,1.666666388888935,0.0,20.0,2026-02-13,1
2026-02-13 18:08:27.944,0.0,0.0,2.0,1.0,3.0,2.0,0.0,0.0,26.0,70.0,0.0,0.599999880000024,0.0,8.0,2026-02-13,0
2026-02-13 18:08:28.958,0.0,1.0,2.0,2.0,1.0,2.0,0.0,1.0,20.0,87.0,0.3333332222222592,1.333332888889037,0.0,9.0,2026-02-13,1
2026-02-13 18:08:29.974,0.0,0.0,0.0,0.0,1.0,2.0,1.0,0.0,43.0,78.0,0.0,0.0,0.0,4.0,2026-02-13,0
2026-02-13 18:08:30.982,0.0,1.0,1.0,2.0,0.0,3.0,0.0,1.0,57.0,78.0,0.3333332222222592,0.9999996666667778,0.0,8.0,2026-02-13,0
2026-02-13 18:08:31.996,0.0,2.0,2.0,16.0,4.0,2.0,0.0,0.0,41.0,87.0,0.333333277777787,2.9999995000000834,0.0,26.0,2026-02-13,0
2026-02-13 18:08:33.004,0.0,3.0,6.0,2.0,12.0,2.0,0.0,0.0,34.0,77.0,0.2142856989795929,0.5714285306122479,0.0,25.0,2026-02-13,1
2026-02-13 18:08:34.020,0.0,0.0,0.0,2.0,7.0,2.0,0.0,1.0,29.0,77.0,0.0,0.2222221975308669,0.0,12.0,2026-02-13,0
2026-02-13 18:08:35.026,0.0,2.0,0.0,2.0,0.0,1.0,0.0,0.0,21.0,64.0,1.999998000002,1.999998000002,0.0,5.0,2026-02-13,0
2026-02-13 18:08:36.031,10.0,10.0,1.0,18.0,4.0,4.0,1.0,1.0,20.0,50.0,1.2499998437500195,2.374999703125037,0.3703703566529497,49.0,2026-02-13,1
2026-02-13 18:08:37.035,1.0,3.0,1.0,1.0,1.0,2.0,1.0,1.0,23.0,41.0,0.9999996666667778,0.6666664444445185,0.199999960000008,11.0,2026-02-13,1
2026-02-13 18:08:38.041,1.0,1.0,3.0,2.0,2.0,3.0,0.0,1.0,14.0,51.0,0.199999960000008,0.99999980000004,0.099999990000001,13.0,2026-02-13,0
2026-02-13 18:08:39.047,0.0,1.0,0.0,0.0,1.0,1.0,0.0,0.0,16.0,48.0,0.499999750000125,0.0,0.0,3.0,2026-02-13,0
2026-02-13 18:08:40.050,0.0,1.0,0.0,0.0,3.0,2.0,1.0,1.0,29.0,41.0,0.199999960000008,0.0,0.0,8.0,2026-02-13,0
2026-02-13 18:08:41.052,0.0,1.0,0.0,3.0,2.0,2.0,0.0,0.0,40.0,53.0,0.2499999375000156,0.7499998125000469,0.0,8.0,2026-02-13,0
2026-02-13 18:08:42.054,2.0,1.0,1.0,3.0,0.0,1.0,0.0,0.0,34.0,53.0,0.999999000001,3.999996000004,0.399999920000016,8.0,2026-02-13,0
2026-02-13 18:08:43.059,0.0,1.0,0.0,1.0,2.0,6.0,0.0,1.0,51.0,57.0,0.1249999843750019,0.1249999843750019,0.0,11.0,2026-02-13,0
2026-02-13 18:08:44.064,0.0,0.0,2.0,1.0,1.0,1.0,1.0,1.0,50.0,74.0,0.0,1.499999250000375,0.0,7.0,2026-02-13,0
2026-02-13 18:08:45.064,0.0,1.0,2.0,1.0,5.0,3.0,0.0,1.0,51.0,70.0,0.1249999843750019,0.3749999531250059,0.0,13.0,2026-02-13,0
2026-02-13 18:08:46.072,0.0,1.0,2.0,27.0,20.0,2.0,0.0,0.0,43.0,77.0,0.0454545433884298,1.3181817582644657,0.0,52.0,2026-02-13,0
2026-02-13 18:08:47.076,1.0,2.0,1.0,1.0,6.0,1.0,1.0,1.0,20.0,74.0,0.285714244897965,0.285714244897965,0.1111110987654334,14.0,2026-02-13,0
2026-02-13 18:08:48.079,0.0,0.0,1.0,1.0,1.0,1.0,0.0,0.0,20.0,69.0,0.0,0.99999950000025,0.0,4.0,2026-02-13,0
2026-02-13 18:08:49.083,0.0,0.0,0.0,1.0,4.0,2.0,1.0,1.0,24.0,67.0,0.0,0.1666666388888935,0.0,9.0,2026-02-13,0
2026-02-13 18:08:50.087,0.0,4.0,2.0,4.0,7.0,3.0,0.0,0.0,30.0,53.0,0.399999960000004,0.599999940000006,0.0,20.0,2026-02-13,0
2026-02-13 18:08:51.097,2.0,3.0,4.0,25.0,7.0,5.0,1.0,1.0,30.0,75.0,0.2499999791666684,2.4166664652777947,0.04878048661511,48.0,2026-02-13,1
2026-02-13 18:08:52.104,0.0,0.0,0.0,0.0,0.0,2.0,0.0,0.0,44.0,64.0,0.0,0.0,0.0,2.0,2026-02-13,0
2026-02-13 18:08:53.110,0.0,1.0,2.0,8.0,10.0,5.0,1.0,1.0,35.0,70.0,0.0666666622222225,0.6666666222222252,0.0,28.0,2026-02-13,0
2026-02-13 18:08:54.116,0.0,0.0,1.0,1.0,2.0,2.0,0.0,1.0,48.0,78.0,0.0,0.4999998750000312,0.0,7.0,2026-02-13,0
2026-02-13 18:08:55.121,0.0,0.0,0.0,2.0,2.0,3.0,1.0,1.0,67.0,67.0,0.0,0.399999920000016,0.0,9.0,2026-02-13,0
2026-02-13 18:08:56.125,0.0,0.0,0.0,0.0,5.0,2.0,0.0,1.0,67.0,67.0,0.0,0.0,0.0,8.0,2026-02-13,0
2026-02-13 18:08:57.130,2.0,2.0,1.0,4.0,1.0,2.0,0.0,1.0,54.0,63.0,0.6666664444445185,1.666666111111296,0.2499999687500039,13.0,2026-02-13,0
2026-02-13 18:08:58.131,5.0,3.0,3.0,3.0,2.0,7.0,0.0,0.0,47.0,60.0,0.3333332962963004,0.6666665925926009,0.3333333111111126,23.0,2026-02-13,0
2026-02-13 18:08:59.138,10.0,1.0,0.0,3.0,0.0,0.0,0.0,0.0,26.0,69.0,1000000.0,3000000.0,3.3333322222225923,14.0,2026-02-13,1
2026-02-13 18:09:00.142,28.0,2.0,5.0,3.0,2.0,1.0,1.0,1.0,17.0,83.0,0.6666664444445185,2.666665777778074,2.545454314049608,43.0,2026-02-13,1
2026-02-13 18:09:01.144,0.0,0.0,0.0,1.0,1.0,1.0,0.0,0.0,20.0,80.0,0.0,0.499999750000125,0.0,3.0,2026-02-13,1
2026-02-13 18:09:02.155,0.0,1.0,1.0,2.0,3.0,1.0,0.0,1.0,11.0,78.0,0.2499999375000156,0.7499998125000469,0.0,9.0,2026-02-13,1
2026-02-13 18:09:03.163,0.0,1.0,2.0,0.0,1.0,1.0,0.0,0.0,20.0,78.0,0.499999750000125,0.99999950000025,0.0,5.0,2026-02-13,1
2026-02-13 18:09:04.173,0.0,1.0,7.0,3.0,2.0,1.0,0.0,0.0,20.0,80.0,0.3333332222222592,3.3333322222225923,0.0,14.0,2026-02-13,1
2026-02-13 18:09:05.185,1.0,1.0,1.0,1.0,1.0,2.0,0.0,3.0,24.0,77.0,0.3333332222222592,0.6666664444445185,0.199999960000008,10.0,2026-02-13,1
2026-02-13 18:09:06.187,0.0,1.0,0.0,1.0,2.0,1.0,0.0,0.0,29.0,70.0,0.3333332222222592,0.3333332222222592,0.0,5.0,2026-02-13,1
2026-02-13 18:09:07.191,15.0,1.0,3.0,3.0,3.0,4.0,0.0,1.0,30.0,74.0,0.1428571224489825,0.857142734693895,1.1538460650887643,30.0,2026-02-13,1
2026-02-13 18:09:08.200,0.0,1.0,0.0,5.0,3.0,2.0,0.0,0.0,41.0,61.0,0.199999960000008,0.99999980000004,0.0,11.0,2026-02-13,0
2026-02-13 18:09:09.203,11.0,5.0,11.0,2.0,4.0,2.0,0.0,1.0,26.0,67.0,0.8333331944444675,2.166666305555616,0.5789473379501401,36.0,2026-02-13,1
2026-02-13 18:09:10.216,1.0,2.0,1.0,0.0,1.0,6.0,1.0,0.0,37.0,64.0,0.285714244897965,0.1428571224489825,0.1249999843750019,12.0,2026-02-13,0
2026-02-13 18:09:11.222,0.0,1.0,0.0,3.0,1.0,2.0,0.0,0.0,35.0,56.0,0.3333332222222592,0.9999996666667778,0.0,7.0,2026-02-13,0
2026-02-13 18:09:12.228,0.0,1.0,1.0,1.0,3.0,4.0,0.0,1.0,47.0,50.0,0.1428571224489825,0.285714244897965,0.0,11.0,2026-02-13,0
2026-02-13 18:09:13.233,0.0,2.0,1.0,1.0,3.0,1.0,0.0,0.0,50.0,34.0,0.4999998750000312,0.4999998750000312,0.0,8.0,2026-02-13,0
2026-02-13 18:09:14.248,0.0,0.0,0.0,1.0,2.0,1.0,0.0,0.0,37.0,43.0,0.0,0.3333332222222592,0.0,4.0,2026-02-13,0
2026-02-13 18:09:15.253,0.0,0.0,1.0,0.0,1.0,1.0,0.0,0.0,35.0,50.0,0.0,0.499999750000125,0.0,3.0,2026-02-13,0
2026-02-13 18:09:16.255,0.0,1.0,0.0,0.0,0.0,2.0,0.0,0.0,24.0,43.0,0.499999750000125,0.0,0.0,3.0,2026-02-13,0
2026-02-13 18:09:17.261,0.0,0.0,0.0,0.0,0.0,2.0,0.0,0.0,44.0,60.0,0.0,0.0,0.0,2.0,2026-02-13,0
2026-02-13 18:09:18.277,0.0,0.0,1.0,2.0,1.0,0.0,0.0,1.0,41.0,75.0,0.0,2.9999970000030003,0.0,5.0,2026-02-13,0
2026-02-13 18:09:19.284,1.0,1.0,3.0,1.0,1.0,2.0,0.0,0.0,43.0,77.0,0.3333332222222592,1.333332888889037,0.1428571224489825,9.0,2026-02-13,0
2026-02-13 18:09:20.287,0.0,1.0,1.0,0.0,7.0,2.0,1.0,0.0,44.0,80.0,0.1111110987654334,0.1111110987654334,0.0,12.0,2026-02-13,0
2026-02-13 18:09:21.295,0.0,0.0,2.0,2.0,1.0,1.0,0.0,0.0,26.0,90.0,0.0,1.9999990000005,0.0,6.0,2026-02-13,1
2026-02-13 18:09:22.303,0.0,1.0,0.0,1.0,1.0,1.0,0.0,0.0,35.0,64.0,0.499999750000125,0.499999750000125,0.0,4.0,2026-02-13,0
2026-02-13 18:09:23.304,0.0,1.0,3.0,9.0,32.0,2.0,0.0,1.0,27.0,54.0,0.0294117638408304,0.3529411660899657,0.0,48.0,2026-02-13,0
2026-02-13 18:09:24.304,0.0,2.0,4.0,6.0,4.0,3.0,1.0,0.0,21.0,69.0,0.285714244897965,1.428571224489825,0.0,20.0,2026-02-13,0
2026-02-13 18:09:25.309,0.0,0.0,0.0,0.0,4.0,1.0,1.0,1.0,35.0,40.0,0.0,0.0,0.0,7.0,2026-02-13,0
2026-02-13 18:09:26.312,1.0,4.0,2.0,0.0,3.0,3.0,3.0,1.0,29.0,38.0,0.6666665555555741,0.333333277777787,0.1249999843750019,17.0,2026-02-13,0
2026-02-13 18:09:27.317,4.0,1.0,1.0,3.0,3.0,5.0,3.0,0.0,41.0,38.0,0.1249999843750019,0.4999999375000079,0.3333333055555579,20.0,2026-02-13,0
2026-02-13 18:09:28.319,0.0,0.0,4.0,0.0,2.0,5.0,5.0,5.0,54.0,41.0,0.0,0.57142848979593,0.0,21.0,2026-02-13,0
2026-02-13 18:09:29.320,0.0,0.0,1.0,1.0,0.0,1.0,0.0,1.0,44.0,63.0,0.0,1.999998000002,0.0,4.0,2026-02-13,0
2026-02-13 18:09:30.324,1.0,0.0,0.0,21.0,8.0,1.0,0.0,0.0,34.0,93.0,0.0,2.333333074074103,0.0333333322222222,31.0,2026-02-13,0
2026-02-13 18:09:31.326,3.0,0.0,0.0,0.0,2.0,0.0,0.0,0.0,26.0,90.0,0.0,0.0,1.499999250000375,5.0,2026-02-13,1
2026-02-13 18:09:32.340,27.0,3.0,2.0,1.0,3.0,1.0,0.0,0.0,13.0,75.0,0.7499998125000469,0.7499998125000469,3.857142306122528,37.0,2026-02-13,1
2026-02-13 18:09:33.353,0.0,1.0,2.0,2.0,4.0,1.0,1.0,1.0,11.0,69.0,0.199999960000008,0.799999840000032,0.0,12.0,2026-02-13,0
2026-02-13 18:09:34.366,1.0,1.0,1.0,2.0,11.0,1.0,0.0,0.0,20.0,48.0,0.0833333263888894,0.2499999791666684,0.0666666622222225,17.0,2026-02-13,0
2026-02-13 18:09:35.368,0.0,2.0,1.0,2.0,4.0,3.0,1.0,1.0,20.0,50.0,0.285714244897965,0.4285713673469475,0.0,14.0,2026-02-13,0
2026-02-13 18:09:36.373,0.0,1.0,3.0,10.0,3.0,1.0,0.0,0.0,13.0,66.0,0.2499999375000156,3.2499991875002032,0.0,18.0,2026-02-13,0
2026-02-13 18:09:37.377,0.0,1.0,1.0,1.0,6.0,3.0,1.0,0.0,21.0,57.0,0.1111110987654334,0.2222221975308669,0.0,13.0,2026-02-13,0
2026-02-13 18:09:38.384,0.0,1.0,2.0,2.0,2.0,3.0,1.0,0.0,27.0,64.0,0.199999960000008,0.799999840000032,0.0,11.0,2026-02-13,0
2026-02-13 18:09:39.386,0.0,0.0,0.0,0.0,3.0,2.0,0.0,1.0,37.0,56.0,0.0,0.0,0.0,6.0,2026-02-13,0
2026-02-13 18:09:40.390,0.0,2.0,1.0,10.0,10.0,1.0,0.0,1.0,35.0,47.0,0.1818181652892577,0.9999999090909174,0.0,25.0,2026-02-13,0
2026-02-13 18:09:41.392,0.0,2.0,1.0,0.0,4.0,4.0,0.0,1.0,35.0,43.0,0.2499999687500039,0.1249999843750019,0.0,12.0,2026-02-13,0
2026-02-13 18:09:42.397,0.0,0.0,4.0,1.0,3.0,4.0,0.0,0.0,38.0,50.0,0.0,0.7142856122449125,0.0,12.0,2026-02-13,0
2026-02-13 18:09:43.402,0.0,1.0,0.0,0.0,4.0,1.0,1.0,1.0,27.0,40.0,0.199999960000008,0.0,0.0,8.0,2026-02-13,0
2026-02-13 18:09:44.407,2.0,7.0,11.0,3.0,4.0,3.0,0.0,0.0,34.0,41.0,0.9999998571428776,1.999999714285755,0.095238090702948,30.0,2026-02-13,0
2026-02-13 18:09:45.415,16.0,2.0,0.0,5.0,14.0,0.0,0.0,0.0,11.0,47.0,0.1428571326530619,0.3571428316326549,0.8421052188365674,37.0,2026-02-13,0
2026-02-13 18:09:46.423,18.0,6.0,2.0,5.0,9.0,7.0,0.0,0.0,8.0,29.0,0.3749999765625014,0.4374999726562517,0.7826086616257103,47.0,2026-02-13,1
2026-02-13 18:09:47.430,0.0,1.0,2.0,2.0,1.0,1.0,0.0,1.0,7.0,57.0,0.499999750000125,1.9999990000005,0.0,8.0,2026-02-13,0
2026-02-13 18:09:48.439,1.0,0.0,0.0,1.0,2.0,1.0,0.0,0.0,23.0,48.0,0.0,0.3333332222222592,0.2499999375000156,5.0,2026-02-13,0
2026-02-13 18:09:49.444,1.0,1.0,5.0,6.0,3.0,1.0,0.0,0.0,26.0,63.0,0.2499999375000156,2.749999312500172,0.0666666622222225,17.0,2026-02-13,0
2026-02-13 18:09:50.450,0.0,1.0,0.0,2.0,1.0,1.0,0.0,0.0,20.0,67.0,0.499999750000125,0.99999950000025,0.0,5.0,2026-02-13,0
2026-02-13 18:09:51.454,1.0,1.0,0.0,0.0,1.0,0.0,0.0,0.0,20.0,54.0,0.999999000001,0.0,0.999999000001,3.0,2026-02-13,0
2026-02-13 18:09:52.470,1.0,0.0,0.0,3.0,0.0,1.0,0.0,0.0,14.0,70.0,0.0,2.9999970000030003,0.2499999375000156,5.0,2026-02-13,1
2026-02-13 18:09:53.479,0.0,0.0,1.0,2.0,0.0,2.0,0.0,1.0,27.0,69.0,0.0,1.499999250000375,0.0,6.0,2026-02-13,0
2026-02-13 18:09:54.479,1.0,0.0,1.0,1.0,0.0,2.0,1.0,0.0,40.0,75.0,0.0,0.99999950000025,0.2499999375000156,6.0,2026-02-13,0
2026-02-13 18:09:55.482,0.0,0.0,0.0,1.0,1.0,2.0,0.0,0.0,54.0,81.0,0.0,0.3333332222222592,0.0,4.0,2026-02-13,0
2026-02-13 18:09:56.497,0.0,1.0,1.0,2.0,1.0,1.0,0.0,0.0,50.0,75.0,0.499999750000125,1.499999250000375,0.0,6.0,2026-02-13,0
2026-02-13 18:09:57.501,0.0,1.0,0.0,1.0,1.0,1.0,0.0,1.0,50.0,54.0,0.499999750000125,0.499999750000125,0.0,5.0,2026-02-13,0
2026-02-13 18:09:58.506,1.0,0.0,4.0,1.0,0.0,1.0,1.0,1.0,38.0,67.0,0.0,4.999995000005001,0.1666666388888935,9.0,2026-02-13,0
2026-02-13 18:09:59.522,0.0,0.0,0.0,6.0,23.0,2.0,0.0,0.0,26.0,61.0,0.0,0.2399999904000003,0.0,31.0,2026-02-13,0
2026-02-13 18:10:00.523,1.0,1.0,1.0,0.0,7.0,5.0,0.0,0.0,47.0,44.0,0.0833333263888894,0.0833333263888894,0.0769230710059176,15.0,2026-02-13,0
2026-02-13 18:10:01.538,1.0,1.0,0.0,3.0,10.0,4.0,0.0,1.0,54.0,48.0,0.0714285663265309,0.2142856989795929,0.0588235259515572,20.0,2026-02-13,0
2026-02-13 18:10:02.540,0.0,0.0,1.0,1.0,5.0,2.0,0.0,1.0,66.0,24.0,0.0,0.285714244897965,0.0,10.0,2026-02-13,0
2026-02-13 18:10:03.547,0.0,1.0,1.0,1.0,1.0,2.0,0.0,0.0,69.0,29.0,0.3333332222222592,0.6666664444445185,0.0,6.0,2026-02-13,0
2026-02-13 18:10:04.550,2.0,0.0,0.0,3.0,3.0,0.0,0.0,0.0,41.0,50.0,0.0,0.9999996666667778,0.333333277777787,8.0,2026-02-13,0
2026-02-13 18:10:05.554,0.0,3.0,0.0,1.0,2.0,0.0,0.0,0.0,17.0,43.0,1.499999250000375,0.499999750000125,0.0,6.0,2026-02-13,1
2026-02-13 18:10:06.560,0.0,0.0,0.0,1.0,1.0,2.0,1.0,2.0,21.0,50.0,0.0,0.3333332222222592,0.0,7.0,2026-02-13,0
2026-02-13 18:10:07.565,0.0,1.0,3.0,4.0,7.0,2.0,0.0,2.0,16.0,56.0,0.1111110987654334,0.7777776913580343,0.0,19.0,2026-02-13,0
2026-02-13 18:10:08.577,2.0,1.0,2.0,7.0,0.0,1.0,1.0,0.0,14.0,64.0,0.999999000001,8.999991000009,0.199999980000002,14.0,2026-02-13,0
2026-02-13 18:10:09.581,0.0,0.0,0.0,4.0,3.0,1.0,0.0,1.0,21.0,84.0,0.0,0.9999997500000624,0.0,9.0,2026-02-13,1
2026-02-13 18:10:10.586,0.0,2.0,1.0,2.0,5.0,2.0,0.0,0.0,7.0,80.0,0.285714244897965,0.4285713673469475,0.0,12.0,2026-02-13,0
2026-02-13 18:10:11.601,2.0,1.0,0.0,3.0,5.0,1.0,0.0,0.0,3.0,69.0,0.1666666388888935,0.4999999166666805,0.2222221975308669,12.0,2026-02-13,0
2026-02-13 18:10:12.604,0.0,1.0,1.0,6.0,10.0,1.0,1.0,2.0,10.0,61.0,0.0909090826446288,0.636363578512402,0.0,22.0,2026-02-13,0
2026-02-13 18:10:13.613,0.0,1.0,1.0,3.0,1.0,1.0,0.0,0.0,13.0,57.0,0.499999750000125,1.9999990000005,0.0,7.0,2026-02-13,0
2026-02-13 18:10:14.619,0.0,1.0,7.0,1.0,1.0,1.0,0.0,1.0,7.0,80.0,0.499999750000125,3.999998000001,0.0,12.0,2026-02-13,1
2026-02-13 18:10:15.623,0.0,1.0,3.0,1.0,2.0,2.0,0.0,0.0,11.0,90.0,0.2499999375000156,0.9999997500000624,0.0,9.0,2026-02-13,1
2026-02-13 18:10:16.632,0.0,1.0,4.0,1.0,3.0,1.0,0.0,1.0,11.0,93.0,0.2499999375000156,1.249999687500078,0.0,11.0,2026-02-13,1
2026-02-13 18:10:17.635,0.0,1.0,0.0,2.0,4.0,1.0,0.0,0.0,16.0,84.0,0.199999960000008,0.399999920000016,0.0,8.0,2026-02-13,0
2026-02-13 18:10:18.648,0.0,0.0,2.0,1.0,1.0,2.0,0.0,1.0,27.0,75.0,0.0,0.9999996666667778,0.0,7.0,2026-02-13,1
2026-02-13 18:10:19.653,0.0,3.0,0.0,1.0,2.0,1.0,1.0,0.0,17.0,54.0,0.9999996666667778,0.3333332222222592,0.0,8.0,2026-02-13,1
2026-02-13 18:10:20.656,0.0,0.0,2.0,10.0,10.0,2.0,0.0,0.0,20.0,54.0,0.0,0.9999999166666736,0.0,24.0,2026-02-13,0
2026-02-13 18:10:21.661,0.0,0.0,3.0,0.0,1.0,2.0,0.0,1.0,21.0,67.0,0.0,0.9999996666667778,0.0,7.0,2026-02-13,0
2026-02-13 18:10:22.665,1.0,2.0,0.0,12.0,9.0,3.0,0.0,0.0,16.0,66.0,0.1666666527777789,0.9999999166666736,0.0416666649305556,27.0,2026-02-13,0
2026-02-13 18:10:23.671,0.0,5.0,0.0,6.0,2.0,1.0,0.0,1.0,8.0,75.0,1.666666111111296,1.9999993333335555,0.0,15.0,2026-02-13,1
2026-02-13 18:10:24.681,0.0,2.0,1.0,0.0,2.0,2.0,0.0,1.0,14.0,54.0,0.4999998750000312,0.2499999375000156,0.0,8.0,2026-02-13,0
2026-02-13 18:10:25.685,6.0,5.0,1.0,4.0,9.0,3.0,1.0,1.0,11.0,38.0,0.4166666319444473,0.4166666319444473,0.3529411557093437,30.0,2026-02-13,1
2026-02-13 18:10:26.691,44.0,12.0,5.0,6.0,21.0,6.0,1.0,1.0,11.0,24.0,0.4444444279835396,0.4074073923182447,1.157894706371192,96.0,2026-02-13,1
2026-02-13 18:10:27.696,0.0,1.0,3.0,3.0,1.0,1.0,0.0,0.0,20.0,43.0,0.499999750000125,2.99999850000075,0.0,9.0,2026-02-13,0
2026-02-13 18:10:28.702,2.0,2.0,0.0,1.0,2.0,4.0,1.0,0.0,26.0,40.0,0.333333277777787,0.1666666388888935,0.285714244897965,12.0,2026-02-13,0
2026-02-13 18:10:29.704,0.0,0.0,0.0,2.0,24.0,2.0,0.0,1.0,35.0,37.0,0.0,0.0769230739644971,0.0,29.0,2026-02-13,0
2026-02-13 18:10:30.717,1.0,0.0,1.0,1.0,1.0,2.0,1.0,0.0,43.0,51.0,0.0,0.6666664444445185,0.199999960000008,7.0,2026-02-13,0
2026-02-13 18:10:31.733,0.0,3.0,7.0,4.0,0.0,2.0,0.0,0.0,30.0,67.0,1.499999250000375,5.499997250001375,0.0,16.0,2026-02-13,1
2026-02-13 18:10:32.748,1.0,2.0,1.0,5.0,20.0,3.0,0.0,1.0,27.0,75.0,0.0869565179584122,0.2608695538752368,0.034482757431629,33.0,2026-02-13,0
2026-02-13 18:10:33.749,0.0,1.0,2.0,1.0,3.0,0.0,1.0,0.0,14.0,70.0,0.3333332222222592,0.9999996666667778,0.0,8.0,2026-02-13,1
2026-02-13 18:10:34.764,0.0,1.0,2.0,1.0,1.0,2.0,0.0,0.0,16.0,67.0,0.3333332222222592,0.9999996666667778,0.0,7.0,2026-02-13,0
2026-02-13 18:10:35.770,56.0,3.0,23.0,40.0,17.0,5.0,0.0,1.0,14.0,77.0,0.1363636301652895,2.8636362334710803,0.6588235216608997,145.0,2026-02-13,1
2026-02-13 18:10:36.777,1.0,1.0,1.0,0.0,1.0,0.0,0.0,0.0,10.0,77.0,0.999999000001,0.999999000001,0.499999750000125,4.0,2026-02-13,1
2026-02-13 18:10:37.784,5.0,4.0,2.0,7.0,5.0,2.0,0.0,0.0,11.0,77.0,0.57142848979593,1.2857141020408425,0.3124999804687512,25.0,2026-02-13,1
2026-02-13 18:10:38.787,1.0,2.0,6.0,17.0,16.0,2.0,0.0,0.0,1.0,81.0,0.1111111049382719,1.2777777067901273,0.024390243307555,44.0,2026-02-13,0
2026-02-13 18:10:39.795,1.0,0.0,0.0,1.0,1.0,1.0,0.0,0.0,17.0,66.0,0.0,0.499999750000125,0.3333332222222592,4.0,2026-02-13,0
2026-02-13 18:10:40.798,0.0,1.0,1.0,2.0,3.0,1.0,0.0,1.0,21.0,70.0,0.2499999375000156,0.7499998125000469,0.0,9.0,2026-02-13,1
2026-02-13 18:10:41.807,1.0,2.0,1.0,5.0,2.0,1.0,0.0,1.0,21.0,70.0,0.6666664444445185,1.9999993333335555,0.1111110987654334,13.0,2026-02-13,1
2026-02-13 18:10:42.810,0.0,1.0,0.0,1.0,2.0,2.0,0.0,0.0,40.0,53.0,0.2499999375000156,0.2499999375000156,0.0,6.0,2026-02-13,0
2026-02-13 18:10:43.811,0.0,0.0,0.0,1.0,1.0,1.0,0.0,0.0,48.0,53.0,0.0,0.499999750000125,0.0,3.0,2026-02-13,0
2026-02-13 18:10:44.817,0.0,4.0,0.0,5.0,1.0,2.0,0.0,0.0,43.0,48.0,1.333332888889037,1.666666111111296,0.0,12.0,2026-02-13,0
2026-02-13 18:10:45.824,0.0,3.0,0.0,2.0,3.0,1.0,0.0,0.0,40.0,40.0,0.7499998125000469,0.4999998750000312,0.0,9.0,2026-02-13,0
2026-02-13 18:10:46.826,1.0,1.0,2.0,1.0,1.0,0.0,0.0,0.0,24.0,56.0,0.999999000001,2.9999970000030003,0.2499999375000156,6.0,2026-02-13,0
2026-02-13 18:10:47.831,0.0,0.0,3.0,2.0,2.0,2.0,0.0,0.0,10.0,66.0,0.0,1.249999687500078,0.0,9.0,2026-02-13,0
2026-02-13 18:10:48.833,1.0,1.0,1.0,3.0,2.0,3.0,0.0,1.0,20.0,75.0,0.199999960000008,0.799999840000032,0.1111110987654334,12.0,2026-02-13,0
2026-02-13 18:10:49.835,0.0,3.0,0.0,5.0,16.0,2.0,0.0,1.0,24.0,70.0,0.1666666574074079,0.2777777623456798,0.0,27.0,2026-02-13,1
2026-02-13 18:10:50.842,0.0,2.0,3.0,2.0,18.0,3.0,0.0,0.0,35.0,57.0,0.095238090702948,0.2380952267573701,0.0,28.0,2026-02-13,0
2026-02-13 18:10:51.852,0.0,0.0,0.0,11.0,2.0,2.0,0.0,1.0,34.0,64.0,0.0,2.749999312500172,0.0,16.0,2026-02-13,0
2026-02-13 18:10:52.859,0.0,0.0,1.0,2.0,1.0,1.0,0.0,0.0,26.0,74.0,0.0,1.499999250000375,0.0,5.0,2026-02-13,1
2026-02-13 18:10:53.863,0.0,0.0,1.0,3.0,2.0,1.0,1.0,0.0,30.0,91.0,0.0,1.333332888889037,0.0,8.0,2026-02-13,1
2026-02-13 18:10:54.870,0.0,0.0,0.0,5.0,1.0,1.0,0.0,0.0,27.0,100.0,0.0,2.499998750000625,0.0,7.0,2026-02-13,1
2026-02-13 18:10:55.876,0.0,2.0,1.0,8.0,5.0,9.0,0.0,1.0,41.0,90.0,0.1428571326530619,0.6428570969387788,0.0,26.0,2026-02-13,0
2026-02-13 18:10:56.881,0.0,1.0,0.0,1.0,2.0,3.0,0.0,1.0,48.0,69.0,0.199999960000008,0.199999960000008,0.0,8.0,2026-02-13,0
2026-02-13 18:10:57.890,0.0,0.0,1.0,4.0,5.0,1.0,0.0,0.0,44.0,64.0,0.0,0.8333331944444675,0.0,11.0,2026-02-13,0
2026-02-13 18:10:58.895,0.0,1.0,10.0,2.0,5.0,1.0,1.0,0.0,34.0,70.0,0.1666666388888935,1.999999666666722,0.0,20.0,2026-02-13,0
2026-02-13 18:10:59.900,0.0,1.0,4.0,4.0,2.0,2.0,0.0,0.0,21.0,80.0,0.2499999375000156,1.999999500000125,0.0,13.0,2026-02-13,1
2026-02-13 18:11:00.912,0.0,0.0,7.0,1.0,2.0,2.0,1.0,0.0,10.0,100.0,0.0,1.999999500000125,0.0,13.0,2026-02-13,1
2026-02-13 18:11:01.916,0.0,2.0,3.0,1.0,3.0,2.0,0.0,0.0,10.0,97.0,0.399999920000016,0.799999840000032,0.0,11.0,2026-02-13,0
2026-02-13 18:11:02.918,0.0,1.0,2.0,2.0,1.0,1.0,0.0,0.0,21.0,90.0,0.499999750000125,1.9999990000005,0.0,7.0,2026-02-13,1
2026-02-13 18:11:03.923,0.0,4.0,12.0,9.0,2.0,0.0,0.0,0.0,7.0,91.0,1.9999990000005,10.499994750002624,0.0,27.0,2026-02-13,1
2026-02-13 18:11:04.926,0.0,1.0,2.0,20.0,10.0,3.0,0.0,1.0,10.0,84.0,0.0769230710059176,1.6923075621301875,0.0,37.0,2026-02-13,0
2026-02-13 18:11:05.940,4.0,1.0,2.0,4.0,4.0,2.0,0.0,0.0,17.0,93.0,0.1666666388888935,0.9999998333333612,0.3333333055555579,17.0,2026-02-13,1
2026-02-13 18:11:06.949,0.0,0.0,0.0,4.0,1.0,1.0,0.0,1.0,23.0,96.0,0.0,1.9999990000005,0.0,7.0,2026-02-13,1
2026-02-13 18:11:07.950,2.0,0.0,1.0,0.0,5.0,1.0,0.0,0.0,47.0,83.0,0.0,0.1666666388888935,0.285714244897965,9.0,2026-02-13,0
2026-02-13 18:11:08.954,1.0,2.0,0.0,4.0,4.0,2.0,0.0,1.0,51.0,66.0,0.333333277777787,0.6666665555555741,0.099999990000001,14.0,2026-02-13,0
2026-02-13 18:11:09.970,1.0,0.0,0.0,1.0,2.0,1.0,1.0,1.0,53.0,57.0,0.0,0.3333332222222592,0.2499999375000156,7.0,2026-02-13,0
2026-02-13 18:11:10.976,0.0,0.0,1.0,3.0,2.0,1.0,0.0,0.0,56.0,54.0,0.0,1.333332888889037,0.0,7.0,2026-02-13,0
2026-02-13 18:11:11.981,1.0,2.0,3.0,1.0,6.0,2.0,0.0,0.0,51.0,53.0,0.2499999687500039,0.4999999375000079,0.0833333263888894,15.0,2026-02-13,0
2026-02-13 18:11:12.988,26.0,5.0,3.0,8.0,52.0,1.0,0.0,2.0,40.0,48.0,0.0943396208615166,0.2075471658953365,0.4062499936523439,97.0,2026-02-13,0
2026-02-13 18:11:13.992,0.0,5.0,4.0,1.0,1.0,0.0,0.0,1.0,23.0,48.0,4.999995000005001,4.999995000005001,0.0,12.0,2026-02-13,1
2026-02-13 18:11:14.998,1.0,1.0,2.0,2.0,4.0,2.0,0.0,1.0,26.0,41.0,0.1666666388888935,0.6666665555555741,0.099999990000001,13.0,2026-02-13,0
2026-02-13 18:11:16.002,1.0,2.0,1.0,5.0,4.0,3.0,0.0,1.0,27.0,44.0,0.285714244897965,0.857142734693895,0.0769230710059176,17.0,2026-02-13,0
2026-02-13 18:11:17.012,0.0,0.0,0.0,1.0,2.0,1.0,0.0,1.0,40.0,56.0,0.0,0.3333332222222592,0.0,5.0,2026-02-13,0
2026-02-13 18:11:18.018,0.0,0.0,0.0,4.0,1.0,2.0,0.0,0.0,57.0,66.0,0.0,1.333332888889037,0.0,7.0,2026-02-13,0
2026-02-13 18:11:19.027,0.0,0.0,0.0,0.0,1.0,2.0,0.0,1.0,69.0,60.0,0.0,0.0,0.0,4.0,2026-02-13,0
2026-02-13 18:11:20.032,0.0,1.0,3.0,0.0,1.0,2.0,0.0,0.0,70.0,63.0,0.3333332222222592,0.9999996666667778,0.0,7.0,2026-02-13,0
2026-02-13 18:11:21.034,0.0,0.0,1.0,1.0,2.0,1.0,0.0,0.0,74.0,66.0,0.0,0.6666664444445185,0.0,5.0,2026-02-13,0
2026-02-13 18:11:22.038,0.0,0.0,1.0,1.0,1.0,1.0,0.0,1.0,70.0,64.0,0.0,0.99999950000025,0.0,5.0,2026-02-13,0
2026-02-13 18:11:23.041,0.0,0.0,0.0,1.0,2.0,1.0,0.0,0.0,63.0,70.0,0.0,0.3333332222222592,0.0,4.0,2026-02-13,0
2026-02-13 18:11:24.045,0.0,0.0,0.0,2.0,1.0,2.0,0.0,1.0,69.0,74.0,0.0,0.6666664444445185,0.0,6.0,2026-02-13,0
2026-02-13 18:11:25.053,1.0,4.0,0.0,0.0,1.0,1.0,0.0,1.0,60.0,47.0,1.9999990000005,0.0,0.499999750000125,8.0,2026-02-13,0
2026-02-13 18:11:26.059,15.0,6.0,4.0,7.0,10.0,1.0,0.0,1.0,47.0,40.0,0.5454544958677732,0.9999999090909174,0.6818181508264477,44.0,2026-02-13,0
2026-02-13 18:11:27.062,10.0,4.0,3.0,8.0,3.0,2.0,1.0,1.0,34.0,47.0,0.799999840000032,2.199999560000088,0.6249999609375024,32.0,2026-02-13,1
2026-02-13 18:11:28.069,1.0,2.0,1.0,1.0,5.0,1.0,0.0,0.0,21.0,35.0,0.333333277777787,0.333333277777787,0.1249999843750019,11.0,2026-02-13,0
2026-02-13 18:11:29.071,0.0,1.0,3.0,1.0,4.0,1.0,0.0,0.0,26.0,61.0,0.199999960000008,0.799999840000032,0.0,10.0,2026-02-13,0
2026-02-13 18:11:30.086,27.0,1.0,1.0,4.0,16.0,6.0,1.0,0.0,44.0,57.0,0.0454545433884298,0.2272727169421492,0.9999999629629645,56.0,2026-02-13,0
2026-02-13 18:11:31.091,0.0,1.0,6.0,3.0,2.0,1.0,1.0,0.0,41.0,64.0,0.3333332222222592,2.9999990000003334,0.0,14.0,2026-02-13,0
2026-02-13 18:11:32.093,0.0,1.0,1.0,0.0,0.0,1.0,0.0,0.0,43.0,69.0,0.999999000001,0.999999000001,0.0,3.0,2026-02-13,0
2026-02-13 18:11:33.096,0.0,0.0,0.0,1.0,1.0,2.0,0.0,0.0,53.0,67.0,0.0,0.3333332222222592,0.0,4.0,2026-02-13,0
2026-02-13 18:11:34.101,0.0,1.0,0.0,1.0,1.0,1.0,1.0,1.0,43.0,69.0,0.499999750000125,0.499999750000125,0.0,6.0,2026-02-13,0
2026-02-13 18:11:35.103,1.0,1.0,1.0,4.0,8.0,2.0,1.0,0.0,53.0,60.0,0.099999990000001,0.499999950000005,0.0666666622222225,18.0,2026-02-13,0
2026-02-13 18:11:36.110,0.0,5.0,1.0,13.0,18.0,1.0,0.0,0.0,41.0,61.0,0.2631578808864273,0.7368420664819965,0.0,38.0,2026-02-13,0
2026-02-13 18:11:37.113,0.0,0.0,1.0,0.0,0.0,0.0,1.0,2.0,34.0,63.0,0.0,1000000.0,0.0,4.0,2026-02-13,0
2026-02-13 18:11:38.118,0.0,5.0,2.0,1.0,2.0,2.0,0.0,0.0,29.0,56.0,1.249999687500078,0.7499998125000469,0.0,12.0,2026-02-13,1
2026-02-13 18:11:39.126,18.0,4.0,4.0,4.0,17.0,1.0,0.0,0.0,23.0,54.0,0.2222222098765439,0.4444444197530878,0.6923076656804744,48.0,2026-02-13,1
2026-02-13 18:11:40.128,7.0,3.0,3.0,9.0,4.0,3.0,0.0,1.0,30.0,60.0,0.4285713673469475,1.71428546938779,0.3684210332409982,30.0,2026-02-13,1
2026-02-13 18:11:41.131,0.0,4.0,1.0,1.0,1.0,1.0,0.0,0.0,27.0,50.0,1.9999990000005,0.99999950000025,0.0,8.0,2026-02-13,1
2026-02-13 18:11:42.146,0.0,2.0,1.0,1.0,4.0,1.0,1.0,1.0,30.0,51.0,0.399999920000016,0.399999920000016,0.0,11.0,2026-02-13,0
2026-02-13 18:11:43.147,0.0,1.0,2.0,2.0,5.0,2.0,0.0,1.0,43.0,54.0,0.1428571224489825,0.57142848979593,0.0,13.0,2026-02-13,0
2026-02-13 18:11:44.154,1.0,1.0,3.0,9.0,4.0,1.0,0.0,1.0,37.0,63.0,0.199999960000008,2.399999520000096,0.0588235259515572,20.0,2026-02-13,0
2026-02-13 18:11:45.157,6.0,3.0,4.0,1.0,4.0,2.0,1.0,0.0,37.0,69.0,0.4999999166666805,0.8333331944444675,0.5454544958677732,21.0,2026-02-13,0
2026-02-13 18:11:46.165,36.0,12.0,3.0,5.0,40.0,1.0,0.0,1.0,26.0,64.0,0.2926829196906605,0.1951219464604403,0.7346938625572681,98.0,2026-02-13,1
2026-02-13 18:11:47.167,2.0,6.0,9.0,3.0,5.0,2.0,0.0,1.0,13.0,66.0,0.857142734693895,1.71428546938779,0.1052631523545709,28.0,2026-02-13,0
2026-02-13 18:11:48.181,21.0,2.0,2.0,2.0,13.0,6.0,0.0,1.0,29.0,50.0,0.1052631523545709,0.2105263047091418,0.9130434385633288,47.0,2026-02-13,0
2026-02-13 18:11:49.184,3.0,0.0,2.0,1.0,2.0,2.0,1.0,0.0,37.0,56.0,0.0,0.7499998125000469,0.4285713673469475,11.0,2026-02-13,0
2026-02-13 18:11:50.185,0.0,0.0,0.0,4.0,3.0,0.0,0.0,1.0,47.0,77.0,0.0,1.333332888889037,0.0,8.0,2026-02-13,0
2026-02-13 18:11:51.191,0.0,1.0,1.0,1.0,1.0,2.0,0.0,3.0,63.0,75.0,0.3333332222222592,0.6666664444445185,0.0,9.0,2026-02-13,0
2026-02-13 18:11:52.195,0.0,1.0,2.0,2.0,4.0,1.0,0.0,1.0,54.0,80.0,0.199999960000008,0.799999840000032,0.0,11.0,2026-02-13,0
2026-02-13 18:11:53.203,0.0,1.0,1.0,1.0,1.0,1.0,0.0,1.0,44.0,75.0,0.499999750000125,0.99999950000025,0.0,6.0,2026-02-13,0
2026-02-13 18:11:54.209,0.0,0.0,1.0,1.0,2.0,2.0,0.0,0.0,54.0,66.0,0.0,0.4999998750000312,0.0,6.0,2026-02-13,0
2026-02-13 18:11:55.224,0.0,0.0,1.0,1.0,0.0,2.0,0.0,1.0,56.0,74.0,0.0,0.99999950000025,0.0,5.0,2026-02-13,0
2026-02-13 18:11:56.233,0.0,0.0,2.0,0.0,1.0,1.0,0.0,0.0,56.0,78.0,0.0,0.99999950000025,0.0,4.0,2026-02-13,0
2026-02-13 18:11:57.242,0.0,0.0,4.0,2.0,1.0,0.0,0.0,0.0,53.0,90.0,0.0,5.999994000006001,0.0,7.0,2026-02-13,0
2026-02-13 18:11:58.248,0.0,1.0,0.0,1.0,2.0,3.0,0.0,0.0,54.0,87.0,0.199999960000008,0.199999960000008,0.0,7.0,2026-02-13,0
2026-02-13 18:11:59.258,0.0,0.0,2.0,1.0,2.0,1.0,0.0,1.0,50.0,84.0,0.0,0.9999996666667778,0.0,7.0,2026-02-13,0
2026-02-13 18:12:00.261,0.0,0.0,3.0,8.0,14.0,0.0,0.0,0.0,38.0,84.0,0.0,0.7857142295918408,0.0,25.0,2026-02-13,0
2026-02-13 18:12:01.277,0.0,2.0,6.0,6.0,10.0,1.0,0.0,1.0,38.0,78.0,0.1818181652892577,1.0909089917355463,0.0,26.0,2026-02-13,0
2026-02-13 18:12:02.282,0.0,3.0,1.0,7.0,14.0,2.0,0.0,0.0,26.0,81.0,0.1874999882812507,0.4999999687500019,0.0,27.0,2026-02-13,1
2026-02-13 18:12:03.285,0.0,3.0,1.0,7.0,3.0,2.0,0.0,0.0,23.0,77.0,0.599999880000024,1.599999680000064,0.0,16.0,2026-02-13,1
2026-02-13 18:12:04.300,0.0,1.0,2.0,1.0,1.0,2.0,0.0,0.0,50.0,67.0,0.3333332222222592,0.9999996666667778,0.0,7.0,2026-02-13,0
2026-02-13 18:12:05.308,0.0,0.0,1.0,1.0,2.0,2.0,1.0,0.0,61.0,74.0,0.0,0.4999998750000312,0.0,7.0,2026-02-13,0
2026-02-13 18:12:06.309,0.0,1.0,8.0,3.0,5.0,1.0,0.0,1.0,57.0,83.0,0.1666666388888935,1.8333330277778288,0.0,19.0,2026-02-13,0
2026-02-13 18:12:07.316,1.0,1.0,1.0,4.0,3.0,2.0,0.0,0.0,53.0,88.0,0.199999960000008,0.99999980000004,0.099999990000001,12.0,2026-02-13,0
2026-02-13 18:12:08.323,15.0,2.0,1.0,10.0,3.0,1.0,0.0,1.0,43.0,87.0,0.4999998750000312,2.749999312500172,0.9999999333333378,33.0,2026-02-13,1
2026-02-13 18:12:09.329,0.0,1.0,3.0,5.0,20.0,1.0,1.0,0.0,29.0,81.0,0.047619045351474,0.3809523628117922,0.0,31.0,2026-02-13,0
2026-02-13 18:12:10.344,0.0,1.0,3.0,1.0,3.0,0.0,0.0,0.0,29.0,74.0,0.3333332222222592,1.333332888889037,0.0,8.0,2026-02-13,1
2026-02-13 18:12:11.352,0.0,2.0,2.0,0.0,1.0,3.0,0.0,0.0,30.0,66.0,0.4999998750000312,0.4999998750000312,0.0,8.0,2026-02-13,0
2026-02-13 18:12:12.356,0.0,0.0,1.0,1.0,2.0,1.0,0.0,1.0,41.0,64.0,0.0,0.6666664444445185,0.0,6.0,2026-02-13,0
2026-02-13 18:12:13.371,0.0,1.0,1.0,1.0,3.0,2.0,1.0,0.0,48.0,63.0,0.199999960000008,0.399999920000016,0.0,9.0,2026-02-13,0
2026-02-13 18:12:14.385,0.0,1.0,0.0,8.0,7.0,2.0,0.0,0.0,56.0,63.0,0.1111110987654334,0.8888887901234679,0.0,18.0,2026-02-13,0
2026-02-13 18:12:15.388,1.0,1.0,4.0,2.0,6.0,1.0,1.0,1.0,50.0,70.0,0.1428571224489825,0.857142734693895,0.0769230710059176,17.0,2026-02-13,0
2026-02-13 18:12:16.403,0.0,1.0,0.0,0.0,2.0,1.0,0.0,0.0,51.0,61.0,0.3333332222222592,0.0,0.0,4.0,2026-02-13,0
2026-02-13 18:12:17.408,2.0,1.0,5.0,6.0,8.0,1.0,0.0,0.0,44.0,74.0,0.1111110987654334,1.2222220864197684,0.0999999950000002,23.0,2026-02-13,0
2026-02-13 18:12:18.409,1.0,1.0,10.0,5.0,3.0,2.0,0.0,2.0,37.0,87.0,0.199999960000008,2.99999940000012,0.0499999975000001,24.0,2026-02-13,0
2026-02-13 18:12:19.412,5.0,3.0,7.0,7.0,7.0,3.0,0.0,0.0,38.0,88.0,0.299999970000003,1.399999860000014,0.2083333246527781,32.0,2026-02-13,1
2026-02-13 18:12:20.415,0.0,1.0,7.0,14.0,5.0,2.0,0.0,0.0,26.0,100.0,0.1428571224489825,2.9999995714286327,0.0,29.0,2026-02-13,0
2026-02-13 18:12:21.422,4.0,1.0,0.0,1.0,2.0,3.0,1.0,1.0,43.0,93.0,0.199999960000008,0.199999960000008,0.6666665555555741,13.0,2026-02-13,0
2026-02-13 18:12:22.462,0.0,5.0,1.0,4.0,5.0,1.0,0.0,1.0,40.0,70.0,0.8333331944444675,0.8333331944444675,0.0,17.0,2026-02-13,0
2026-02-13 18:12:23.472,0.0,1.0,0.0,12.0,7.0,1.0,1.0,1.0,37.0,70.0,0.1249999843750019,1.4999998125000236,0.0,23.0,2026-02-13,0
2026-02-13 18:12:24.479,7.0,1.0,1.0,1.0,1.0,0.0,0.0,0.0,34.0,56.0,0.999999000001,1.999998000002,2.333332555555814,11.0,2026-02-13,1
2026-02-13 18:12:25.493,0.0,2.0,3.0,1.0,1.0,2.0,1.0,0.0,23.0,64.0,0.6666664444445185,1.333332888889037,0.0,10.0,2026-02-13,0
2026-02-13 18:12:26.498,0.0,1.0,3.0,1.0,3.0,1.0,0.0,0.0,30.0,74.0,0.2499999375000156,0.9999997500000624,0.0,9.0,2026-02-13,1
2026-02-13 18:12:27.507,0.0,0.0,0.0,4.0,4.0,1.0,0.0,0.0,40.0,69.0,0.0,0.799999840000032,0.0,9.0,2026-02-13,0
2026-02-13 18:12:28.518,0.0,1.0,2.0,5.0,10.0,1.0,0.0,0.0,41.0,75.0,0.0909090826446288,0.636363578512402,0.0,19.0,2026-02-13,0
2026-02-13 18:12:29.523,3.0,1.0,2.0,1.0,3.0,1.0,0.0,0.0,38.0,77.0,0.2499999375000156,0.7499998125000469,0.4285713673469475,11.0,2026-02-13,0
2026-02-13 18:12:30.526,0.0,3.0,0.0,2.0,7.0,1.0,0.0,1.0,30.0,63.0,0.3749999531250059,0.2499999687500039,0.0,14.0,2026-02-13,0
2026-02-13 18:12:31.529,0.0,6.0,5.0,0.0,3.0,1.0,0.0,0.0,21.0,56.0,1.4999996250000938,1.249999687500078,0.0,15.0,2026-02-13,1
2026-02-13 18:12:32.534,0.0,0.0,7.0,1.0,2.0,4.0,0.0,0.0,30.0,66.0,0.0,1.3333331111111482,0.0,14.0,2026-02-13,0
2026-02-13 18:12:33.538,0.0,4.0,2.0,5.0,5.0,1.0,0.0,0.0,27.0,61.0,0.6666665555555741,1.1666664722222546,0.0,17.0,2026-02-13,0
2026-02-13 18:12:34.544,1.0,1.0,9.0,2.0,6.0,0.0,0.0,0.0,20.0,84.0,0.1666666388888935,1.8333330277778288,0.0588235259515572,19.0,2026-02-13,0
2026-02-13 18:12:35.550,0.0,0.0,1.0,13.0,6.0,1.0,0.0,1.0,20.0,100.0,0.0,1.999999714285755,0.0,22.0,2026-02-13,0
2026-02-13 18:12:36.554,0.0,1.0,3.0,3.0,3.0,1.0,0.0,1.0,14.0,96.0,0.2499999375000156,1.4999996250000938,0.0,12.0,2026-02-13,1
2026-02-13 18:12:37.555,0.0,2.0,8.0,2.0,1.0,1.0,0.0,0.0,14.0,100.0,0.99999950000025,4.99999750000125,0.0,14.0,2026-02-13,1
2026-02-13 18:12:38.569,0.0,2.0,1.0,0.0,6.0,2.0,0.0,1.0,29.0,88.0,0.2499999687500039,0.1249999843750019,0.0,12.0,2026-02-13,0
2026-02-13 18:12:39.575,10.0,8.0,0.0,1.0,5.0,2.0,0.0,0.0,35.0,54.0,1.14285697959186,0.1428571224489825,1.2499998437500195,26.0,2026-02-13,1
2026-02-13 18:12:40.588,0.0,1.0,1.0,1.0,1.0,1.0,0.0,1.0,29.0,48.0,0.499999750000125,0.99999950000025,0.0,6.0,2026-02-13,0
2026-02-13 18:12:41.594,1.0,4.0,1.0,2.0,0.0,1.0,0.0,1.0,34.0,30.0,3.999996000004,2.9999970000030003,0.2499999375000156,10.0,2026-02-13,1
2026-02-13 18:12:42.601,0.0,0.0,0.0,3.0,4.0,1.0,0.0,0.0,30.0,41.0,0.0,0.599999880000024,0.0,8.0,2026-02-13,0
2026-02-13 18:12:43.605,0.0,1.0,2.0,2.0,11.0,1.0,0.0,0.0,35.0,60.0,0.0833333263888894,0.3333333055555579,0.0,17.0,2026-02-13,0
2026-02-13 18:12:44.621,2.0,2.0,6.0,5.0,2.0,1.0,0.0,1.0,30.0,67.0,0.6666664444445185,3.666665444444852,0.1428571326530619,19.0,2026-02-13,0
2026-02-13 18:12:45.623,0.0,3.0,1.0,3.0,2.0,1.0,0.0,0.0,29.0,67.0,0.9999996666667778,1.333332888889037,0.0,10.0,2026-02-13,1
2026-02-13 18:12:46.624,0.0,3.0,0.0,3.0,1.0,2.0,0.0,0.0,30.0,64.0,0.9999996666667778,0.9999996666667778,0.0,9.0,2026-02-13,1
2026-02-13 18:12:47.629,0.0,4.0,1.0,2.0,2.0,3.0,0.0,1.0,30.0,61.0,0.799999840000032,0.599999880000024,0.0,13.0,2026-02-13,0
2026-02-13 18:12:48.634,1.0,3.0,1.0,15.0,5.0,0.0,0.0,0.0,24.0,60.0,0.599999880000024,3.199999360000128,0.047619045351474,25.0,2026-02-13,0
2026-02-13 18:12:49.636,3.0,8.0,3.0,1.0,4.0,2.0,0.0,0.0,26.0,53.0,1.3333331111111482,0.6666665555555741,0.299999970000003,21.0,2026-02-13,0
2026-02-13 18:12:50.640,0.0,0.0,0.0,1.0,1.0,1.0,0.0,0.0,26.0,56.0,0.0,0.499999750000125,0.0,3.0,2026-02-13,0
2026-02-13 18:12:51.642,0.0,0.0,9.0,3.0,2.0,2.0,0.0,1.0,23.0,80.0,0.0,2.9999992500001875,0.0,17.0,2026-02-13,1
2026-02-13 18:12:52.645,2.0,1.0,1.0,3.0,1.0,2.0,0.0,0.0,41.0,75.0,0.3333332222222592,1.333332888889037,0.285714244897965,10.0,2026-02-13,0
2026-02-13 18:12:53.650,5.0,9.0,1.0,9.0,2.0,2.0,0.0,0.0,38.0,78.0,2.2499994375001404,2.499999375000156,0.3571428316326549,28.0,2026-02-13,1
2026-02-13 18:12:54.665,4.0,4.0,4.0,3.0,4.0,2.0,0.0,0.0,34.0,78.0,0.6666665555555741,1.1666664722222546,0.3076922840236705,21.0,2026-02-13,1
2026-02-13 18:12:55.671,2.0,1.0,1.0,0.0,1.0,3.0,0.0,0.0,44.0,60.0,0.2499999375000156,0.2499999375000156,0.399999920000016,8.0,2026-02-13,0
2026-02-13 18:12:56.676,1.0,1.0,3.0,2.0,0.0,3.0,0.0,0.0,47.0,63.0,0.3333332222222592,1.666666111111296,0.1249999843750019,10.0,2026-02-13,0
2026-02-13 18:12:57.683,0.0,3.0,5.0,1.0,1.0,1.0,1.0,0.0,44.0,70.0,1.499999250000375,2.99999850000075,0.0,12.0,2026-02-13,1
2026-02-13 18:12:58.688,1.0,2.0,1.0,2.0,0.0,0.0,0.0,1.0,41.0,70.0,2000000.0,3000000.0,0.3333332222222592,7.0,2026-02-13,1
2026-02-13 18:12:59.701,6.0,3.0,1.0,3.0,1.0,1.0,0.0,0.0,26.0,69.0,1.499999250000375,1.9999990000005,0.9999998333333612,15.0,2026-02-13,1
2026-02-13 18:13:00.717,1.0,1.0,2.0,2.0,14.0,1.0,0.0,1.0,17.0,57.0,0.0666666622222225,0.2666666488888901,0.0526315761772854,22.0,2026-02-13,0
2026-02-13 18:13:01.719,0.0,0.0,4.0,0.0,2.0,1.0,0.0,0.0,26.0,67.0,0.0,1.333332888889037,0.0,7.0,2026-02-13,0
2026-02-13 18:13:02.721,0.0,0.0,0.0,0.0,1.0,3.0,0.0,1.0,50.0,66.0,0.0,0.0,0.0,5.0,2026-02-13,0
2026-02-13 18:13:03.727,0.0,1.0,3.0,1.0,2.0,0.0,0.0,0.0,50.0,75.0,0.499999750000125,1.9999990000005,0.0,7.0,2026-02-13,0
2026-02-13 18:13:04.730,13.0,4.0,3.0,7.0,6.0,1.0,0.0,0.0,47.0,80.0,0.57142848979593,1.428571224489825,0.7647058373702448,34.0,2026-02-13,1
2026-02-13 18:13:05.739,2.0,1.0,1.0,3.0,1.0,1.0,0.0,0.0,43.0,70.0,0.499999750000125,1.9999990000005,0.333333277777787,9.0,2026-02-13,0
2026-02-13 18:13:06.741,0.0,0.0,4.0,5.0,0.0,1.0,0.0,0.0,23.0,88.0,0.0,8.999991000009,0.0,10.0,2026-02-13,1
2026-02-13 18:13:07.749,0.0,1.0,0.0,2.0,4.0,1.0,0.0,1.0,34.0,80.0,0.199999960000008,0.399999920000016,0.0,9.0,2026-02-13,0
2026-02-13 18:13:08.754,2.0,0.0,2.0,4.0,2.0,1.0,0.0,0.0,38.0,84.0,0.0,1.9999993333335555,0.2222221975308669,11.0,2026-02-13,0
2026-02-13 18:13:09.756,0.0,1.0,1.0,1.0,1.0,1.0,0.0,1.0,43.0,83.0,0.499999750000125,0.99999950000025,0.0,6.0,2026-02-13,0
2026-02-13 18:13:10.761,0.0,1.0,0.0,3.0,2.0,3.0,0.0,0.0,56.0,66.0,0.199999960000008,0.599999880000024,0.0,9.0,2026-02-13,0
2026-02-13 18:13:11.777,0.0,0.0,1.0,1.0,2.0,2.0,1.0,0.0,61.0,70.0,0.0,0.4999998750000312,0.0,7.0,2026-02-13,0
2026-02-13 18:13:12.792,0.0,2.0,2.0,2.0,1.0,1.0,0.0,0.0,61.0,64.0,0.99999950000025,1.9999990000005,0.0,8.0,2026-02-13,0
2026-02-13 18:13:13.795,0.0,0.0,3.0,1.0,4.0,1.0,0.0,0.0,61.0,74.0,0.0,0.799999840000032,0.0,9.0,2026-02-13,0
2026-02-13 18:13:14.799,0.0,1.0,0.0,3.0,1.0,1.0,0.0,1.0,54.0,77.0,0.499999750000125,1.499999250000375,0.0,7.0,2026-02-13,0
2026-02-13 18:13:15.801,1.0,1.0,2.0,4.0,3.0,2.0,0.0,0.0,47.0,81.0,0.199999960000008,1.199999760000048,0.0909090826446288,13.0,2026-02-13,0
2026-02-13 18:13:16.804,2.0,1.0,4.0,2.0,6.0,3.0,0.0,1.0,53.0,84.0,0.1111110987654334,0.6666665925926009,0.133333324444445,19.0,2026-02-13,0
2026-02-13 18:13:17.812,0.0,1.0,0.0,2.0,1.0,3.0,0.0,0.0,60.0,74.0,0.2499999375000156,0.4999998750000312,0.0,7.0,2026-02-13,0
2026-02-13 18:13:18.816,0.0,1.0,2.0,2.0,2.0,3.0,0.0,0.0,61.0,75.0,0.199999960000008,0.799999840000032,0.0,10.0,2026-02-13,0
2026-02-13 18:13:19.821,0.0,0.0,0.0,1.0,2.0,0.0,1.0,1.0,64.0,74.0,0.0,0.499999750000125,0.0,5.0,2026-02-13,0
2026-02-13 18:13:20.825,1.0,2.0,5.0,4.0,1.0,1.0,0.0,1.0,53.0,77.0,0.99999950000025,4.499997750001125,0.0909090826446288,15.0,2026-02-13,0
2026-02-13 18:13:21.826,0.0,0.0,1.0,4.0,2.0,3.0,0.0,0.0,53.0,84.0,0.0,0.99999980000004,0.0,10.0,2026-02-13,0
2026-02-13 18:13:22.830,1.0,7.0,5.0,3.0,3.0,4.0,0.0,0.0,43.0,78.0,0.9999998571428776,1.14285697959186,0.0666666622222225,23.0,2026-02-13,0
2026-02-13 18:13:23.837,1.0,2.0,0.0,6.0,2.0,1.0,0.0,0.0,37.0,75.0,0.6666664444445185,1.9999993333335555,0.1111110987654334,12.0,2026-02-13,0
2026-02-13 18:13:24.840,2.0,3.0,4.0,6.0,2.0,2.0,0.0,0.0,37.0,70.0,0.7499998125000469,2.499999375000156,0.1428571326530619,19.0,2026-02-13,1
2026-02-13 18:13:25.849,0.0,1.0,12.0,27.0,2.0,2.0,1.0,1.0,21.0,83.0,0.2499999375000156,9.749997562500608,0.0,46.0,2026-02-13,1
2026-02-13 18:13:26.852,1.0,1.0,7.0,4.0,2.0,1.0,0.0,2.0,20.0,97.0,0.3333332222222592,3.666665444444852,0.0714285663265309,18.0,2026-02-13,1
2026-02-13 18:13:27.865,1.0,1.0,3.0,1.0,1.0,1.0,0.0,0.0,23.0,97.0,0.499999750000125,1.9999990000005,0.1666666388888935,8.0,2026-02-13,1
2026-02-13 18:13:28.878,2.0,2.0,4.0,2.0,5.0,1.0,1.0,1.0,23.0,94.0,0.333333277777787,0.9999998333333612,0.1666666527777789,18.0,2026-02-13,0
2026-02-13 18:13:29.884,0.0,1.0,7.0,1.0,3.0,3.0,0.0,1.0,34.0,83.0,0.1666666388888935,1.3333331111111482,0.0,16.0,2026-02-13,0
2026-02-13 18:13:30.886,1.0,4.0,2.0,1.0,4.0,3.0,0.0,1.0,40.0,61.0,0.57142848979593,0.4285713673469475,0.099999990000001,16.0,2026-02-13,0
2026-02-13 18:13:31.900,0.0,4.0,1.0,10.0,14.0,2.0,0.0,1.0,34.0,54.0,0.2499999843750009,0.6874999570312527,0.0,32.0,2026-02-13,0
2026-02-13 18:13:32.904,3.0,0.0,1.0,4.0,1.0,0.0,0.0,0.0,30.0,60.0,0.0,4.999995000005001,0.4999999166666805,9.0,2026-02-13,0
2026-02-13 18:13:33.910,1.0,1.0,1.0,3.0,0.0,1.0,0.0,0.0,27.0,56.0,0.999999000001,3.999996000004,0.199999960000008,7.0,2026-02-13,0
2026-02-13 18:13:34.913,0.0,0.0,0.0,0.0,1.0,1.0,0.0,0.0,35.0,63.0,0.0,0.0,0.0,2.0,2026-02-13,0
2026-02-13 18:13:35.916,3.0,1.0,0.0,0.0,1.0,0.0,0.0,0.0,29.0,57.0,0.999999000001,0.0,2.9999970000030003,5.0,2026-02-13,0
2026-02-13 18:13:36.918,0.0,6.0,0.0,1.0,4.0,1.0,0.0,1.0,29.0,35.0,1.199999760000048,0.199999960000008,0.0,13.0,2026-02-13,0
2026-02-13 18:13:37.920,0.0,0.0,0.0,2.0,1.0,0.0,1.0,1.0,27.0,24.0,0.0,1.999998000002,0.0,5.0,2026-02-13,0
2026-02-13 18:13:38.923,1.0,4.0,1.0,2.0,1.0,0.0,0.0,0.0,23.0,34.0,3.999996000004,2.9999970000030003,0.2499999375000156,9.0,2026-02-13,1
2026-02-13 18:13:39.927,1.0,1.0,0.0,1.0,2.0,2.0,0.0,1.0,35.0,37.0,0.2499999375000156,0.2499999375000156,0.199999960000008,8.0,2026-02-13,0
2026-02-13 18:13:40.943,2.0,0.0,0.0,2.0,0.0,1.0,1.0,1.0,44.0,43.0,0.0,1.999998000002,0.6666664444445185,7.0,2026-02-13,0
2026-02-13 18:13:41.947,0.0,2.0,4.0,1.0,4.0,1.0,1.0,1.0,38.0,38.0,0.399999920000016,0.99999980000004,0.0,14.0,2026-02-13,0
2026-02-13 18:13:42.949,0.0,0.0,2.0,8.0,3.0,0.0,0.0,0.0,40.0,56.0,0.0,3.3333322222225923,0.0,13.0,2026-02-13,0
2026-02-13 18:13:43.953,0.0,1.0,3.0,1.0,2.0,1.0,0.0,0.0,34.0,69.0,0.3333332222222592,1.333332888889037,0.0,8.0,2026-02-13,0
2026-02-13 18:13:44.962,0.0,3.0,3.0,0.0,2.0,1.0,0.0,0.0,23.0,64.0,0.9999996666667778,0.9999996666667778,0.0,9.0,2026-02-13,1
2026-02-13 18:13:45.978,0.0,1.0,0.0,2.0,2.0,1.0,0.0,0.0,27.0,57.0,0.3333332222222592,0.6666664444445185,0.0,6.0,2026-02-13,0
2026-02-13 18:13:46.981,7.0,2.0,3.0,1.0,8.0,7.0,0.0,0.0,44.0,44.0,0.133333324444445,0.2666666488888901,0.3684210332409982,28.0,2026-02-13,0
2026-02-13 18:13:47.988,0.0,0.0,2.0,0.0,3.0,3.0,0.0,1.0,54.0,43.0,0.0,0.333333277777787,0.0,9.0,2026-02-13,0
2026-02-13 18:13:48.991,0.0,1.0,1.0,0.0,0.0,1.0,1.0,1.0,60.0,43.0,0.999999000001,0.999999000001,0.0,5.0,2026-02-13,0
2026-02-13 18:13:49.996,0.0,1.0,0.0,1.0,2.0,2.0,0.0,0.0,66.0,44.0,0.2499999375000156,0.2499999375000156,0.0,6.0,2026-02-13,0
2026-02-13 18:13:51.010,1.0,5.0,2.0,4.0,2.0,2.0,0.0,1.0,54.0,43.0,1.249999687500078,1.4999996250000938,0.099999990000001,17.0,2026-02-13,0
2026-02-13 18:13:52.013,1.0,3.0,7.0,10.0,4.0,2.0,0.0,0.0,38.0,50.0,0.4999999166666805,2.83333286111119,0.0434782589792061,27.0,2026-02-13,0
2026-02-13 18:13:53.017,0.0,2.0,1.0,3.0,2.0,1.0,1.0,1.0,37.0,48.0,0.6666664444445185,1.333332888889037,0.0,11.0,2026-02-13,0
2026-02-13 18:13:54.020,0.0,1.0,3.0,3.0,0.0,0.0,0.0,0.0,21.0,63.0,1000000.0,3000000.0,0.0,7.0,2026-02-13,1
2026-02-13 18:13:55.024,0.0,2.0,3.0,1.0,9.0,2.0,0.0,0.0,26.0,64.0,0.1818181652892577,0.3636363305785154,0.0,17.0,2026-02-13,0
2026-02-13 18:13:56.031,0.0,1.0,4.0,5.0,3.0,1.0,0.0,2.0,30.0,67.0,0.2499999375000156,2.2499994375001404,0.0,16.0,2026-02-13,0
2026-02-13 18:13:57.033,0.0,1.0,5.0,3.0,0.0,4.0,0.0,1.0,40.0,81.0,0.2499999375000156,1.999999500000125,0.0,14.0,2026-02-13,0
2026-02-13 18:13:58.043,0.0,1.0,3.0,3.0,1.0,1.0,2.0,0.0,41.0,75.0,0.499999750000125,2.99999850000075,0.0,11.0,2026-02-13,0
2026-02-13 18:13:59.048,0.0,0.0,1.0,10.0,0.0,1.0,0.0,1.0,38.0,94.0,0.0,10.999989000011,0.0,13.0,2026-02-13,0
2026-02-13 18:14:00.055,0.0,1.0,1.0,3.0,3.0,4.0,0.0,0.0,48.0,83.0,0.1428571224489825,0.57142848979593,0.0,12.0,2026-02-13,0
2026-02-13 18:14:01.058,0.0,4.0,1.0,4.0,2.0,3.0,0.0,1.0,43.0,67.0,0.799999840000032,0.99999980000004,0.0,15.0,2026-02-13,0
2026-02-13 18:14:02.062,26.0,7.0,5.0,7.0,1.0,1.0,0.0,0.0,37.0,61.0,3.499998250000875,5.9999970000015,1.8571427244898056,47.0,2026-02-13,1
2026-02-13 18:14:03.075,1.0,5.0,4.0,33.0,3.0,1.0,0.0,0.0,26.0,56.0,1.249999687500078,9.249997687500578,0.024390243307555,47.0,2026-02-13,1
2026-02-13 18:14:04.081,2.0,0.0,3.0,0.0,2.0,0.0,0.0,0.0,3.0,67.0,0.0,1.499999250000375,0.399999920000016,7.0,2026-02-13,0
2026-02-13 18:14:05.088,14.0,4.0,1.0,5.0,3.0,3.0,0.0,1.0,3.0,70.0,0.6666665555555741,0.9999998333333612,1.166666569444453,31.0,2026-02-13,1
2026-02-13 18:14:06.096,3.0,3.0,5.0,8.0,2.0,2.0,1.0,1.0,10.0,77.0,0.7499998125000469,3.2499991875002032,0.1764705778546718,25.0,2026-02-13,1
2026-02-13 18:14:07.098,1.0,1.0,2.0,1.0,3.0,1.0,0.0,0.0,21.0,67.0,0.2499999375000156,0.7499998125000469,0.1428571224489825,9.0,2026-02-13,0
2026-02-13 18:14:08.102,1.0,6.0,6.0,5.0,6.0,2.0,0.0,0.0,29.0,57.0,0.7499999062500118,1.3749998281250215,0.0526315761772854,26.0,2026-02-13,0
2026-02-13 18:14:09.105,1.0,2.0,1.0,2.0,4.0,1.0,0.0,0.0,27.0,56.0,0.399999920000016,0.599999880000024,0.1249999843750019,11.0,2026-02-13,0
2026-02-13 18:14:10.106,4.0,0.0,2.0,2.0,2.0,1.0,0.0,0.0,30.0,56.0,0.0,1.333332888889037,0.57142848979593,11.0,2026-02-13,1
2026-02-13 18:14:11.107,1.0,0.0,1.0,2.0,2.0,2.0,0.0,1.0,41.0,56.0,0.0,0.7499998125000469,0.1428571224489825,9.0,2026-02-13,0
2026-02-13 18:14:12.114,1.0,1.0,1.0,2.0,4.0,5.0,0.0,0.0,60.0,54.0,0.1111110987654334,0.3333332962963004,0.0833333263888894,14.0,2026-02-13,0
2026-02-13 18:14:13.129,1.0,5.0,2.0,7.0,4.0,2.0,1.0,0.0,57.0,57.0,0.8333331944444675,1.4999997500000417,0.0666666622222225,22.0,2026-02-13,0
2026-02-13 18:14:14.134,46.0,36.0,1.0,10.0,2.0,5.0,7.0,3.0,50.0,37.0,5.14285640816337,1.5714283469388075,2.5555554135802545,110.0,2026-02-13,1
2026-02-13 18:14:15.141,4.0,3.0,1.0,2.0,2.0,3.0,0.0,1.0,43.0,29.0,0.599999880000024,0.599999880000024,0.4999999375000079,16.0,2026-02-13,0
2026-02-13 18:14:16.152,0.0,0.0,1.0,2.0,1.0,1.0,0.0,0.0,34.0,37.0,0.0,1.499999250000375,0.0,5.0,2026-02-13,0
2026-02-13 18:14:17.156,0.0,0.0,0.0,2.0,3.0,1.0,0.0,0.0,47.0,40.0,0.0,0.4999998750000312,0.0,6.0,2026-02-13,0
2026-02-13 18:14:18.161,0.0,1.0,0.0,1.0,7.0,1.0,0.0,0.0,56.0,43.0,0.1249999843750019,0.1249999843750019,0.0,10.0,2026-02-13,0
2026-02-13 18:14:19.166,0.0,2.0,1.0,2.0,1.0,3.0,1.0,1.0,57.0,44.0,0.4999998750000312,0.7499998125000469,0.0,11.0,2026-02-13,0
2026-02-13 18:14:20.167,2.0,2.0,2.0,2.0,4.0,1.0,0.0,0.0,53.0,38.0,0.399999920000016,0.799999840000032,0.2222221975308669,13.0,2026-02-13,0
2026-02-13 18:14:21.176,1.0,2.0,3.0,2.0,2.0,1.0,0.0,0.0,43.0,38.0,0.6666664444445185,1.666666111111296,0.1249999843750019,11.0,2026-02-13,0
2026-02-13 18:14:22.183,0.0,2.0,0.0,1.0,2.0,1.0,1.0,1.0,41.0,41.0,0.6666664444445185,0.3333332222222592,0.0,8.0,2026-02-13,0
2026-02-13 18:14:23.190,0.0,0.0,1.0,1.0,1.0,2.0,0.0,1.0,44.0,43.0,0.0,0.6666664444445185,0.0,6.0,2026-02-13,0
2026-02-13 18:14:24.191,0.0,2.0,3.0,4.0,1.0,3.0,0.0,0.0,53.0,50.0,0.4999998750000312,1.7499995625001092,0.0,13.0,2026-02-13,0
2026-02-13 18:14:25.204,12.0,3.0,1.0,12.0,13.0,5.0,1.0,0.0,57.0,47.0,0.1666666574074079,0.7222221820987677,0.387096761706556,47.0,2026-02-13,0
2026-02-13 18:14:26.214,1.0,5.0,8.0,11.0,1.0,2.0,0.0,0.0,51.0,63.0,1.666666111111296,6.333331222222926,0.0454545433884298,28.0,2026-02-13,0
2026-02-13 18:14:27.228,15.0,5.0,2.0,0.0,6.0,1.0,0.0,1.0,38.0,54.0,0.7142856122449125,0.285714244897965,1.6666664814815022,30.0,2026-02-13,0
2026-02-13 18:14:28.231,5.0,5.0,4.0,9.0,10.0,3.0,0.0,1.0,30.0,50.0,0.3846153550295881,0.9999999230769292,0.1923076849112429,37.0,2026-02-13,1
2026-02-13 18:14:29.238,0.0,7.0,0.0,5.0,1.0,1.0,0.0,0.0,16.0,43.0,3.499998250000875,2.499998750000625,0.0,14.0,2026-02-13,1
2026-02-13 18:14:30.243,0.0,1.0,1.0,3.0,12.0,1.0,1.0,0.0,21.0,30.0,0.0769230710059176,0.3076922840236705,0.0,19.0,2026-02-13,0
2026-02-13 18:14:31.246,0.0,1.0,3.0,7.0,4.0,1.0,0.0,1.0,17.0,50.0,0.199999960000008,1.99999960000008,0.0,17.0,2026-02-13,0
2026-02-13 18:14:32.251,0.0,0.0,1.0,3.0,1.0,3.0,0.0,0.0,27.0,56.0,0.0,0.9999997500000624,0.0,8.0,2026-02-13,0
2026-02-13 18:14:33.255,0.0,1.0,0.0,1.0,2.0,2.0,0.0,0.0,48.0,60.0,0.2499999375000156,0.2499999375000156,0.0,6.0,2026-02-13,0
2026-02-13 18:14:34.258,1.0,1.0,4.0,6.0,4.0,1.0,0.0,0.0,40.0,69.0,0.199999960000008,1.99999960000008,0.0666666622222225,17.0,2026-02-13,0
2026-02-13 18:14:35.263,0.0,5.0,3.0,3.0,4.0,3.0,1.0,0.0,48.0,57.0,0.7142856122449125,0.857142734693895,0.0,19.0,2026-02-13,0
2026-02-13 18:14:36.266,1.0,3.0,5.0,1.0,3.0,1.0,0.0,1.0,34.0,53.0,0.7499998125000469,1.4999996250000938,0.099999990000001,15.0,2026-02-13,1
2026-02-13 18:14:37.281,0.0,0.0,1.0,1.0,3.0,1.0,0.0,0.0,26.0,57.0,0.0,0.4999998750000312,0.0,6.0,2026-02-13,0
2026-02-13 18:14:38.295,0.0,1.0,4.0,3.0,3.0,2.0,0.0,1.0,37.0,56.0,0.199999960000008,1.399999720000056,0.0,14.0,2026-02-13,0
2026-02-13 18:14:39.298,1.0,2.0,7.0,4.0,6.0,1.0,0.0,0.0,30.0,66.0,0.285714244897965,1.5714283469388075,0.0555555524691359,21.0,2026-02-13,0
2026-02-13 18:14:40.303,0.0,2.0,1.0,1.0,2.0,2.0,0.0,0.0,44.0,57.0,0.4999998750000312,0.4999998750000312,0.0,8.0,2026-02-13,0
2026-02-13 18:14:41.312,0.0,3.0,1.0,2.0,2.0,1.0,1.0,1.0,38.0,53.0,0.9999996666667778,0.9999996666667778,0.0,11.0,2026-02-13,0
2026-02-13 18:14:42.320,0.0,1.0,2.0,6.0,8.0,1.0,0.0,0.0,35.0,48.0,0.1111110987654334,0.8888887901234679,0.0,18.0,2026-02-13,0
2026-02-13 18:14:43.327,4.0,4.0,1.0,5.0,2.0,2.0,0.0,0.0,38.0,41.0,0.9999997500000624,1.4999996250000938,0.399999960000004,18.0,2026-02-13,1
2026-02-13 18:14:44.336,0.0,1.0,5.0,19.0,3.0,3.0,0.0,0.0,30.0,61.0,0.1666666388888935,3.999999333333444,0.0,31.0,2026-02-13,0
2026-02-13 18:14:45.341,0.0,3.0,4.0,7.0,0.0,4.0,0.0,0.0,35.0,75.0,0.7499998125000469,2.749999312500172,0.0,18.0,2026-02-13,1
2026-02-13 18:14:46.353,0.0,0.0,1.0,4.0,1.0,2.0,0.0,1.0,40.0,80.0,0.0,1.666666111111296,0.0,9.0,2026-02-13,0
2026-02-13 18:14:47.356,0.0,2.0,1.0,0.0,4.0,5.0,1.0,1.0,54.0,70.0,0.2222221975308669,0.1111110987654334,0.0,14.0,2026-02-13,0
2026-02-13 18:14:48.363,0.0,2.0,5.0,4.0,4.0,2.0,0.0,0.0,56.0,61.0,0.333333277777787,1.4999997500000417,0.0,17.0,2026-02-13,0
2026-02-13 18:14:49.367,0.0,3.0,2.0,4.0,1.0,2.0,0.0,1.0,53.0,56.0,0.9999996666667778,1.9999993333335555,0.0,13.0,2026-02-13,0
2026-02-13 18:14:50.371,3.0,8.0,5.0,17.0,14.0,1.0,1.0,1.0,35.0,50.0,0.5333332977777802,1.4666665688888956,0.0810810788897005,50.0,2026-02-13,0
2026-02-13 18:14:51.381,7.0,5.0,8.0,4.0,11.0,1.0,0.0,0.0,13.0,60.0,0.4166666319444473,0.9999999166666736,0.2916666545138894,36.0,2026-02-13,1
2026-02-13 18:14:52.383,1.0,2.0,3.0,1.0,1.0,1.0,0.0,1.0,13.0,54.0,0.99999950000025,1.9999990000005,0.1666666388888935,10.0,2026-02-13,0
2026-02-13 18:14:53.393,0.0,1.0,5.0,1.0,5.0,1.0,0.0,1.0,13.0,57.0,0.1666666388888935,0.9999998333333612,0.0,14.0,2026-02-13,0
2026-02-13 18:14:54.396,0.0,3.0,3.0,14.0,4.0,2.0,1.0,1.0,24.0,66.0,0.4999999166666805,2.83333286111119,0.0,28.0,2026-02-13,0
2026-02-13 18:14:55.403,0.0,1.0,4.0,3.0,4.0,1.0,1.0,2.0,30.0,74.0,0.199999960000008,1.399999720000056,0.0,16.0,2026-02-13,0
2026-02-13 18:14:56.408,1.0,1.0,1.0,4.0,12.0,2.0,1.0,0.0,38.0,69.0,0.0714285663265309,0.3571428316326549,0.0526315761772854,22.0,2026-02-13,0
2026-02-13 18:14:57.413,0.0,2.0,9.0,4.0,4.0,1.0,1.0,0.0,30.0,75.0,0.399999920000016,2.599999480000104,0.0,21.0,2026-02-13,0
2026-02-13 18:14:58.418,0.0,2.0,0.0,1.0,1.0,3.0,0.0,0.0,43.0,60.0,0.4999998750000312,0.2499999375000156,0.0,7.0,2026-02-13,0
2026-02-13 18:14:59.423,1.0,0.0,2.0,4.0,3.0,2.0,0.0,2.0,50.0,60.0,0.0,1.199999760000048,0.0909090826446288,14.0,2026-02-13,0
2026-02-13 18:15:00.437,6.0,3.0,6.0,6.0,3.0,3.0,0.0,0.0,43.0,67.0,0.4999999166666805,1.999999666666722,0.3333333148148158,27.0,2026-02-13,0
2026-02-13 18:15:01.451,1.0,0.0,1.0,1.0,0.0,0.0,0.0,0.0,43.0,64.0,0.0,2000000.0,0.499999750000125,3.0,2026-02-13,0
2026-02-13 18:15:02.454,6.0,24.0,5.0,1.0,3.0,1.0,0.0,1.0,17.0,57.0,5.999998500000375,1.4999996250000938,0.599999940000006,41.0,2026-02-13,1
2026-02-13 18:15:03.458,3.0,4.0,3.0,5.0,1.0,1.0,1.0,0.0,7.0,51.0,1.9999990000005,3.999998000001,0.299999970000003,18.0,2026-02-13,1
2026-02-13 18:15:04.464,2.0,5.0,1.0,3.0,2.0,2.0,0.0,0.0,7.0,38.0,1.249999687500078,0.9999997500000624,0.2499999687500039,15.0,2026-02-13,1
2026-02-13 18:15:05.466,5.0,1.0,1.0,0.0,0.0,0.0,0.0,0.0,10.0,29.0,1000000.0,1000000.0,4.999995000005001,7.0,2026-02-13,1
2026-02-13 18:15:06.470,2.0,1.0,2.0,4.0,2.0,1.0,0.0,1.0,27.0,48.0,0.3333332222222592,1.9999993333335555,0.2222221975308669,13.0,2026-02-13,0
2026-02-13 18:15:07.472,1.0,2.0,4.0,6.0,1.0,1.0,0.0,0.0,29.0,56.0,0.99999950000025,4.99999750000125,0.0833333263888894,15.0,2026-02-13,0
2026-02-13 18:15:08.475,0.0,0.0,1.0,2.0,2.0,1.0,0.0,1.0,37.0,67.0,0.0,0.9999996666667778,0.0,7.0,2026-02-13,0
2026-02-13 18:15:09.482,4.0,2.0,1.0,7.0,1.0,1.0,1.0,1.0,34.0,74.0,0.99999950000025,3.999998000001,0.399999960000004,18.0,2026-02-13,1
2026-02-13 18:15:10.498,9.0,3.0,2.0,4.0,1.0,2.0,0.0,0.0,29.0,64.0,0.9999996666667778,1.9999993333335555,0.9999998888889012,21.0,2026-02-13,1
2026-02-13 18:15:11.502,2.0,2.0,0.0,2.0,2.0,3.0,1.0,0.0,35.0,56.0,0.399999920000016,0.399999920000016,0.285714244897965,12.0,2026-02-13,0
2026-02-13 18:15:12.503,1.0,1.0,1.0,2.0,1.0,2.0,0.0,0.0,43.0,53.0,0.3333332222222592,0.9999996666667778,0.1666666388888935,8.0,2026-02-13,0
2026-02-13 18:15:13.506,0.0,1.0,1.0,1.0,2.0,3.0,1.0,0.0,60.0,48.0,0.199999960000008,0.399999920000016,0.0,9.0,2026-02-13,0
2026-02-13 18:15:14.511,1.0,2.0,2.0,4.0,2.0,3.0,0.0,0.0,64.0,51.0,0.399999920000016,1.199999760000048,0.0909090826446288,14.0,2026-02-13,0
2026-02-13 18:15:15.519,0.0,0.0,0.0,1.0,2.0,1.0,1.0,0.0,64.0,54.0,0.0,0.3333332222222592,0.0,5.0,2026-02-13,0
2026-02-13 18:15:16.528,0.0,1.0,0.0,0.0,2.0,2.0,0.0,1.0,74.0,43.0,0.2499999375000156,0.0,0.0,6.0,2026-02-13,0
2026-02-13 18:15:17.530,0.0,5.0,2.0,5.0,2.0,2.0,0.0,0.0,60.0,41.0,1.249999687500078,1.7499995625001092,0.0,16.0,2026-02-13,0
2026-02-13 18:15:18.534,0.0,1.0,1.0,4.0,2.0,2.0,1.0,0.0,60.0,41.0,0.2499999375000156,1.249999687500078,0.0,11.0,2026-02-13,0
2026-02-13 18:15:19.541,0.0,2.0,2.0,5.0,2.0,1.0,0.0,1.0,48.0,47.0,0.6666664444445185,2.333332555555814,0.0,13.0,2026-02-13,0
2026-02-13 18:15:20.545,0.0,0.0,0.0,4.0,5.0,2.0,1.0,1.0,43.0,60.0,0.0,0.57142848979593,0.0,13.0,2026-02-13,0
2026-02-13 18:15:21.549,2.0,2.0,5.0,3.0,1.0,2.0,0.0,1.0,44.0,69.0,0.6666664444445185,2.666665777778074,0.1818181652892577,16.0,2026-02-13,0
2026-02-13 18:15:22.551,0.0,0.0,1.0,3.0,3.0,4.0,0.0,0.0,53.0,69.0,0.0,0.57142848979593,0.0,11.0,2026-02-13,0
2026-02-13 18:15:23.556,0.0,3.0,1.0,5.0,2.0,1.0,0.0,1.0,50.0,66.0,0.9999996666667778,1.9999993333335555,0.0,13.0,2026-02-13,0
2026-02-13 18:15:24.571,3.0,0.0,0.0,1.0,0.0,0.0,0.0,0.0,35.0,70.0,0.0,1000000.0,2.9999970000030003,4.0,2026-02-13,1
2026-02-13 18:15:25.576,1.0,4.0,3.0,1.0,3.0,2.0,0.0,0.0,34.0,57.0,0.799999840000032,0.799999840000032,0.1111110987654334,14.0,2026-02-13,0
2026-02-13 18:15:26.580,1.0,3.0,1.0,4.0,5.0,3.0,0.0,0.0,26.0,50.0,0.3749999531250059,0.6249999218750099,0.0769230710059176,17.0,2026-02-13,0
2026-02-13 18:15:27.584,1.0,2.0,1.0,2.0,8.0,4.0,0.0,1.0,41.0,44.0,0.1666666527777789,0.2499999791666684,0.0666666622222225,19.0,2026-02-13,0
2026-02-13 18:15:28.590,0.0,2.0,2.0,1.0,2.0,2.0,1.0,0.0,53.0,37.0,0.4999998750000312,0.7499998125000469,0.0,10.0,2026-02-13,0
2026-02-13 18:15:29.597,1.0,2.0,2.0,3.0,2.0,1.0,1.0,1.0,54.0,41.0,0.6666664444445185,1.666666111111296,0.1249999843750019,13.0,2026-02-13,0
2026-02-13 18:15:30.599,0.0,3.0,7.0,10.0,6.0,0.0,1.0,1.0,37.0,53.0,0.4999999166666805,2.83333286111119,0.0,28.0,2026-02-13,0
2026-02-13 18:15:31.607,0.0,1.0,2.0,1.0,1.0,2.0,0.0,1.0,35.0,63.0,0.3333332222222592,0.9999996666667778,0.0,8.0,2026-02-13,0
2026-02-13 18:15:32.615,0.0,2.0,0.0,1.0,3.0,0.0,1.0,1.0,29.0,53.0,0.6666664444445185,0.3333332222222592,0.0,8.0,2026-02-13,0
2026-02-13 18:15:33.628,0.0,3.0,1.0,1.0,0.0,2.0,0.0,0.0,29.0,47.0,1.499999250000375,0.99999950000025,0.0,7.0,2026-02-13,1
2026-02-13 18:15:34.643,0.0,0.0,3.0,1.0,18.0,1.0,0.0,2.0,44.0,37.0,0.0,0.2105263047091418,0.0,25.0,2026-02-13,0
2026-02-13 18:15:35.648,0.0,1.0,8.0,8.0,5.0,3.0,0.0,1.0,40.0,43.0,0.1249999843750019,1.9999997500000315,0.0,26.0,2026-02-13,0
2026-02-13 18:15:36.653,1.0,0.0,9.0,0.0,1.0,0.0,0.0,0.0,34.0,75.0,0.0,8.999991000009,0.099999990000001,11.0,2026-02-13,1
2026-02-13 18:15:37.657,2.0,4.0,7.0,3.0,10.0,3.0,0.0,0.0,30.0,80.0,0.3076922840236705,0.7692307100591762,0.0869565179584122,29.0,2026-02-13,1
2026-02-13 18:15:38.665,1.0,2.0,1.0,4.0,1.0,1.0,0.0,1.0,29.0,84.0,0.99999950000025,2.499998750000625,0.1428571224489825,11.0,2026-02-13,1
2026-02-13 18:15:39.675,11.0,2.0,2.0,27.0,8.0,5.0,0.0,1.0,29.0,84.0,0.1538461420118352,2.230769059171611,0.2619047556689344,56.0,2026-02-13,1
2026-02-13 18:15:40.682,5.0,6.0,1.0,6.0,4.0,3.0,0.0,1.0,38.0,60.0,0.857142734693895,0.9999998571428776,0.3571428316326549,26.0,2026-02-13,0
2026-02-13 18:15:41.688,0.0,7.0,3.0,9.0,0.0,1.0,0.0,0.0,27.0,60.0,6.9999930000070005,11.999988000012,0.0,20.0,2026-02-13,1
2026-02-13 18:15:42.694,0.0,2.0,5.0,1.0,3.0,0.0,0.0,0.0,20.0,64.0,0.6666664444445185,1.9999993333335555,0.0,11.0,2026-02-13,0
2026-02-13 18:15:43.696,0.0,1.0,4.0,2.0,3.0,2.0,0.0,1.0,21.0,60.0,0.199999960000008,1.199999760000048,0.0,13.0,2026-02-13,0
2026-02-13 18:15:44.703,0.0,3.0,5.0,4.0,7.0,2.0,0.0,0.0,21.0,67.0,0.3333332962963004,0.9999998888889012,0.0,21.0,2026-02-13,0
2026-02-13 18:15:45.707,2.0,3.0,6.0,10.0,8.0,2.0,0.0,0.0,24.0,75.0,0.299999970000003,1.5999998400000162,0.0769230739644971,31.0,2026-02-13,1
2026-02-13 18:15:46.710,3.0,1.0,0.0,0.0,0.0,0.0,0.0,0.0,27.0,60.0,1000000.0,0.0,3000000.0,4.0,2026-02-13,1
2026-02-13 18:15:47.718,0.0,1.0,2.0,4.0,2.0,1.0,0.0,1.0,27.0,56.0,0.3333332222222592,1.9999993333335555,0.0,11.0,2026-02-13,0
2026-02-13 18:15:48.722,1.0,1.0,1.0,2.0,6.0,2.0,0.0,1.0,34.0,53.0,0.1249999843750019,0.3749999531250059,0.0909090826446288,14.0,2026-02-13,0
2026-02-13 18:15:49.737,0.0,2.0,6.0,14.0,2.0,2.0,0.0,2.0,37.0,60.0,0.4999998750000312,4.999998750000312,0.0,28.0,2026-02-13,0
2026-02-13 18:15:50.738,0.0,1.0,1.0,1.0,3.0,2.0,1.0,1.0,47.0,64.0,0.199999960000008,0.399999920000016,0.0,10.0,2026-02-13,0
2026-02-13 18:15:51.741,5.0,2.0,0.0,6.0,8.0,6.0,1.0,0.0,57.0,57.0,0.1428571326530619,0.4285713979591858,0.2499999875000006,28.0,2026-02-13,0
2026-02-13 18:15:52.747,0.0,2.0,10.0,12.0,7.0,1.0,0.0,0.0,43.0,69.0,0.2499999687500039,2.749999656250043,0.0,32.0,2026-02-13,0
2026-02-13 18:15:53.753,4.0,3.0,23.0,10.0,1.0,4.0,1.0,1.0,40.0,70.0,0.599999880000024,6.599998680000264,0.1052631551246538,47.0,2026-02-13,1
2026-02-13 18:15:54.766,0.0,3.0,2.0,6.0,1.0,1.0,0.0,1.0,27.0,78.0,1.499999250000375,3.999998000001,0.0,14.0,2026-02-13,1
2026-02-13 18:15:55.771,49.0,6.0,5.0,10.0,4.0,2.0,0.0,0.0,10.0,83.0,0.9999998333333612,2.4999995833334028,2.3333332222222274,76.0,2026-02-13,1
2026-02-13 18:15:56.780,4.0,4.0,8.0,11.0,18.0,5.0,1.0,1.0,20.0,75.0,0.1739130359168245,0.8260869206049165,0.0952380929705216,52.0,2026-02-13,1
2026-02-13 18:15:57.786,4.0,5.0,10.0,2.0,13.0,2.0,0.0,0.0,17.0,61.0,0.3333333111111126,0.7999999466666703,0.1481481426611799,36.0,2026-02-13,1
2026-02-13 18:15:58.792,0.0,3.0,5.0,7.0,15.0,2.0,0.0,0.0,24.0,57.0,0.1764705778546718,0.7058823114186875,0.0,32.0,2026-02-13,0
2026-02-13 18:15:59.794,17.0,3.0,10.0,3.0,2.0,1.0,0.0,0.0,21.0,66.0,0.9999996666667778,4.33333188888937,1.0624999335937542,36.0,2026-02-13,1
2026-02-13 18:16:00.800,0.0,1.0,2.0,4.0,2.0,1.0,1.0,0.0,21.0,70.0,0.3333332222222592,1.9999993333335555,0.0,11.0,2026-02-13,1
2026-02-13 18:16:01.808,3.0,0.0,1.0,2.0,1.0,0.0,0.0,0.0,29.0,80.0,0.0,2.9999970000030003,0.7499998125000469,7.0,2026-02-13,1
2026-02-13 18:16:02.810,1.0,2.0,7.0,4.0,5.0,0.0,0.0,0.0,21.0,84.0,0.399999920000016,2.199999560000088,0.0624999960937502,19.0,2026-02-13,0
2026-02-13 18:16:03.815,0.0,3.0,9.0,14.0,1.0,4.0,0.0,1.0,29.0,88.0,0.599999880000024,4.599999080000184,0.0,32.0,2026-02-13,1
2026-02-13 18:16:04.817,0.0,1.0,2.0,1.0,0.0,2.0,0.0,1.0,30.0,87.0,0.499999750000125,1.499999250000375,0.0,7.0,2026-02-13,1
2026-02-13 18:16:05.820,0.0,4.0,13.0,4.0,5.0,1.0,0.0,0.0,21.0,81.0,0.6666665555555741,2.83333286111119,0.0,27.0,2026-02-13,1
2026-02-13 18:16:06.822,12.0,7.0,1.0,17.0,1.0,4.0,0.0,1.0,29.0,78.0,1.399999720000056,3.599999280000144,0.5217391077504736,43.0,2026-02-13,1
2026-02-13 18:16:07.827,17.0,9.0,7.0,19.0,7.0,3.0,0.0,1.0,24.0,67.0,0.8999999100000091,2.599999740000026,0.4722222091049387,63.0,2026-02-13,1
2026-02-13 18:16:08.829,4.0,2.0,8.0,24.0,6.0,2.0,1.0,0.0,14.0,77.0,0.2499999687500039,3.999999500000063,0.0999999975,47.0,2026-02-13,1
2026-02-13 18:16:09.841,9.0,2.0,1.0,9.0,1.0,5.0,2.0,0.0,29.0,74.0,0.333333277777787,1.666666388888935,0.5624999648437522,29.0,2026-02-13,1
2026-02-13 18:16:10.841,24.0,2.0,3.0,6.0,7.0,1.0,0.0,0.0,29.0,74.0,0.2499999687500039,1.1249998593750177,1.411764622837375,43.0,2026-02-13,1
2026-02-13 18:16:11.843,0.0,1.0,5.0,2.0,2.0,2.0,0.0,1.0,38.0,80.0,0.2499999375000156,1.7499995625001092,0.0,13.0,2026-02-13,0
2026-02-13 18:16:12.849,0.0,2.0,4.0,1.0,0.0,1.0,1.0,0.0,41.0,69.0,1.999998000002,4.999995000005001,0.0,9.0,2026-02-13,0
2026-02-13 18:16:13.858,1.0,5.0,12.0,5.0,5.0,1.0,0.0,0.0,23.0,70.0,0.8333331944444675,2.83333286111119,0.0434782589792061,29.0,2026-02-13,1
2026-02-13 18:16:14.867,0.0,2.0,5.0,3.0,4.0,2.0,1.0,0.0,24.0,70.0,0.333333277777787,1.3333331111111482,0.0,17.0,2026-02-13,0
2026-02-13 18:16:15.868,0.0,1.0,1.0,7.0,0.0,1.0,0.0,1.0,21.0,75.0,0.999999000001,7.999992000008,0.0,11.0,2026-02-13,1
2026-02-13 18:16:16.871,0.0,1.0,3.0,1.0,1.0,3.0,0.0,0.0,30.0,74.0,0.2499999375000156,0.9999997500000624,0.0,9.0,2026-02-13,1
2026-02-13 18:16:17.872,0.0,1.0,2.0,2.0,5.0,4.0,0.0,0.0,53.0,64.0,0.1111110987654334,0.4444443950617339,0.0,14.0,2026-02-13,0
2026-02-13 18:16:18.882,0.0,1.0,1.0,3.0,1.0,6.0,0.0,0.0,66.0,63.0,0.1428571224489825,0.57142848979593,0.0,12.0,2026-02-13,0
2026-02-13 18:16:19.887,0.0,1.0,0.0,18.0,1.0,2.0,0.0,1.0,64.0,66.0,0.3333332222222592,5.999998000000667,0.0,23.0,2026-02-13,0
2026-02-13 18:16:20.892,0.0,3.0,4.0,4.0,1.0,1.0,0.0,1.0,54.0,67.0,1.499999250000375,3.999998000001,0.0,14.0,2026-02-13,0
2026-02-13 18:16:21.899,3.0,17.0,7.0,8.0,9.0,3.0,0.0,2.0,37.0,63.0,1.416666548611121,1.249999895833342,0.1111111069958849,49.0,2026-02-13,0
2026-02-13 18:16:22.902,2.0,2.0,4.0,1.0,25.0,2.0,1.0,1.0,24.0,53.0,0.0740740713305899,0.1851851783264748,0.062499998046875,38.0,2026-02-13,0
2026-02-13 18:16:23.903,0.0,3.0,6.0,2.0,2.0,2.0,0.0,0.0,24.0,41.0,0.7499998125000469,1.999999500000125,0.0,15.0,2026-02-13,1
2026-02-13 18:16:24.904,0.0,0.0,0.0,6.0,11.0,5.0,0.0,0.0,40.0,35.0,0.0,0.3749999765625014,0.0,22.0,2026-02-13,0
2026-02-13 18:16:25.910,0.0,4.0,3.0,3.0,4.0,0.0,0.0,0.0,40.0,37.0,0.9999997500000624,1.4999996250000938,0.0,14.0,2026-02-13,0
2026-02-13 18:16:26.914,3.0,2.0,3.0,2.0,2.0,1.0,0.0,0.0,37.0,48.0,0.6666664444445185,1.666666111111296,0.3749999531250059,13.0,2026-02-13,0
2026-02-13 18:16:27.922,3.0,0.0,2.0,3.0,1.0,1.0,0.0,0.0,43.0,54.0,0.0,2.499998750000625,0.4285713673469475,10.0,2026-02-13,0
2026-02-13 18:16:28.927,0.0,2.0,2.0,3.0,3.0,0.0,0.0,0.0,26.0,60.0,0.6666664444445185,1.666666111111296,0.0,10.0,2026-02-13,0
2026-02-13 18:16:29.931,1.0,0.0,3.0,4.0,5.0,2.0,0.0,0.0,40.0,69.0,0.0,0.9999998571428776,0.0714285663265309,15.0,2026-02-13,0
2026-02-13 18:16:30.937,1.0,3.0,0.0,5.0,3.0,2.0,0.0,0.0,40.0,64.0,0.599999880000024,0.99999980000004,0.099999990000001,14.0,2026-02-13,0
2026-02-13 18:16:31.951,1.0,1.0,6.0,2.0,4.0,4.0,0.0,0.0,43.0,60.0,0.1249999843750019,0.9999998750000156,0.0624999960937502,18.0,2026-02-13,0
2026-02-13 18:16:32.960,1.0,2.0,14.0,16.0,2.0,1.0,0.0,1.0,40.0,78.0,0.6666664444445185,9.999996666667776,0.0303030293847566,37.0,2026-02-13,0
2026-02-13 18:16:33.970,2.0,2.0,1.0,2.0,2.0,0.0,0.0,0.0,24.0,66.0,0.99999950000025,1.499999250000375,0.399999920000016,9.0,2026-02-13,0
2026-02-13 18:16:34.985,3.0,6.0,2.0,2.0,1.0,2.0,0.0,1.0,21.0,63.0,1.9999993333335555,1.333332888889037,0.4285713673469475,17.0,2026-02-13,1
2026-02-13 18:16:36.000,1.0,1.0,0.0,5.0,6.0,1.0,0.0,1.0,16.0,54.0,0.1428571224489825,0.7142856122449125,0.0833333263888894,15.0,2026-02-13,0
2026-02-13 18:16:37.014,5.0,1.0,0.0,1.0,0.0,0.0,0.0,0.0,21.0,30.0,1000000.0,1000000.0,4.999995000005001,7.0,2026-02-13,1
2026-02-13 18:16:38.021,1.0,1.0,6.0,3.0,3.0,1.0,0.0,1.0,26.0,44.0,0.2499999375000156,2.2499994375001404,0.0769230710059176,16.0,2026-02-13,0
2026-02-13 18:16:39.029,2.0,2.0,5.0,1.0,2.0,4.0,1.0,0.0,37.0,56.0,0.333333277777787,0.9999998333333612,0.1666666527777789,17.0,2026-02-13,0
2026-02-13 18:16:40.034,2.0,3.0,10.0,2.0,3.0,1.0,0.0,1.0,27.0,64.0,0.7499998125000469,2.9999992500001875,0.1249999921875004,22.0,2026-02-13,1
2026-02-13 18:16:41.040,0.0,3.0,6.0,8.0,11.0,2.0,0.0,1.0,26.0,66.0,0.2307692130177528,1.0769229940828466,0.0,31.0,2026-02-13,0
2026-02-13 18:16:42.048,4.0,2.0,1.0,1.0,0.0,0.0,0.0,0.0,4.0,63.0,2000000.0,2000000.0,1.9999990000005,8.0,2026-02-13,1
2026-02-13 18:16:43.054,0.0,3.0,0.0,2.0,2.0,1.0,0.0,0.0,13.0,47.0,0.9999996666667778,0.6666664444445185,0.0,8.0,2026-02-13,1
2026-02-13 18:16:44.063,0.0,1.0,2.0,10.0,2.0,2.0,1.0,0.0,17.0,53.0,0.2499999375000156,2.9999992500001875,0.0,18.0,2026-02-13,0
2026-02-13 18:16:45.067,0.0,3.0,1.0,3.0,7.0,2.0,1.0,0.0,21.0,44.0,0.3333332962963004,0.4444443950617339,0.0,17.0,2026-02-13,0
2026-02-13 18:16:46.070,1.0,4.0,1.0,2.0,4.0,4.0,1.0,0.0,43.0,35.0,0.4999999375000079,0.3749999531250059,0.0909090826446288,17.0,2026-02-13,0
2026-02-13 18:16:47.077,0.0,0.0,1.0,3.0,2.0,2.0,0.0,1.0,51.0,50.0,0.0,0.9999997500000624,0.0,9.0,2026-02-13,0
2026-02-13 18:16:48.082,0.0,0.0,6.0,10.0,6.0,2.0,0.0,0.0,50.0,53.0,0.0,1.9999997500000315,0.0,24.0,2026-02-13,0
2026-02-13 18:16:49.087,0.0,2.0,1.0,4.0,20.0,1.0,0.0,0.0,50.0,50.0,0.095238090702948,0.2380952267573701,0.0,28.0,2026-02-13,0
2026-02-13 18:16:50.093,1.0,4.0,2.0,0.0,3.0,2.0,0.0,0.0,43.0,50.0,0.799999840000032,0.399999920000016,0.1428571224489825,12.0,2026-02-13,0
2026-02-13 18:16:51.101,1.0,5.0,5.0,4.0,2.0,2.0,0.0,0.0,30.0,41.0,1.249999687500078,2.2499994375001404,0.0769230710059176,19.0,2026-02-13,1
2026-02-13 18:16:52.110,0.0,3.0,4.0,3.0,2.0,2.0,0.0,1.0,34.0,27.0,0.7499998125000469,1.7499995625001092,0.0,15.0,2026-02-13,1
2026-02-13 18:16:53.115,38.0,7.0,6.0,7.0,2.0,3.0,0.0,0.0,29.0,37.0,1.399999720000056,2.599999480000104,2.111110993827167,63.0,2026-02-13,1
2026-02-13 18:16:54.117,0.0,0.0,2.0,1.0,0.0,0.0,0.0,0.0,27.0,56.0,0.0,3000000.0,0.0,3.0,2026-02-13,0
2026-02-13 18:16:55.132,6.0,2.0,1.0,7.0,2.0,1.0,0.0,0.0,26.0,61.0,0.6666664444445185,2.666665777778074,0.5454544958677732,19.0,2026-02-13,1
2026-02-13 18:16:56.137,0.0,0.0,2.0,2.0,1.0,2.0,0.0,0.0,34.0,67.0,0.0,1.333332888889037,0.0,7.0,2026-02-13,0
2026-02-13 18:16:57.141,1.0,1.0,0.0,1.0,1.0,0.0,0.0,0.0,35.0,64.0,0.999999000001,0.999999000001,0.499999750000125,4.0,2026-02-13,0
2026-02-13 18:16:58.147,1.0,5.0,3.0,4.0,7.0,3.0,0.0,0.0,40.0,50.0,0.499999950000005,0.699999930000007,0.0588235259515572,23.0,2026-02-13,0
2026-02-13 18:16:59.152,2.0,3.0,2.0,3.0,4.0,0.0,1.0,0.0,35.0,44.0,0.7499998125000469,1.249999687500078,0.2222221975308669,15.0,2026-02-13,1
2026-02-13 18:17:00.159,2.0,2.0,4.0,0.0,1.0,2.0,0.0,0.0,30.0,38.0,0.6666664444445185,1.333332888889037,0.285714244897965,11.0,2026-02-13,0
2026-02-13 18:17:01.162,0.0,2.0,0.0,3.0,2.0,2.0,0.0,0.0,37.0,35.0,0.4999998750000312,0.7499998125000469,0.0,9.0,2026-02-13,0
2026-02-13 18:17:02.167,0.0,1.0,1.0,1.0,2.0,1.0,0.0,1.0,37.0,37.0,0.3333332222222592,0.6666664444445185,0.0,7.0,2026-02-13,0
2026-02-13 18:17:03.169,0.0,5.0,5.0,4.0,2.0,1.0,0.0,1.0,35.0,37.0,1.666666111111296,2.9999990000003334,0.0,18.0,2026-02-13,1
2026-02-13 18:17:04.169,1.0,3.0,8.0,4.0,2.0,1.0,0.0,0.0,26.0,41.0,0.9999996666667778,3.999998666667111,0.0666666622222225,19.0,2026-02-13,1
2026-02-13 18:17:05.176,1.0,2.0,5.0,3.0,4.0,0.0,1.0,0.0,11.0,54.0,0.4999998750000312,1.999999500000125,0.0833333263888894,16.0,2026-02-13,0
2026-02-13 18:17:06.181,1.0,2.0,10.0,3.0,2.0,1.0,0.0,0.0,4.0,69.0,0.6666664444445185,4.33333188888937,0.0624999960937502,19.0,2026-02-13,0
2026-02-13 18:17:07.183,5.0,15.0,8.0,13.0,9.0,5.0,0.0,0.0,11.0,67.0,1.0714284948979649,1.4999998928571503,0.1428571387755103,55.0,2026-02-13,1
2026-02-13 18:17:08.198,3.0,2.0,3.0,15.0,2.0,4.0,1.0,1.0,17.0,70.0,0.333333277777787,2.9999995000000834,0.1249999947916668,31.0,2026-02-13,0
2026-02-13 18:17:09.200,1.0,3.0,0.0,6.0,0.0,2.0,0.0,1.0,29.0,64.0,1.499999250000375,2.99999850000075,0.1249999843750019,13.0,2026-02-13,1
2026-02-13 18:17:10.215,0.0,1.0,0.0,2.0,2.0,1.0,0.0,0.0,35.0,47.0,0.3333332222222592,0.6666664444445185,0.0,6.0,2026-02-13,0
2026-02-13 18:17:11.229,1.0,2.0,7.0,6.0,3.0,1.0,0.0,0.0,30.0,60.0,0.4999998750000312,3.2499991875002032,0.0588235259515572,20.0,2026-02-13,0
2026-02-13 18:17:12.230,0.0,3.0,3.0,5.0,4.0,2.0,0.0,1.0,29.0,51.0,0.4999999166666805,1.3333331111111482,0.0,18.0,2026-02-13,0
2026-02-13 18:17:13.234,3.0,3.0,2.0,6.0,7.0,3.0,1.0,0.0,29.0,53.0,0.299999970000003,0.7999999200000081,0.1666666574074079,25.0,2026-02-13,0
2026-02-13 18:17:14.235,1.0,1.0,0.0,7.0,2.0,1.0,1.0,1.0,27.0,64.0,0.3333332222222592,2.333332555555814,0.099999990000001,14.0,2026-02-13,0
2026-02-13 18:17:15.251,1.0,3.0,2.0,2.0,2.0,2.0,0.0,0.0,40.0,51.0,0.7499998125000469,0.9999997500000624,0.1249999843750019,12.0,2026-02-13,0
2026-02-13 18:17:16.253,0.0,2.0,9.0,3.0,3.0,4.0,1.0,0.0,43.0,57.0,0.285714244897965,1.71428546938779,0.0,22.0,2026-02-13,0
2026-02-13 18:17:17.267,0.0,1.0,0.0,4.0,1.0,3.0,1.0,1.0,50.0,57.0,0.2499999375000156,0.9999997500000624,0.0,11.0,2026-02-13,0
2026-02-13 18:17:18.267,0.0,1.0,3.0,3.0,2.0,1.0,0.0,1.0,48.0,57.0,0.3333332222222592,1.9999993333335555,0.0,11.0,2026-02-13,0
2026-02-13 18:17:19.268,1.0,3.0,2.0,3.0,4.0,1.0,0.0,0.0,41.0,60.0,0.599999880000024,0.99999980000004,0.099999990000001,14.0,2026-02-13,0
2026-02-13 18:17:20.283,0.0,1.0,11.0,3.0,6.0,0.0,0.0,0.0,24.0,64.0,0.1666666388888935,2.333332944444509,0.0,21.0,2026-02-13,0
2026-02-13 18:17:21.297,1.0,1.0,0.0,2.0,1.0,0.0,0.0,0.0,11.0,61.0,0.999999000001,1.999998000002,0.3333332222222592,5.0,2026-02-13,0
2026-02-13 18:17:22.304,2.0,4.0,2.0,6.0,6.0,3.0,0.0,1.0,13.0,53.0,0.4444443950617339,0.8888887901234679,0.1176470519031145,24.0,2026-02-13,0
2026-02-13 18:17:23.307,1.0,0.0,3.0,6.0,2.0,1.0,0.0,1.0,14.0,70.0,0.0,2.9999990000003334,0.0833333263888894,14.0,2026-02-13,1
2026-02-13 18:17:24.317,0.0,1.0,0.0,8.0,3.0,0.0,0.0,0.0,24.0,63.0,0.3333332222222592,2.666665777778074,0.0,12.0,2026-02-13,0
2026-02-13 18:17:25.319,0.0,1.0,1.0,3.0,2.0,1.0,0.0,0.0,34.0,69.0,0.3333332222222592,1.333332888889037,0.0,8.0,2026-02-13,0
2026-02-13 18:17:26.323,0.0,1.0,4.0,1.0,4.0,0.0,1.0,0.0,26.0,75.0,0.2499999375000156,1.249999687500078,0.0,11.0,2026-02-13,1
2026-02-13 18:17:27.327,0.0,1.0,0.0,23.0,5.0,2.0,0.0,0.0,24.0,70.0,0.1428571224489825,3.2857138163265978,0.0,31.0,2026-02-13,0
2026-02-13 18:17:28.332,2.0,4.0,1.0,5.0,14.0,2.0,0.0,0.0,29.0,60.0,0.2499999843750009,0.3749999765625014,0.0909090867768596,28.0,2026-02-13,0
2026-02-13 18:17:29.336,0.0,2.0,1.0,13.0,1.0,5.0,0.0,1.0,34.0,64.0,0.333333277777787,2.333332944444509,0.0,23.0,2026-02-13,0
2026-02-13 18:17:30.344,1.0,2.0,5.0,2.0,4.0,1.0,0.0,1.0,35.0,63.0,0.399999920000016,1.399999720000056,0.0833333263888894,16.0,2026-02-13,0
2026-02-13 18:17:31.349,1.0,4.0,3.0,5.0,24.0,2.0,1.0,0.0,37.0,47.0,0.1538461479289943,0.3076922958579886,0.0294117638408304,40.0,2026-02-13,0
2026-02-13 18:17:32.355,0.0,1.0,8.0,6.0,3.0,1.0,0.0,1.0,29.0,69.0,0.2499999375000156,3.4999991250002185,0.0,20.0,2026-02-13,0
2026-02-13 18:17:33.360,0.0,3.0,8.0,6.0,4.0,1.0,1.0,1.0,17.0,69.0,0.599999880000024,2.799999440000112,0.0,24.0,2026-02-13,0
2026-02-13 18:17:34.366,13.0,14.0,6.0,9.0,4.0,2.0,0.0,1.0,10.0,61.0,2.333332944444509,2.4999995833334028,0.6190475895691624,49.0,2026-02-13,1
2026-02-13 18:17:35.380,6.0,7.0,4.0,3.0,5.0,1.0,0.0,1.0,3.0,61.0,1.1666664722222546,1.1666664722222546,0.4615384260355057,27.0,2026-02-13,1
2026-02-13 18:17:36.381,4.0,3.0,9.0,34.0,11.0,2.0,1.0,0.0,1.0,56.0,0.2307692130177528,3.3076920532544576,0.0714285701530612,64.0,2026-02-13,1
2026-02-13 18:17:37.382,38.0,4.0,2.0,3.0,3.0,1.0,0.0,1.0,1.0,44.0,0.9999997500000624,1.249999687500078,4.2222217530864725,52.0,2026-02-13,1
2026-02-13 18:17:38.389,1.0,4.0,1.0,10.0,1.0,1.0,0.0,0.0,8.0,51.0,1.9999990000005,5.499997250001375,0.0769230710059176,18.0,2026-02-13,1
2026-02-13 18:17:39.395,0.0,1.0,0.0,2.0,1.0,0.0,0.0,1.0,16.0,60.0,0.999999000001,1.999998000002,0.0,5.0,2026-02-13,0
2026-02-13 18:17:40.397,9.0,9.0,6.0,1.0,4.0,3.0,0.0,1.0,23.0,43.0,1.2857141020408425,0.9999998571428776,0.6428570969387788,33.0,2026-02-13,1
2026-02-13 18:17:41.411,0.0,1.0,1.0,7.0,6.0,3.0,0.0,0.0,34.0,50.0,0.1111110987654334,0.8888887901234679,0.0,18.0,2026-02-13,0
2026-02-13 18:17:42.417,1.0,2.0,5.0,2.0,4.0,3.0,0.0,0.0,41.0,51.0,0.285714244897965,0.9999998571428776,0.0714285663265309,17.0,2026-02-13,0
2026-02-13 18:17:43.423,4.0,2.0,5.0,3.0,4.0,5.0,0.0,0.0,50.0,53.0,0.2222221975308669,0.8888887901234679,0.2352941038062291,23.0,2026-02-13,0
2026-02-13 18:17:44.428,2.0,3.0,7.0,4.0,3.0,2.0,0.0,0.0,51.0,64.0,0.599999880000024,2.199999560000088,0.1249999921875004,21.0,2026-02-13,0
2026-02-13 18:17:45.431,1.0,1.0,2.0,2.0,9.0,1.0,0.0,0.0,48.0,57.0,0.099999990000001,0.399999960000004,0.0714285663265309,16.0,2026-02-13,0
2026-02-13 18:17:46.445,0.0,0.0,8.0,5.0,2.0,2.0,0.0,1.0,44.0,70.0,0.0,3.2499991875002032,0.0,18.0,2026-02-13,0
2026-02-13 18:17:47.447,25.0,3.0,6.0,5.0,2.0,2.0,1.0,0.0,35.0,75.0,0.7499998125000469,2.749999312500172,1.666666555555563,44.0,2026-02-13,1
2026-02-13 18:17:48.454,4.0,4.0,7.0,3.0,1.0,3.0,1.0,1.0,35.0,70.0,0.9999997500000624,2.499999375000156,0.2857142653061239,24.0,2026-02-13,1
2026-02-13 18:17:49.470,11.0,3.0,11.0,20.0,6.0,1.0,0.0,1.0,23.0,88.0,0.4285713673469475,4.428570795918458,0.289473676592798,53.0,2026-02-13,1
2026-02-13 18:17:50.470,4.0,1.0,4.0,13.0,5.0,1.0,0.0,1.0,16.0,83.0,0.1666666388888935,2.83333286111119,0.1739130359168245,29.0,2026-02-13,1
2026-02-13 18:17:51.471,1.0,0.0,0.0,2.0,2.0,0.0,0.0,0.0,21.0,74.0,0.0,0.99999950000025,0.2499999375000156,5.0,2026-02-13,1
2026-02-13 18:17:52.473,0.0,2.0,0.0,2.0,1.0,2.0,1.0,0.0,26.0,64.0,0.6666664444445185,0.6666664444445185,0.0,8.0,2026-02-13,0
2026-02-13 18:17:53.482,0.0,0.0,11.0,1.0,13.0,1.0,0.0,1.0,34.0,60.0,0.0,0.8571427959183717,0.0,27.0,2026-02-13,0
2026-02-13 18:17:54.490,1.0,1.0,2.0,8.0,10.0,2.0,0.0,1.0,40.0,53.0,0.0833333263888894,0.8333332638888947,0.0454545433884298,25.0,2026-02-13,0
2026-02-13 18:17:55.491,1.0,4.0,5.0,5.0,3.0,2.0,0.0,0.0,37.0,57.0,0.799999840000032,1.99999960000008,0.0666666622222225,20.0,2026-02-13,0
2026-02-13 18:17:56.509,10.0,1.0,1.0,0.0,1.0,0.0,0.0,0.0,26.0,66.0,0.999999000001,0.999999000001,4.99999750000125,13.0,2026-02-13,1
2026-02-13 18:17:57.525,0.0,0.0,1.0,1.0,1.0,0.0,0.0,0.0,34.0,63.0,0.0,1.999998000002,0.0,3.0,2026-02-13,0
2026-02-13 18:17:58.531,1.0,0.0,0.0,0.0,0.0,0.0,0.0,0.0,41.0,50.0,0.0,0.0,1000000.0,1.0,2026-02-13,0
2026-02-13 18:17:59.537,4.0,3.0,9.0,16.0,1.0,1.0,0.0,0.0,35.0,63.0,1.499999250000375,12.499993750003124,0.1481481426611799,34.0,2026-02-13,1
2026-02-13 18:18:00.543,2.0,1.0,0.0,0.0,1.0,1.0,0.0,0.0,47.0,53.0,0.499999750000125,0.0,0.99999950000025,5.0,2026-02-13,0
2026-02-13 18:18:01.546,0.0,2.0,1.0,6.0,3.0,1.0,0.0,1.0,44.0,51.0,0.4999998750000312,1.7499995625001092,0.0,14.0,2026-02-13,0
2026-02-13 18:18:02.552,0.0,3.0,2.0,0.0,3.0,1.0,0.0,0.0,35.0,53.0,0.7499998125000469,0.4999998750000312,0.0,9.0,2026-02-13,1
2026-02-13 18:18:03.557,0.0,3.0,1.0,3.0,0.0,0.0,0.0,0.0,37.0,35.0,3000000.0,3000000.0,0.0,7.0,2026-02-13,1
2026-02-13 18:18:04.562,1.0,5.0,1.0,7.0,2.0,1.0,1.0,0.0,20.0,40.0,1.666666111111296,2.666665777778074,0.0909090826446288,18.0,2026-02-13,1
2026-02-13 18:18:05.565,0.0,5.0,2.0,8.0,4.0,1.0,0.0,1.0,16.0,35.0,0.99999980000004,1.99999960000008,0.0,21.0,2026-02-13,0
2026-02-13 18:18:06.580,1.0,3.0,1.0,3.0,1.0,1.0,0.0,0.0,16.0,38.0,1.499999250000375,1.9999990000005,0.1666666388888935,10.0,2026-02-13,1
2026-02-13 18:18:07.587,1.0,3.0,3.0,4.0,5.0,1.0,0.0,0.0,21.0,41.0,0.4999999166666805,1.1666664722222546,0.0769230710059176,17.0,2026-02-13,0
2026-02-13 18:18:08.593,0.0,4.0,6.0,12.0,3.0,1.0,0.0,0.0,21.0,50.0,0.9999997500000624,4.499998875000281,0.0,26.0,2026-02-13,1
2026-02-13 18:18:09.599,0.0,7.0,4.0,5.0,1.0,1.0,0.0,0.0,20.0,48.0,3.499998250000875,4.499997750001125,0.0,18.0,2026-02-13,1
2026-02-13 18:18:10.607,1.0,1.0,0.0,2.0,1.0,0.0,0.0,1.0,17.0,47.0,0.999999000001,1.999998000002,0.3333332222222592,6.0,2026-02-13,0
2026-02-13 18:18:11.613,0.0,3.0,2.0,3.0,2.0,2.0,0.0,1.0,21.0,44.0,0.7499998125000469,1.249999687500078,0.0,13.0,2026-02-13,1
2026-02-13 18:18:12.614,1.0,4.0,4.0,2.0,3.0,1.0,0.0,0.0,24.0,35.0,0.9999997500000624,1.4999996250000938,0.099999990000001,15.0,2026-02-13,1
2026-02-13 18:18:13.630,0.0,2.0,2.0,3.0,4.0,1.0,1.0,0.0,30.0,38.0,0.399999920000016,0.99999980000004,0.0,13.0,2026-02-13,0
2026-02-13 18:18:14.634,0.0,1.0,0.0,0.0,2.0,0.0,0.0,1.0,37.0,30.0,0.499999750000125,0.0,0.0,4.0,2026-02-13,0
2026-02-13 18:18:15.637,0.0,2.0,3.0,1.0,9.0,2.0,0.0,0.0,40.0,29.0,0.1818181652892577,0.3636363305785154,0.0,17.0,2026-02-13,0
2026-02-13 18:18:16.639,0.0,2.0,3.0,4.0,2.0,2.0,1.0,0.0,44.0,34.0,0.4999998750000312,1.7499995625001092,0.0,14.0,2026-02-13,0
2026-02-13 18:18:17.642,1.0,4.0,5.0,10.0,4.0,1.0,1.0,1.0,37.0,40.0,0.799999840000032,2.99999940000012,0.0499999975000001,27.0,2026-02-13,0
2026-02-13 18:18:18.656,51.0,5.0,5.0,10.0,8.0,1.0,0.0,0.0,23.0,50.0,0.5555554938271674,1.6666664814815022,2.124999911458337,80.0,2026-02-13,1
2026-02-13 18:18:19.663,6.0,2.0,7.0,5.0,3.0,2.0,1.0,0.0,21.0,63.0,0.399999920000016,2.399999520000096,0.3529411557093437,26.0,2026-02-13,0
2026-02-13 18:18:20.676,2.0,2.0,8.0,8.0,10.0,0.0,0.0,0.0,13.0,69.0,0.199999980000002,1.5999998400000162,0.0769230739644971,30.0,2026-02-13,0
2026-02-13 18:18:21.678,26.0,4.0,7.0,11.0,18.0,2.0,0.0,0.0,16.0,69.0,0.1999999900000005,0.8999999550000022,0.6842105083102499,68.0,2026-02-13,1
2026-02-13 18:18:22.693,2.0,2.0,1.0,1.0,1.0,1.0,0.0,0.0,13.0,54.0,0.99999950000025,0.99999950000025,0.4999998750000312,8.0,2026-02-13,0
2026-02-13 18:18:23.696,2.0,0.0,1.0,4.0,3.0,1.0,0.0,0.0,20.0,60.0,0.0,1.249999687500078,0.2222221975308669,11.0,2026-02-13,0
2026-02-13 18:18:24.704,1.0,6.0,1.0,2.0,3.0,1.0,0.0,0.0,24.0,38.0,1.4999996250000938,0.7499998125000469,0.1428571224489825,14.0,2026-02-13,1
2026-02-13 18:18:25.706,3.0,1.0,3.0,0.0,1.0,0.0,0.0,0.0,29.0,41.0,0.999999000001,2.9999970000030003,0.7499998125000469,8.0,2026-02-13,0
2026-02-13 18:18:26.711,1.0,2.0,0.0,2.0,2.0,1.0,0.0,2.0,35.0,43.0,0.6666664444445185,0.6666664444445185,0.199999960000008,10.0,2026-02-13,0
2026-02-13 18:18:27.715,2.0,4.0,6.0,4.0,4.0,1.0,0.0,0.0,23.0,38.0,0.799999840000032,1.99999960000008,0.133333324444445,21.0,2026-02-13,0
2026-02-13 18:18:28.730,2.0,2.0,2.0,0.0,1.0,2.0,0.0,0.0,35.0,47.0,0.6666664444445185,0.6666664444445185,0.399999920000016,9.0,2026-02-13,0
2026-02-13 18:18:29.732,1.0,3.0,0.0,3.0,2.0,1.0,0.0,1.0,35.0,30.0,0.9999996666667778,0.9999996666667778,0.1666666388888935,11.0,2026-02-13,1
2026-02-13 18:18:30.738,0.0,3.0,0.0,4.0,1.0,0.0,0.0,0.0,26.0,30.0,2.9999970000030003,3.999996000004,0.0,8.0,2026-02-13,1
2026-02-13 18:18:31.740,1.0,5.0,5.0,21.0,4.0,4.0,0.0,0.0,34.0,38.0,0.6249999218750099,3.249999593750051,0.0294117638408304,40.0,2026-02-13,0
2026-02-13 18:18:32.754,1.0,3.0,3.0,12.0,1.0,1.0,0.0,1.0,21.0,50.0,1.499999250000375,7.499996250001875,0.0588235259515572,22.0,2026-02-13,1
2026-02-13 18:18:33.755,1.0,1.0,1.0,3.0,3.0,1.0,0.0,0.0,23.0,60.0,0.2499999375000156,0.9999997500000624,0.1249999843750019,10.0,2026-02-13,0
2026-02-13 18:18:34.763,0.0,2.0,4.0,2.0,1.0,3.0,0.0,1.0,37.0,67.0,0.4999998750000312,1.4999996250000938,0.0,13.0,2026-02-13,0
2026-02-13 18:18:35.766,2.0,1.0,0.0,1.0,3.0,1.0,0.0,0.0,44.0,54.0,0.2499999375000156,0.2499999375000156,0.399999920000016,8.0,2026-02-13,0
2026-02-13 18:18:36.781,0.0,2.0,7.0,3.0,3.0,2.0,0.0,1.0,51.0,54.0,0.399999920000016,1.99999960000008,0.0,18.0,2026-02-13,0
2026-02-13 18:18:37.794,0.0,4.0,1.0,1.0,0.0,1.0,0.0,0.0,47.0,41.0,3.999996000004,1.999998000002,0.0,7.0,2026-02-13,1
2026-02-13 18:18:38.796,2.0,1.0,1.0,1.0,0.0,2.0,0.0,0.0,48.0,40.0,0.499999750000125,0.99999950000025,0.4999998750000312,7.0,2026-02-13,0
2026-02-13 18:18:39.797,2.0,1.0,2.0,1.0,4.0,1.0,0.0,0.0,43.0,48.0,0.199999960000008,0.599999880000024,0.2499999687500039,11.0,2026-02-13,0
2026-02-13 18:18:40.809,1.0,4.0,1.0,2.0,1.0,3.0,0.0,1.0,50.0,34.0,0.9999997500000624,0.7499998125000469,0.1428571224489825,13.0,2026-02-13,0
2026-02-13 18:18:41.823,1.0,4.0,2.0,2.0,2.0,3.0,0.0,0.0,54.0,37.0,0.799999840000032,0.799999840000032,0.1111110987654334,14.0,2026-02-13,0
2026-02-13 18:18:42.824,1.0,2.0,3.0,10.0,10.0,2.0,0.0,0.0,48.0,40.0,0.1666666527777789,1.083333243055563,0.0399999984,28.0,2026-02-13,0
2026-02-13 18:18:43.840,0.0,1.0,0.0,3.0,2.0,1.0,0.0,0.0,51.0,34.0,0.3333332222222592,0.9999996666667778,0.0,7.0,2026-02-13,0
2026-02-13 18:18:44.844,2.0,2.0,1.0,1.0,2.0,2.0,0.0,0.0,53.0,30.0,0.4999998750000312,0.4999998750000312,0.333333277777787,10.0,2026-02-13,0
2026-02-13 18:18:45.845,1.0,1.0,3.0,5.0,9.0,2.0,0.0,0.0,56.0,43.0,0.0909090826446288,0.7272726611570308,0.0526315761772854,21.0,2026-02-13,0
2026-02-13 18:18:46.846,0.0,2.0,3.0,5.0,3.0,1.0,0.0,0.0,54.0,43.0,0.4999998750000312,1.999999500000125,0.0,14.0,2026-02-13,0
2026-02-13 18:18:47.859,3.0,0.0,3.0,0.0,1.0,1.0,0.0,0.0,56.0,53.0,0.0,1.499999250000375,0.599999880000024,8.0,2026-02-13,0
2026-02-13 18:18:48.863,1.0,2.0,2.0,13.0,4.0,3.0,1.0,0.0,51.0,70.0,0.285714244897965,2.1428568367347376,0.0454545433884298,26.0,2026-02-13,0
2026-02-13 18:18:49.867,6.0,2.0,1.0,7.0,2.0,2.0,0.0,0.0,47.0,70.0,0.4999998750000312,1.999999500000125,0.4999999583333368,20.0,2026-02-13,1
2026-02-13 18:18:50.868,2.0,2.0,9.0,6.0,2.0,1.0,0.0,0.0,41.0,77.0,0.6666664444445185,4.999998333333888,0.1111111049382719,22.0,2026-02-13,0
2026-02-13 18:18:51.885,3.0,0.0,0.0,0.0,0.0,0.0,0.0,0.0,40.0,69.0,0.0,0.0,3000000.0,3.0,2026-02-13,0
2026-02-13 18:18:52.889,2.0,5.0,5.0,7.0,3.0,2.0,0.0,1.0,37.0,64.0,0.99999980000004,2.399999520000096,0.1176470519031145,25.0,2026-02-13,0
2026-02-13 18:18:53.893,3.0,5.0,1.0,49.0,21.0,3.0,1.0,1.0,26.0,69.0,0.2083333246527781,2.0833332465277814,0.0405405399926954,84.0,2026-02-13,0
2026-02-13 18:18:54.908,4.0,6.0,0.0,10.0,6.0,2.0,0.0,0.0,29.0,54.0,0.7499999062500118,1.2499998437500195,0.2222222098765439,28.0,2026-02-13,1
2026-02-13 18:18:55.922,0.0,2.0,3.0,5.0,2.0,5.0,0.0,0.0,37.0,60.0,0.285714244897965,1.14285697959186,0.0,17.0,2026-02-13,0
2026-02-13 18:18:56.928,2.0,1.0,1.0,4.0,2.0,4.0,0.0,1.0,50.0,60.0,0.1666666388888935,0.8333331944444675,0.1818181652892577,15.0,2026-02-13,0
2026-02-13 18:18:57.931,12.0,5.0,4.0,8.0,5.0,2.0,0.0,0.0,53.0,51.0,0.7142856122449125,1.71428546938779,0.6315789141274255,36.0,2026-02-13,0
2026-02-13 18:18:58.936,4.0,2.0,2.0,2.0,0.0,2.0,0.0,0.0,60.0,56.0,0.99999950000025,1.9999990000005,0.6666665555555741,12.0,2026-02-13,0
2026-02-13 18:18:59.951,1.0,2.0,3.0,0.0,2.0,1.0,0.0,0.0,50.0,53.0,0.6666664444445185,0.9999996666667778,0.1666666388888935,9.0,2026-02-13,0
2026-02-13 18:19:00.953,6.0,3.0,2.0,5.0,3.0,1.0,0.0,1.0,30.0,50.0,0.7499998125000469,1.7499995625001092,0.5454544958677732,21.0,2026-02-13,1
2026-02-13 18:19:01.965,2.0,3.0,1.0,3.0,8.0,1.0,0.0,0.0,30.0,41.0,0.3333332962963004,0.4444443950617339,0.1538461420118352,18.0,2026-02-13,0
2026-02-13 18:19:02.970,1.0,4.0,1.0,1.0,0.0,1.0,0.0,1.0,24.0,29.0,3.999996000004,1.999998000002,0.3333332222222592,9.0,2026-02-13,1
2026-02-13 18:19:03.983,0.0,2.0,0.0,0.0,1.0,0.0,0.0,1.0,23.0,17.0,1.999998000002,0.0,0.0,4.0,2026-02-13,0
2026-02-13 18:19:04.997,0.0,2.0,1.0,0.0,1.0,2.0,1.0,0.0,35.0,11.0,0.6666664444445185,0.3333332222222592,0.0,7.0,2026-02-13,0
2026-02-13 18:19:06.011,7.0,2.0,1.0,7.0,9.0,2.0,0.0,1.0,41.0,16.0,0.1818181652892577,0.7272726611570308,0.3684210332409982,29.0,2026-02-13,0
2026-02-13 18:19:07.021,1.0,1.0,2.0,1.0,1.0,1.0,0.0,1.0,51.0,30.0,0.499999750000125,1.499999250000375,0.199999960000008,8.0,2026-02-13,0
2026-02-13 18:19:08.025,0.0,3.0,1.0,2.0,2.0,1.0,0.0,0.0,51.0,37.0,0.9999996666667778,0.9999996666667778,0.0,9.0,2026-02-13,0
2026-02-13 18:19:09.026,0.0,2.0,4.0,1.0,1.0,0.0,0.0,0.0,37.0,48.0,1.999998000002,4.999995000005001,0.0,8.0,2026-02-13,0
2026-02-13 18:19:10.029,0.0,1.0,1.0,0.0,2.0,1.0,0.0,0.0,38.0,47.0,0.3333332222222592,0.3333332222222592,0.0,5.0,2026-02-13,0
2026-02-13 18:19:11.038,0.0,1.0,1.0,6.0,8.0,1.0,1.0,1.0,30.0,44.0,0.1111110987654334,0.7777776913580343,0.0,19.0,2026-02-13,0
2026-02-13 18:19:12.050,9.0,14.0,0.0,1.0,9.0,1.0,1.0,0.0,20.0,29.0,1.399999860000014,0.099999990000001,0.8181817438016598,35.0,2026-02-13,1
2026-02-13 18:19:13.065,5.0,3.0,3.0,5.0,2.0,2.0,0.0,0.0,29.0,29.0,0.7499998125000469,1.999999500000125,0.4166666319444473,20.0,2026-02-13,1
2026-02-13 18:19:14.079,2.0,3.0,1.0,7.0,10.0,1.0,0.0,1.0,23.0,34.0,0.2727272479338866,0.7272726611570308,0.1052631523545709,25.0,2026-02-13,0
2026-02-13 18:19:15.081,0.0,1.0,0.0,0.0,1.0,1.0,0.0,0.0,30.0,26.0,0.499999750000125,0.0,0.0,3.0,2026-02-13,0
2026-02-13 18:19:16.082,1.0,1.0,0.0,0.0,0.0,2.0,0.0,1.0,54.0,41.0,0.499999750000125,0.0,0.499999750000125,5.0,2026-02-13,0
2026-02-13 18:19:17.083,1.0,1.0,1.0,4.0,3.0,1.0,0.0,0.0,57.0,44.0,0.2499999375000156,1.249999687500078,0.1111110987654334,11.0,2026-02-13,0
2026-02-13 18:19:18.098,0.0,2.0,1.0,3.0,1.0,2.0,0.0,0.0,67.0,44.0,0.6666664444445185,1.333332888889037,0.0,9.0,2026-02-13,0
2026-02-13 18:19:19.113,1.0,2.0,1.0,1.0,3.0,0.0,1.0,1.0,54.0,44.0,0.6666664444445185,0.6666664444445185,0.199999960000008,10.0,2026-02-13,0
2026-02-13 18:19:20.129,1.0,0.0,5.0,2.0,5.0,0.0,0.0,0.0,37.0,61.0,0.0,1.399999720000056,0.0833333263888894,13.0,2026-02-13,0
2026-02-13 18:19:21.144,1.0,2.0,3.0,0.0,2.0,1.0,0.0,0.0,29.0,56.0,0.6666664444445185,0.9999996666667778,0.1666666388888935,9.0,2026-02-13,0
2026-02-13 18:19:22.145,1.0,7.0,0.0,13.0,4.0,0.0,0.0,0.0,10.0,54.0,1.7499995625001092,3.2499991875002032,0.0588235259515572,25.0,2026-02-13,1
2026-02-13 18:19:23.150,1.0,0.0,4.0,14.0,8.0,1.0,0.0,1.0,8.0,74.0,0.0,1.9999997777778027,0.0370370356652949,29.0,2026-02-13,0
2026-02-13 18:19:24.153,1.0,1.0,1.0,0.0,2.0,1.0,0.0,0.0,23.0,60.0,0.3333332222222592,0.3333332222222592,0.2499999375000156,6.0,2026-02-13,0
2026-02-13 18:19:25.156,1.0,2.0,5.0,15.0,1.0,2.0,1.0,0.0,23.0,70.0,0.6666664444445185,6.666664444445185,0.0434782589792061,27.0,2026-02-13,1
2026-02-13 18:19:26.162,2.0,1.0,0.0,0.0,0.0,0.0,0.0,0.0,29.0,63.0,1000000.0,0.0,2000000.0,3.0,2026-02-13,1
2026-02-13 18:19:27.166,2.0,10.0,3.0,2.0,4.0,1.0,0.0,0.0,26.0,41.0,1.99999960000008,0.99999980000004,0.199999980000002,22.0,2026-02-13,0
2026-02-13 18:19:28.172,2.0,3.0,6.0,6.0,3.0,2.0,1.0,1.0,17.0,50.0,0.599999880000024,2.399999520000096,0.1176470519031145,24.0,2026-02-13,0
2026-02-13 18:19:29.179,0.0,4.0,6.0,6.0,2.0,3.0,1.0,0.0,20.0,43.0,0.799999840000032,2.399999520000096,0.0,22.0,2026-02-13,0
2026-02-13 18:19:30.187,7.0,3.0,14.0,4.0,1.0,1.0,0.0,1.0,17.0,64.0,1.499999250000375,8.99999550000225,0.3499999825000008,31.0,2026-02-13,1
2026-02-13 18:19:31.193,18.0,5.0,0.0,9.0,7.0,3.0,0.0,0.0,29.0,74.0,0.499999950000005,0.8999999100000091,0.9473683711911384,42.0,2026-02-13,1
2026-02-13 18:19:32.198,5.0,3.0,6.0,7.0,8.0,2.0,0.0,1.0,29.0,69.0,0.299999970000003,1.299999870000013,0.2173912948960306,32.0,2026-02-13,1
2026-02-13 18:19:33.203,22.0,3.0,0.0,5.0,3.0,1.0,0.0,0.0,29.0,61.0,0.7499998125000469,1.249999687500078,2.4444441728395367,34.0,2026-02-13,1
2026-02-13 18:19:34.209,2.0,4.0,3.0,10.0,2.0,3.0,1.0,0.0,40.0,54.0,0.799999840000032,2.599999480000104,0.1111111049382719,25.0,2026-02-13,0
2026-02-13 18:19:35.219,0.0,4.0,3.0,2.0,2.0,2.0,0.0,0.0,37.0,53.0,0.9999997500000624,1.249999687500078,0.0,13.0,2026-02-13,0
2026-02-13 18:19:36.222,2.0,2.0,15.0,5.0,17.0,1.0,0.0,0.0,27.0,57.0,0.1111111049382719,1.1111110493827194,0.0526315775623269,42.0,2026-02-13,0
2026-02-13 18:19:37.228,0.0,3.0,4.0,4.0,5.0,1.0,0.0,1.0,26.0,63.0,0.4999999166666805,1.3333331111111482,0.0,18.0,2026-02-13,0
2026-02-13 18:19:38.231,0.0,1.0,0.0,4.0,2.0,2.0,0.0,0.0,29.0,60.0,0.2499999375000156,0.9999997500000624,0.0,9.0,2026-02-13,0
2026-02-13 18:19:39.234,0.0,1.0,4.0,3.0,16.0,2.0,0.0,0.0,34.0,61.0,0.0555555524691359,0.3888888672839518,0.0,26.0,2026-02-13,0
2026-02-13 18:19:40.240,1.0,3.0,1.0,5.0,1.0,3.0,1.0,1.0,50.0,54.0,0.7499998125000469,1.4999996250000938,0.099999990000001,16.0,2026-02-13,0
2026-02-13 18:19:41.245,2.0,1.0,1.0,2.0,1.0,0.0,0.0,1.0,50.0,54.0,0.999999000001,2.9999970000030003,0.4999998750000312,8.0,2026-02-13,0
2026-02-13 18:19:42.252,5.0,4.0,12.0,7.0,2.0,1.0,0.0,0.0,29.0,74.0,1.333332888889037,6.333331222222926,0.2272727169421492,31.0,2026-02-13,1
2026-02-13 18:19:43.262,41.0,4.0,3.0,17.0,7.0,4.0,0.0,1.0,23.0,78.0,0.3636363305785154,1.8181816528925767,1.3225806024973998,77.0,2026-02-13,1
2026-02-13 18:19:44.268,3.0,3.0,13.0,7.0,8.0,0.0,0.0,0.0,10.0,84.0,0.3749999531250059,2.4999996875000394,0.1071428533163266,34.0,2026-02-13,1
2026-02-13 18:19:45.273,1.0,5.0,3.0,3.0,5.0,3.0,0.0,0.0,16.0,70.0,0.6249999218750099,0.7499999062500118,0.0714285663265309,20.0,2026-02-13,1
2026-02-13 18:19:46.281,1.0,2.0,7.0,1.0,3.0,3.0,0.0,0.0,29.0,66.0,0.333333277777787,1.3333331111111482,0.0714285663265309,17.0,2026-02-13,0
2026-02-13 18:19:47.286,1.0,4.0,1.0,3.0,2.0,1.0,0.0,0.0,24.0,56.0,1.333332888889037,1.333332888889037,0.1428571224489825,12.0,2026-02-13,1
2026-02-13 18:19:48.295,0.0,3.0,6.0,15.0,4.0,1.0,0.0,1.0,27.0,57.0,0.599999880000024,4.199999160000168,0.0,30.0,2026-02-13,0
2026-02-13 18:19:49.304,0.0,5.0,2.0,2.0,6.0,2.0,0.0,0.0,26.0,54.0,0.6249999218750099,0.4999999375000079,0.0,17.0,2026-02-13,0
2026-02-13 18:19:50.313,9.0,2.0,1.0,17.0,11.0,1.0,0.0,0.0,14.0,54.0,0.1666666527777789,1.4999998750000103,0.2999999900000003,41.0,2026-02-13,0
2026-02-13 18:19:51.320,2.0,1.0,2.0,2.0,3.0,0.0,0.0,0.0,1.0,60.0,0.3333332222222592,1.333332888889037,0.285714244897965,10.0,2026-02-13,0
2026-02-13 18:19:52.325,1.0,7.0,4.0,2.0,3.0,1.0,0.0,0.0,8.0,48.0,1.7499995625001092,1.4999996250000938,0.099999990000001,18.0,2026-02-13,1
2026-02-13 18:19:53.330,0.0,1.0,1.0,5.0,10.0,2.0,1.0,1.0,11.0,54.0,0.0833333263888894,0.4999999583333368,0.0,21.0,2026-02-13,0
2026-02-13 18:19:54.335,1.0,1.0,6.0,4.0,2.0,2.0,0.0,0.0,23.0,57.0,0.2499999375000156,2.499999375000156,0.0714285663265309,16.0,2026-02-13,0
2026-02-13 18:19:55.337,2.0,1.0,2.0,3.0,2.0,1.0,0.0,0.0,43.0,61.0,0.3333332222222592,1.666666111111296,0.2499999687500039,11.0,2026-02-13,0
2026-02-13 18:19:56.341,17.0,1.0,2.0,6.0,3.0,2.0,0.0,0.0,53.0,74.0,0.199999960000008,1.599999680000064,1.3076922071005996,31.0,2026-02-13,0
2026-02-13 18:19:57.349,8.0,10.0,0.0,20.0,3.0,1.0,0.0,1.0,37.0,74.0,2.499999375000156,4.999998750000312,0.333333319444445,43.0,2026-02-13,1
2026-02-13 18:19:58.359,2.0,2.0,2.0,1.0,2.0,3.0,0.0,1.0,44.0,60.0,0.399999920000016,0.599999880000024,0.2499999687500039,13.0,2026-02-13,0
2026-02-13 18:19:59.363,3.0,6.0,1.0,0.0,1.0,2.0,0.0,0.0,41.0,41.0,1.9999993333335555,0.3333332222222592,0.7499998125000469,13.0,2026-02-13,0
2026-02-13 18:20:00.363,1.0,10.0,4.0,16.0,1.0,2.0,0.0,0.0,30.0,35.0,3.3333322222225923,6.666664444445185,0.0434782589792061,34.0,2026-02-13,1
2026-02-13 18:20:01.369,1.0,14.0,0.0,6.0,8.0,3.0,1.0,1.0,38.0,23.0,1.272727157024804,0.5454544958677732,0.0588235259515572,34.0,2026-02-13,0
2026-02-13 18:20:02.386,0.0,4.0,1.0,9.0,1.0,1.0,0.0,0.0,27.0,27.0,1.9999990000005,4.99999750000125,0.0,16.0,2026-02-13,1
2026-02-13 18:20:03.389,0.0,2.0,0.0,1.0,1.0,0.0,0.0,0.0,27.0,40.0,1.999998000002,0.999999000001,0.0,4.0,2026-02-13,0
2026-02-13 18:20:04.395,0.0,2.0,2.0,4.0,5.0,2.0,0.0,0.0,40.0,37.0,0.285714244897965,0.857142734693895,0.0,15.0,2026-02-13,0
2026-02-13 18:20:05.398,0.0,1.0,9.0,2.0,2.0,3.0,1.0,0.0,48.0,60.0,0.199999960000008,2.199999560000088,0.0,18.0,2026-02-13,0
2026-02-13 18:20:06.404,0.0,2.0,2.0,17.0,6.0,4.0,1.0,2.0,53.0,67.0,0.199999980000002,1.899999810000019,0.0,34.0,2026-02-13,0
2026-02-13 18:20:07.405,0.0,7.0,1.0,7.0,4.0,1.0,0.0,0.0,50.0,66.0,1.399999720000056,1.599999680000064,0.0,20.0,2026-02-13,0
2026-02-13 18:20:08.408,2.0,1.0,7.0,9.0,3.0,1.0,0.0,0.0,43.0,83.0,0.2499999375000156,3.99999900000025,0.0999999950000002,23.0,2026-02-13,0
2026-02-13 18:20:09.414,15.0,2.0,7.0,4.0,1.0,2.0,0.0,0.0,38.0,81.0,0.6666664444445185,3.666665444444852,1.0714284948979649,31.0,2026-02-13,1
2026-02-13 18:20:10.422,5.0,4.0,7.0,0.0,3.0,0.0,0.0,1.0,26.0,75.0,1.333332888889037,2.333332555555814,0.499999950000005,20.0,2026-02-13,1
2026-02-13 18:20:11.430,0.0,1.0,0.0,3.0,3.0,2.0,0.0,0.0,41.0,78.0,0.199999960000008,0.599999880000024,0.0,9.0,2026-02-13,0
2026-02-13 18:20:12.436,0.0,3.0,2.0,2.0,1.0,2.0,0.0,0.0,48.0,61.0,0.9999996666667778,1.333332888889037,0.0,10.0,2026-02-13,0
2026-02-13 18:20:13.438,0.0,3.0,6.0,1.0,1.0,0.0,0.0,1.0,41.0,57.0,2.9999970000030003,6.9999930000070005,0.0,12.0,2026-02-13,1
2026-02-13 18:20:14.443,1.0,4.0,9.0,2.0,2.0,1.0,0.0,1.0,40.0,60.0,1.333332888889037,3.666665444444852,0.0714285663265309,20.0,2026-02-13,0
2026-02-13 18:20:15.454,1.0,1.0,2.0,2.0,2.0,2.0,0.0,0.0,37.0,63.0,0.2499999375000156,0.9999997500000624,0.1249999843750019,10.0,2026-02-13,0
2026-02-13 18:20:16.468,1.0,7.0,1.0,3.0,2.0,2.0,0.0,0.0,34.0,54.0,1.7499995625001092,0.9999997500000624,0.1249999843750019,16.0,2026-02-13,1
2026-02-13 18:20:17.471,1.0,5.0,3.0,3.0,9.0,1.0,0.0,0.0,38.0,44.0,0.499999950000005,0.599999940000006,0.0624999960937502,22.0,2026-02-13,0
2026-02-13 18:20:18.475,2.0,2.0,2.0,2.0,1.0,1.0,0.0,0.0,50.0,41.0,0.99999950000025,1.9999990000005,0.333333277777787,10.0,2026-02-13,0
2026-02-13 18:20:19.485,0.0,3.0,1.0,2.0,0.0,1.0,0.0,0.0,41.0,35.0,2.9999970000030003,2.9999970000030003,0.0,7.0,2026-02-13,1
2026-02-13 18:20:20.494,0.0,4.0,13.0,3.0,11.0,4.0,0.0,0.0,40.0,50.0,0.2666666488888901,1.0666665955555603,0.0,35.0,2026-02-13,0
2026-02-13 18:20:21.498,1.0,3.0,2.0,5.0,2.0,2.0,0.0,1.0,44.0,56.0,0.7499998125000469,1.7499995625001092,0.0909090826446288,16.0,2026-02-13,0
2026-02-13 18:20:22.514,2.0,11.0,7.0,2.0,0.0,0.0,0.0,0.0,26.0,51.0,3000000.0,3000000.0,0.2222221975308669,22.0,2026-02-13,1
2026-02-13 18:20:23.517,2.0,5.0,3.0,6.0,8.0,3.0,1.0,0.0,27.0,51.0,0.4545454132231443,0.8181817438016598,0.0999999950000002,28.0,2026-02-13,0
2026-02-13 18:20:24.520,2.0,2.0,1.0,1.0,3.0,1.0,0.0,0.0,29.0,41.0,0.4999998750000312,0.4999998750000312,0.333333277777787,10.0,2026-02-13,0
2026-02-13 18:20:25.527,23.0,3.0,5.0,6.0,2.0,1.0,1.0,1.0,24.0,44.0,0.9999996666667778,3.666665444444852,1.6428570255102126,42.0,2026-02-13,1
2026-02-13 18:20:26.529,2.0,0.0,0.0,2.0,0.0,0.0,0.0,0.0,37.0,51.0,0.0,2000000.0,0.99999950000025,4.0,2026-02-13,0
2026-02-13 18:20:27.538,0.0,3.0,2.0,3.0,3.0,2.0,0.0,0.0,37.0,54.0,0.599999880000024,0.99999980000004,0.0,13.0,2026-02-13,0
2026-02-13 18:20:28.546,2.0,3.0,0.0,7.0,3.0,1.0,0.0,0.0,34.0,60.0,0.7499998125000469,1.7499995625001092,0.1818181652892577,16.0,2026-02-13,1
2026-02-13 18:20:29.549,0.0,7.0,3.0,3.0,2.0,3.0,0.0,0.0,38.0,50.0,1.399999720000056,1.199999760000048,0.0,18.0,2026-02-13,0
2026-02-13 18:20:30.552,0.0,2.0,0.0,3.0,6.0,0.0,0.0,0.0,40.0,40.0,0.333333277777787,0.4999999166666805,0.0,11.0,2026-02-13,0
2026-02-13 18:20:31.555,3.0,0.0,0.0,2.0,0.0,0.0,0.0,0.0,41.0,51.0,0.0,2000000.0,1.499999250000375,5.0,2026-02-13,0
2026-02-13 18:20:32.563,0.0,3.0,2.0,1.0,1.0,0.0,0.0,0.0,38.0,50.0,2.9999970000030003,2.9999970000030003,0.0,7.0,2026-02-13,1
2026-02-13 18:20:33.577,0.0,2.0,6.0,0.0,4.0,1.0,0.0,2.0,35.0,57.0,0.399999920000016,1.199999760000048,0.0,15.0,2026-02-13,0
2026-02-13 18:20:34.591,2.0,2.0,1.0,1.0,6.0,1.0,0.0,0.0,41.0,57.0,0.285714244897965,0.285714244897965,0.2222221975308669,13.0,2026-02-13,0
2026-02-13 18:20:35.594,0.0,1.0,6.0,1.0,3.0,1.0,0.0,2.0,38.0,56.0,0.2499999375000156,1.7499995625001092,0.0,14.0,2026-02-13,0
2026-02-13 18:20:36.597,1.0,2.0,1.0,6.0,5.0,3.0,0.0,0.0,50.0,60.0,0.2499999687500039,0.8749998906250137,0.0666666622222225,18.0,2026-02-13,0
2026-02-13 18:20:37.605,2.0,2.0,6.0,5.0,3.0,2.0,0.0,1.0,50.0,63.0,0.399999920000016,2.199999560000088,0.1249999921875004,21.0,2026-02-13,0
2026-02-13 18:20:38.612,3.0,0.0,2.0,2.0,3.0,1.0,0.0,0.0,50.0,77.0,0.0,0.9999997500000624,0.3749999531250059,11.0,2026-02-13,0
2026-02-13 18:20:39.619,5.0,2.0,0.0,1.0,2.0,0.0,0.0,0.0,41.0,56.0,0.99999950000025,0.499999750000125,1.666666111111296,10.0,2026-02-13,0
2026-02-13 18:20:40.625,4.0,8.0,1.0,3.0,2.0,1.0,0.0,0.0,26.0,47.0,2.666665777778074,1.333332888889037,0.57142848979593,19.0,2026-02-13,1
2026-02-13 18:20:41.638,0.0,0.0,0.0,4.0,4.0,0.0,0.0,1.0,26.0,41.0,0.0,0.9999997500000624,0.0,9.0,2026-02-13,0
2026-02-13 18:20:42.645,3.0,1.0,3.0,4.0,7.0,1.0,0.0,0.0,23.0,40.0,0.1249999843750019,0.8749998906250137,0.1999999866666675,19.0,2026-02-13,0
2026-02-13 18:20:43.654,2.0,1.0,0.0,0.0,8.0,0.0,0.0,0.0,27.0,34.0,0.1249999843750019,0.0,0.2499999687500039,11.0,2026-02-13,0
2026-02-13 18:20:44.663,0.0,1.0,7.0,3.0,1.0,1.0,0.0,1.0,37.0,57.0,0.499999750000125,4.99999750000125,0.0,14.0,2026-02-13,0
2026-02-13 18:20:45.670,0.0,3.0,1.0,6.0,8.0,2.0,0.0,0.0,38.0,53.0,0.299999970000003,0.699999930000007,0.0,20.0,2026-02-13,0
2026-02-13 18:20:46.674,1.0,2.0,1.0,1.0,2.0,1.0,0.0,0.0,40.0,43.0,0.6666664444445185,0.6666664444445185,0.199999960000008,8.0,2026-02-13,0
2026-02-13 18:20:47.680,0.0,1.0,2.0,3.0,2.0,1.0,0.0,0.0,43.0,63.0,0.3333332222222592,1.666666111111296,0.0,9.0,2026-02-13,0
2026-02-13 18:20:48.687,0.0,4.0,1.0,2.0,4.0,1.0,0.0,0.0,44.0,43.0,0.799999840000032,0.599999880000024,0.0,12.0,2026-02-13,0
2026-02-13 18:20:49.694,5.0,7.0,1.0,9.0,1.0,1.0,0.0,0.0,35.0,43.0,3.499998250000875,4.99999750000125,0.4166666319444473,24.0,2026-02-13,1
2026-02-13 18:20:50.699,6.0,5.0,12.0,12.0,4.0,2.0,0.0,0.0,26.0,56.0,0.8333331944444675,3.999999333333444,0.1999999933333335,41.0,2026-02-13,1
2026-02-13 18:20:51.708,4.0,3.0,2.0,4.0,1.0,2.0,1.0,0.0,29.0,51.0,0.9999996666667778,1.9999993333335555,0.4444443950617339,17.0,2026-02-13,1
2026-02-13 18:20:52.722,1.0,3.0,1.0,2.0,4.0,1.0,0.0,1.0,29.0,50.0,0.599999880000024,0.599999880000024,0.1249999843750019,13.0,2026-02-13,0
2026-02-13 18:20:53.727,3.0,3.0,10.0,19.0,12.0,1.0,0.0,0.0,29.0,61.0,0.2307692130177528,2.230769059171611,0.0714285697278912,48.0,2026-02-13,0
2026-02-13 18:20:54.729,2.0,0.0,1.0,0.0,0.0,0.0,0.0,0.0,38.0,56.0,0.0,1000000.0,1.999998000002,3.0,2026-02-13,0
2026-02-13 18:20:55.737,3.0,4.0,10.0,10.0,10.0,2.0,1.0,1.0,30.0,61.0,0.3333333055555579,1.6666665277777897,0.0937499970703126,41.0,2026-02-13,0
2026-02-13 18:20:56.753,2.0,3.0,10.0,9.0,4.0,4.0,1.0,1.0,30.0,80.0,0.3749999531250059,2.374999703125037,0.0740740713305899,34.0,2026-02-13,1
2026-02-13 18:20:57.762,5.0,6.0,8.0,9.0,7.0,1.0,0.0,0.0,27.0,74.0,0.7499999062500118,2.124999734375033,0.1999999920000003,36.0,2026-02-13,1
2026-02-13 18:20:58.766,1.0,1.0,1.0,0.0,2.0,2.0,1.0,0.0,38.0,67.0,0.2499999375000156,0.2499999375000156,0.199999960000008,8.0,2026-02-13,0
2026-02-13 18:20:59.772,4.0,1.0,2.0,2.0,0.0,1.0,0.0,1.0,50.0,67.0,0.999999000001,3.999996000004,0.799999840000032,11.0,2026-02-13,0
2026-02-13 18:21:00.780,2.0,4.0,3.0,2.0,2.0,0.0,0.0,0.0,40.0,57.0,1.9999990000005,2.499998750000625,0.285714244897965,13.0,2026-02-13,0
2026-02-13 18:21:01.783,10.0,17.0,3.0,7.0,3.0,3.0,1.0,0.0,47.0,47.0,2.83333286111119,1.666666388888935,0.6249999609375024,44.0,2026-02-13,1
2026-02-13 18:21:02.785,16.0,3.0,9.0,6.0,9.0,1.0,0.0,0.0,27.0,53.0,0.299999970000003,1.4999998500000151,0.639999974400001,44.0,2026-02-13,1
2026-02-13 18:21:03.787,2.0,2.0,2.0,3.0,1.0,1.0,0.0,1.0,21.0,51.0,0.99999950000025,2.499998750000625,0.285714244897965,12.0,2026-02-13,0
2026-02-13 18:21:04.790,0.0,1.0,1.0,0.0,0.0,0.0,0.0,0.0,26.0,50.0,1000000.0,1000000.0,0.0,2.0,2026-02-13,1
2026-02-13 18:21:05.797,3.0,2.0,3.0,12.0,5.0,0.0,0.0,0.0,23.0,67.0,0.399999920000016,2.99999940000012,0.1499999925000003,25.0,2026-02-13,0
2026-02-13 18:21:06.803,1.0,1.0,6.0,10.0,1.0,1.0,0.0,0.0,21.0,77.0,0.499999750000125,7.999996000002,0.0555555524691359,20.0,2026-02-13,1
2026-02-13 18:21:07.809,7.0,7.0,1.0,3.0,3.0,1.0,0.0,1.0,16.0,63.0,1.7499995625001092,0.9999997500000624,0.8749998906250137,23.0,2026-02-13,1
2026-02-13 18:21:08.816,6.0,8.0,2.0,6.0,4.0,1.0,0.0,1.0,11.0,60.0,1.599999680000064,1.599999680000064,0.4615384260355057,28.0,2026-02-13,1
2026-02-13 18:21:09.828,2.0,1.0,1.0,5.0,3.0,2.0,1.0,0.0,23.0,53.0,0.199999960000008,1.199999760000048,0.1818181652892577,15.0,2026-02-13,0
2026-02-13 18:21:10.837,0.0,0.0,0.0,1.0,2.0,1.0,0.0,1.0,40.0,41.0,0.0,0.3333332222222592,0.0,5.0,2026-02-13,0
2026-02-13 18:21:11.843,1.0,3.0,1.0,4.0,6.0,2.0,0.0,0.0,48.0,44.0,0.3749999531250059,0.6249999218750099,0.0769230710059176,17.0,2026-02-13,0
2026-02-13 18:21:12.849,0.0,0.0,0.0,4.0,0.0,1.0,0.0,0.0,60.0,61.0,0.0,3.999996000004,0.0,5.0,2026-02-13,0
2026-02-13 18:21:13.856,3.0,1.0,2.0,1.0,2.0,1.0,1.0,0.0,57.0,61.0,0.3333332222222592,0.9999996666667778,0.4999999166666805,11.0,2026-02-13,0
2026-02-13 18:21:14.858,0.0,3.0,2.0,4.0,11.0,1.0,0.0,1.0,47.0,56.0,0.2499999791666684,0.4999999583333368,0.0,22.0,2026-02-13,0
2026-02-13 18:21:15.864,0.0,2.0,0.0,5.0,2.0,7.0,0.0,0.0,60.0,60.0,0.2222221975308669,0.5555554938271674,0.0,16.0,2026-02-13,0
2026-02-13 18:21:16.872,1.0,1.0,0.0,3.0,3.0,1.0,0.0,1.0,61.0,47.0,0.2499999375000156,0.7499998125000469,0.1428571224489825,10.0,2026-02-13,0
2026-02-13 18:21:17.888,0.0,3.0,3.0,1.0,2.0,0.0,0.0,0.0,60.0,51.0,1.499999250000375,1.9999990000005,0.0,9.0,2026-02-13,0
2026-02-13 18:21:18.895,0.0,1.0,5.0,1.0,1.0,2.0,0.0,0.0,48.0,64.0,0.3333332222222592,1.9999993333335555,0.0,10.0,2026-02-13,0
2026-02-13 18:21:19.899,1.0,3.0,3.0,5.0,2.0,1.0,0.0,0.0,41.0,67.0,0.9999996666667778,2.666665777778074,0.0909090826446288,15.0,2026-02-13,0
2026-02-13 18:21:20.903,1.0,2.0,4.0,22.0,1.0,1.0,0.0,0.0,30.0,78.0,0.99999950000025,12.99999350000325,0.0357142844387755,31.0,2026-02-13,1
2026-02-13 18:21:21.910,2.0,4.0,5.0,9.0,1.0,1.0,0.0,1.0,30.0,87.0,1.9999990000005,6.99999650000175,0.1249999921875004,23.0,2026-02-13,1
2026-02-13 18:21:22.918,2.0,4.0,4.0,14.0,9.0,4.0,1.0,0.0,29.0,81.0,0.3076922840236705,1.384615278106517,0.0645161269510926,38.0,2026-02-13,1
2026-02-13 18:21:23.925,1.0,2.0,0.0,3.0,2.0,1.0,1.0,0.0,35.0,77.0,0.6666664444445185,0.9999996666667778,0.1666666388888935,10.0,2026-02-13,1
2026-02-13 18:21:24.926,1.0,4.0,1.0,3.0,3.0,1.0,1.0,0.0,40.0,56.0,0.9999997500000624,0.9999997500000624,0.1249999843750019,14.0,2026-02-13,0
2026-02-13 18:21:25.931,1.0,4.0,4.0,5.0,4.0,3.0,1.0,1.0,50.0,50.0,0.57142848979593,1.2857141020408425,0.0624999960937502,23.0,2026-02-13,0
2026-02-13 18:21:26.938,2.0,0.0,0.0,3.0,0.0,0.0,0.0,0.0,40.0,53.0,0.0,3000000.0,0.6666664444445185,5.0,2026-02-13,0
2026-02-13 18:21:27.945,0.0,2.0,7.0,3.0,1.0,2.0,0.0,0.0,35.0,61.0,0.6666664444445185,3.3333322222225923,0.0,15.0,2026-02-13,0
2026-02-13 18:21:28.950,8.0,6.0,5.0,1.0,2.0,3.0,2.0,1.0,38.0,63.0,1.199999760000048,1.199999760000048,0.7272726611570308,28.0,2026-02-13,0
2026-02-13 18:21:29.953,5.0,1.0,1.0,3.0,4.0,0.0,0.0,0.0,30.0,63.0,0.2499999375000156,0.9999997500000624,0.6249999218750099,14.0,2026-02-13,1
2026-02-13 18:21:30.959,27.0,7.0,4.0,9.0,4.0,2.0,0.0,1.0,38.0,56.0,1.1666664722222546,2.166666305555616,1.4210525567867074,54.0,2026-02-13,0
2026-02-13 18:21:31.963,3.0,4.0,8.0,15.0,8.0,4.0,1.0,0.0,38.0,54.0,0.3333333055555579,1.916666506944458,0.0857142832653062,43.0,2026-02-13,0
2026-02-13 18:21:32.968,13.0,4.0,2.0,4.0,3.0,1.0,1.0,0.0,34.0,56.0,0.9999997500000624,1.4999996250000938,1.299999870000013,28.0,2026-02-13,1
2026-02-13 18:21:33.973,0.0,4.0,4.0,8.0,2.0,2.0,1.0,0.0,37.0,60.0,0.9999997500000624,2.9999992500001875,0.0,21.0,2026-02-13,0
2026-02-13 18:21:34.981,1.0,5.0,4.0,6.0,15.0,1.0,0.0,0.0,35.0,57.0,0.3124999804687512,0.6249999609375024,0.0384615369822485,32.0,2026-02-13,0
2026-02-13 18:21:35.986,0.0,2.0,4.0,6.0,2.0,1.0,0.0,0.0,30.0,60.0,0.6666664444445185,3.3333322222225923,0.0,15.0,2026-02-13,0
2026-02-13 18:21:36.994,1.0,6.0,7.0,2.0,1.0,1.0,0.0,0.0,27.0,61.0,2.99999850000075,4.499997750001125,0.0909090826446288,18.0,2026-02-13,1
2026-02-13 18:21:38.002,0.0,0.0,1.0,4.0,1.0,0.0,0.0,0.0,26.0,63.0,0.0,4.999995000005001,0.0,6.0,2026-02-13,0
2026-02-13 18:21:39.008,1.0,3.0,4.0,3.0,2.0,1.0,0.0,1.0,27.0,67.0,0.9999996666667778,2.333332555555814,0.099999990000001,15.0,2026-02-13,1
2026-02-13 18:21:40.016,5.0,12.0,5.0,7.0,2.0,1.0,1.0,1.0,20.0,54.0,3.999998666667111,3.999998666667111,0.3333333111111126,34.0,2026-02-13,1
2026-02-13 18:21:41.022,9.0,4.0,0.0,3.0,0.0,1.0,0.0,1.0,23.0,48.0,3.999996000004,2.9999970000030003,2.2499994375001404,18.0,2026-02-13,1
2026-02-13 18:21:42.024,3.0,0.0,1.0,0.0,2.0,0.0,0.0,0.0,21.0,43.0,0.0,0.499999750000125,0.9999996666667778,6.0,2026-02-13,0
2026-02-13 18:21:43.031,12.0,1.0,0.0,3.0,5.0,2.0,0.0,2.0,29.0,35.0,0.1428571224489825,0.4285713673469475,1.199999880000012,25.0,2026-02-13,0
2026-02-13 18:21:44.041,4.0,1.0,0.0,3.0,0.0,0.0,0.0,0.0,40.0,43.0,1000000.0,3000000.0,1.333332888889037,8.0,2026-02-13,1
2026-02-13 18:21:45.051,4.0,5.0,1.0,6.0,2.0,1.0,0.0,0.0,40.0,47.0,1.666666111111296,2.333332555555814,0.399999960000004,19.0,2026-02-13,1
2026-02-13 18:21:46.056,0.0,6.0,1.0,2.0,1.0,1.0,1.0,2.0,40.0,35.0,2.99999850000075,1.499999250000375,0.0,14.0,2026-02-13,1
2026-02-13 18:21:47.065,7.0,10.0,4.0,10.0,8.0,1.0,0.0,0.0,23.0,37.0,1.1111109876543348,1.5555553827160686,0.3043478128544429,40.0,2026-02-13,1
2026-02-13 18:21:48.068,7.0,3.0,5.0,16.0,1.0,2.0,0.0,0.0,21.0,43.0,0.9999996666667778,6.999997666667444,0.2916666545138894,34.0,2026-02-13,1
2026-02-13 18:21:49.085,0.0,3.0,6.0,4.0,7.0,0.0,1.0,1.0,16.0,51.0,0.4285713673469475,1.428571224489825,0.0,22.0,2026-02-13,0
2026-02-13 18:21:50.090,1.0,3.0,1.0,9.0,2.0,3.0,1.0,0.0,23.0,63.0,0.599999880000024,1.99999960000008,0.0666666622222225,20.0,2026-02-13,0
2026-02-13 18:21:51.100,0.0,0.0,1.0,16.0,8.0,1.0,0.0,0.0,29.0,78.0,0.0,1.888888679012369,0.0,26.0,2026-02-13,0
2026-02-13 18:21:52.102,0.0,1.0,1.0,3.0,2.0,5.0,0.0,0.0,47.0,67.0,0.1428571224489825,0.57142848979593,0.0,12.0,2026-02-13,0
2026-02-13 18:21:53.109,0.0,0.0,1.0,2.0,0.0,0.0,0.0,1.0,57.0,74.0,0.0,3000000.0,0.0,4.0,2026-02-13,0
2026-02-13 18:21:54.116,2.0,3.0,2.0,6.0,4.0,1.0,1.0,0.0,50.0,70.0,0.599999880000024,1.599999680000064,0.1538461420118352,19.0,2026-02-13,0
2026-02-13 18:21:55.121,3.0,7.0,6.0,3.0,2.0,2.0,0.0,1.0,48.0,57.0,1.7499995625001092,2.2499994375001404,0.2307692130177528,24.0,2026-02-13,0
2026-02-13 18:21:56.130,12.0,0.0,6.0,9.0,8.0,3.0,1.0,0.0,38.0,67.0,0.0,1.3636362396694328,0.4615384437869829,39.0,2026-02-13,0
2026-02-13 18:21:57.137,4.0,11.0,3.0,2.0,0.0,2.0,1.0,0.0,29.0,51.0,5.499997250001375,2.499998750000625,0.57142848979593,23.0,2026-02-13,1
2026-02-13 18:21:58.148,3.0,3.0,2.0,2.0,4.0,2.0,1.0,0.0,37.0,47.0,0.4999999166666805,0.6666665555555741,0.299999970000003,17.0,2026-02-13,0
2026-02-13 18:21:59.154,8.0,12.0,6.0,7.0,3.0,1.0,0.0,0.0,29.0,43.0,2.9999992500001875,3.2499991875002032,0.4705882076124583,37.0,2026-02-13,1
2026-02-13 18:22:00.158,7.0,4.0,0.0,3.0,3.0,2.0,0.0,1.0,26.0,24.0,0.799999840000032,0.599999880000024,0.8749998906250137,20.0,2026-02-13,1
2026-02-13 18:22:01.160,0.0,1.0,0.0,1.0,6.0,0.0,1.0,0.0,35.0,26.0,0.1666666388888935,0.1666666388888935,0.0,9.0,2026-02-13,0
2026-02-13 18:22:02.164,0.0,2.0,10.0,2.0,5.0,0.0,1.0,0.0,21.0,38.0,0.399999920000016,2.399999520000096,0.0,20.0,2026-02-13,0
2026-02-13 18:22:03.168,0.0,3.0,0.0,3.0,6.0,1.0,0.0,0.0,35.0,37.0,0.4285713673469475,0.4285713673469475,0.0,13.0,2026-02-13,0
2026-02-13 18:22:04.173,2.0,1.0,3.0,4.0,1.0,0.0,0.0,1.0,30.0,56.0,0.999999000001,6.9999930000070005,0.2499999687500039,12.0,2026-02-13,0
2026-02-13 18:22:05.189,6.0,6.0,0.0,6.0,2.0,1.0,0.0,0.0,27.0,57.0,1.9999993333335555,1.9999993333335555,0.6666665925926009,21.0,2026-02-13,1
2026-02-13 18:22:06.190,1.0,2.0,1.0,2.0,2.0,1.0,0.0,1.0,37.0,47.0,0.6666664444445185,0.9999996666667778,0.1666666388888935,10.0,2026-02-13,0
2026-02-13 18:22:07.196,1.0,3.0,1.0,14.0,1.0,1.0,0.0,0.0,29.0,60.0,1.499999250000375,7.499996250001875,0.0588235259515572,21.0,2026-02-13,1
2026-02-13 18:22:08.199,2.0,4.0,3.0,6.0,2.0,2.0,0.0,0.0,30.0,50.0,0.9999997500000624,2.2499994375001404,0.1538461420118352,19.0,2026-02-13,1
2026-02-13 18:22:09.201,9.0,1.0,1.0,6.0,6.0,0.0,0.0,0.0,21.0,57.0,0.1666666388888935,1.1666664722222546,0.6923076390532585,23.0,2026-02-13,0
2026-02-13 18:22:10.203,0.0,4.0,5.0,4.0,3.0,2.0,0.0,0.0,23.0,60.0,0.799999840000032,1.799999640000072,0.0,18.0,2026-02-13,0
2026-02-13 18:22:11.214,1.0,4.0,4.0,13.0,12.0,1.0,0.0,0.0,23.0,56.0,0.3076922840236705,1.3076922071005996,0.0333333322222222,35.0,2026-02-13,0
2026-02-13 18:22:12.220,0.0,4.0,1.0,3.0,2.0,0.0,0.0,0.0,11.0,51.0,1.9999990000005,1.9999990000005,0.0,10.0,2026-02-13,1
2026-02-13 18:22:13.225,5.0,3.0,7.0,4.0,6.0,1.0,0.0,0.0,21.0,54.0,0.4285713673469475,1.5714283469388075,0.2777777623456798,26.0,2026-02-13,1
2026-02-13 18:22:14.231,1.0,2.0,2.0,5.0,5.0,1.0,0.0,1.0,16.0,56.0,0.333333277777787,1.1666664722222546,0.0769230710059176,17.0,2026-02-13,0
2026-02-13 18:22:15.234,28.0,16.0,0.0,3.0,20.0,1.0,1.0,0.0,14.0,34.0,0.7619047256235845,0.142857136054422,1.1666666180555576,69.0,2026-02-13,1
2026-02-13 18:22:16.241,1.0,0.0,0.0,2.0,1.0,0.0,0.0,0.0,21.0,40.0,0.0,1.999998000002,0.3333332222222592,4.0,2026-02-13,0
2026-02-13 18:22:17.249,2.0,1.0,2.0,5.0,4.0,3.0,0.0,1.0,34.0,38.0,0.1428571224489825,0.9999998571428776,0.1428571326530619,18.0,2026-02-13,0
2026-02-13 18:22:18.255,2.0,6.0,4.0,7.0,6.0,2.0,0.0,0.0,34.0,37.0,0.7499999062500118,1.3749998281250215,0.1052631523545709,27.0,2026-02-13,0
2026-02-13 18:22:19.261,5.0,6.0,7.0,0.0,4.0,0.0,0.0,0.0,29.0,56.0,1.4999996250000938,1.7499995625001092,0.4545454132231443,22.0,2026-02-13,1
2026-02-13 18:22:20.273,3.0,2.0,8.0,8.0,1.0,2.0,0.0,1.0,34.0,64.0,0.6666664444445185,5.333331555556148,0.1578947285318563,25.0,2026-02-13,0
2026-02-13 18:22:21.277,0.0,1.0,1.0,2.0,1.0,2.0,1.0,0.0,37.0,63.0,0.3333332222222592,0.9999996666667778,0.0,8.0,2026-02-13,0
2026-02-13 18:22:22.286,2.0,0.0,0.0,0.0,1.0,0.0,0.0,0.0,41.0,63.0,0.0,0.0,1.999998000002,3.0,2026-02-13,0
2026-02-13 18:22:23.289,14.0,13.0,6.0,12.0,2.0,1.0,0.0,0.0,41.0,61.0,4.33333188888937,5.999998000000667,0.6666666349206364,48.0,2026-02-13,1
2026-02-13 18:22:24.292,2.0,4.0,2.0,4.0,1.0,2.0,1.0,1.0,44.0,50.0,1.333332888889037,1.9999993333335555,0.2222221975308669,17.0,2026-02-13,0
2026-02-13 18:22:25.295,1.0,2.0,1.0,1.0,2.0,3.0,0.0,0.0,43.0,44.0,0.399999920000016,0.399999920000016,0.1428571224489825,10.0,2026-02-13,0
2026-02-13 18:22:26.304,5.0,0.0,5.0,5.0,3.0,1.0,0.0,0.0,40.0,60.0,0.0,2.499999375000156,0.3571428316326549,19.0,2026-02-13,0
2026-02-13 18:22:27.310,1.0,2.0,7.0,7.0,1.0,0.0,1.0,1.0,41.0,74.0,1.999998000002,13.999986000014,0.0666666622222225,20.0,2026-02-13,0
2026-02-13 18:22:28.325,1.0,5.0,2.0,0.0,5.0,2.0,0.0,0.0,41.0,63.0,0.7142856122449125,0.285714244897965,0.1111110987654334,15.0,2026-02-13,0
2026-02-13 18:22:29.328,0.0,1.0,5.0,7.0,3.0,1.0,0.0,1.0,29.0,78.0,0.2499999375000156,2.9999992500001875,0.0,18.0,2026-02-13,1
2026-02-13 18:22:30.337,1.0,4.0,1.0,5.0,1.0,1.0,0.0,0.0,27.0,60.0,1.9999990000005,2.99999850000075,0.1249999843750019,13.0,2026-02-13,1
2026-02-13 18:22:31.344,0.0,2.0,2.0,3.0,1.0,0.0,0.0,0.0,27.0,53.0,1.999998000002,4.999995000005001,0.0,8.0,2026-02-13,0
2026-02-13 18:22:32.353,1.0,2.0,2.0,24.0,15.0,1.0,1.0,1.0,20.0,70.0,0.1249999921875004,1.6249998984375065,0.0238095232426304,47.0,2026-02-13,0
2026-02-13 18:22:33.362,1.0,6.0,0.0,9.0,6.0,1.0,1.0,0.0,16.0,57.0,0.857142734693895,1.2857141020408425,0.0624999960937502,24.0,2026-02-13,0
2026-02-13 18:22:34.365,2.0,2.0,1.0,3.0,1.0,1.0,0.0,0.0,21.0,60.0,0.99999950000025,1.9999990000005,0.333333277777787,10.0,2026-02-13,0
2026-02-13 18:22:35.369,2.0,1.0,4.0,22.0,6.0,1.0,0.0,0.0,23.0,70.0,0.1428571224489825,3.714285183673545,0.0606060587695133,36.0,2026-02-13,0
2026-02-13 18:22:36.372,1.0,2.0,1.0,2.0,3.0,1.0,0.0,1.0,26.0,61.0,0.4999998750000312,0.7499998125000469,0.1428571224489825,11.0,2026-02-13,0
2026-02-13 18:22:37.376,1.0,2.0,2.0,2.0,2.0,0.0,0.0,0.0,23.0,64.0,0.99999950000025,1.9999990000005,0.1666666388888935,9.0,2026-02-13,0
2026-02-13 18:22:38.384,2.0,4.0,2.0,4.0,4.0,1.0,0.0,1.0,20.0,63.0,0.799999840000032,1.199999760000048,0.1818181652892577,18.0,2026-02-13,0
2026-02-13 18:22:39.389,3.0,1.0,2.0,1.0,2.0,1.0,0.0,0.0,27.0,50.0,0.3333332222222592,0.9999996666667778,0.4999999166666805,10.0,2026-02-13,0
2026-02-13 18:22:40.392,2.0,14.0,3.0,1.0,2.0,6.0,0.0,0.0,30.0,38.0,1.7499997812500274,0.4999999375000079,0.1666666527777789,28.0,2026-02-13,0
2026-02-13 18:22:41.399,1.0,5.0,5.0,7.0,1.0,0.0,0.0,0.0,29.0,41.0,4.999995000005001,11.999988000012,0.0769230710059176,19.0,2026-02-13,1
2026-02-13 18:22:42.408,1.0,3.0,6.0,3.0,3.0,1.0,0.0,0.0,29.0,48.0,0.7499998125000469,2.2499994375001404,0.0769230710059176,17.0,2026-02-13,1
2026-02-13 18:22:43.416,1.0,3.0,2.0,2.0,10.0,1.0,0.0,1.0,29.0,37.0,0.2727272479338866,0.3636363305785154,0.0666666622222225,20.0,2026-02-13,0
2026-02-13 18:22:44.424,2.0,1.0,2.0,1.0,1.0,1.0,0.0,0.0,27.0,53.0,0.499999750000125,1.499999250000375,0.399999920000016,8.0,2026-02-13,0
2026-02-13 18:22:45.440,1.0,0.0,0.0,1.0,0.0,0.0,0.0,0.0,41.0,54.0,0.0,1000000.0,0.999999000001,2.0,2026-02-13,0
2026-02-13 18:22:46.445,1.0,2.0,5.0,1.0,2.0,1.0,1.0,1.0,34.0,64.0,0.6666664444445185,1.9999993333335555,0.1111110987654334,14.0,2026-02-13,0
2026-02-13 18:22:47.448,2.0,2.0,2.0,12.0,0.0,2.0,0.0,0.0,30.0,75.0,0.99999950000025,6.99999650000175,0.1249999921875004,20.0,2026-02-13,1
2026-02-13 18:22:48.451,2.0,1.0,0.0,7.0,0.0,1.0,1.0,0.0,38.0,70.0,0.999999000001,6.9999930000070005,0.2499999687500039,12.0,2026-02-13,0
2026-02-13 18:22:49.456,0.0,1.0,1.0,1.0,5.0,0.0,0.0,0.0,37.0,69.0,0.199999960000008,0.399999920000016,0.0,8.0,2026-02-13,0
2026-02-13 18:22:50.463,0.0,4.0,4.0,27.0,3.0,3.0,1.0,1.0,40.0,75.0,0.6666665555555741,5.166665805555699,0.0,43.0,2026-02-13,0
2026-02-13 18:22:51.464,1.0,5.0,1.0,8.0,9.0,0.0,1.0,2.0,30.0,61.0,0.5555554938271674,0.9999998888889012,0.0555555524691359,27.0,2026-02-13,0
2026-02-13 18:22:52.470,15.0,4.0,2.0,2.0,5.0,2.0,0.0,1.0,30.0,48.0,0.57142848979593,0.57142848979593,1.3636362396694328,31.0,2026-02-13,1
2026-02-13 18:22:53.476,2.0,7.0,3.0,8.0,3.0,2.0,0.0,0.0,34.0,50.0,1.399999720000056,2.199999560000088,0.1249999921875004,25.0,2026-02-13,0
2026-02-13 18:22:54.480,5.0,5.0,4.0,1.0,2.0,3.0,0.0,1.0,38.0,38.0,0.99999980000004,0.99999980000004,0.499999950000005,21.0,2026-02-13,0
2026-02-13 18:22:55.487,3.0,2.0,6.0,7.0,3.0,1.0,0.0,0.0,43.0,51.0,0.4999998750000312,3.2499991875002032,0.1764705778546718,22.0,2026-02-13,0
2026-02-13 18:22:56.497,0.0,1.0,7.0,5.0,7.0,4.0,0.0,0.0,47.0,66.0,0.0909090826446288,1.0909089917355463,0.0,24.0,2026-02-13,0
2026-02-13 18:22:57.497,1.0,1.0,4.0,6.0,2.0,3.0,0.0,1.0,56.0,77.0,0.199999960000008,1.99999960000008,0.0666666622222225,18.0,2026-02-13,0
2026-02-13 18:22:58.502,1.0,1.0,2.0,5.0,2.0,1.0,0.0,1.0,51.0,87.0,0.3333332222222592,2.333332555555814,0.099999990000001,13.0,2026-02-13,0
2026-02-13 18:22:59.508,2.0,3.0,5.0,8.0,8.0,1.0,0.0,0.0,48.0,83.0,0.3333332962963004,1.4444442839506353,0.0909090867768596,27.0,2026-02-13,0
2026-02-13 18:23:00.510,0.0,3.0,5.0,6.0,2.0,1.0,0.0,0.0,38.0,81.0,0.9999996666667778,3.666665444444852,0.0,17.0,2026-02-13,1
2026-02-13 18:23:01.513,3.0,4.0,4.0,30.0,10.0,2.0,1.0,1.0,26.0,80.0,0.3333333055555579,2.833333097222242,0.0652173898865784,55.0,2026-02-13,1
2026-02-13 18:23:02.519,7.0,11.0,3.0,3.0,1.0,2.0,1.0,1.0,24.0,63.0,3.666665444444852,1.9999993333335555,0.7777776913580343,29.0,2026-02-13,1
2026-02-13 18:23:03.526,0.0,0.0,2.0,1.0,3.0,0.0,0.0,0.0,34.0,61.0,0.0,0.9999996666667778,0.0,6.0,2026-02-13,0
2026-02-13 18:23:04.530,0.0,2.0,1.0,2.0,2.0,1.0,0.0,0.0,37.0,54.0,0.6666664444445185,0.9999996666667778,0.0,8.0,2026-02-13,0
2026-02-13 18:23:05.544,0.0,1.0,0.0,1.0,2.0,2.0,0.0,1.0,51.0,43.0,0.2499999375000156,0.2499999375000156,0.0,7.0,2026-02-13,0
2026-02-13 18:23:06.547,1.0,3.0,7.0,2.0,12.0,1.0,0.0,0.0,48.0,51.0,0.2307692130177528,0.6923076390532585,0.0454545433884298,26.0,2026-02-13,0
2026-02-13 18:23:07.553,1.0,2.0,0.0,4.0,2.0,1.0,0.0,2.0,47.0,47.0,0.6666664444445185,1.333332888889037,0.1428571224489825,12.0,2026-02-13,0
2026-02-13 18:23:08.568,1.0,6.0,4.0,2.0,1.0,1.0,0.0,1.0,43.0,43.0,2.99999850000075,2.99999850000075,0.1249999843750019,16.0,2026-02-13,1
2026-02-13 18:23:09.575,0.0,1.0,0.0,4.0,4.0,3.0,0.0,0.0,43.0,50.0,0.1428571224489825,0.57142848979593,0.0,12.0,2026-02-13,0
2026-02-13 18:23:10.583,2.0,2.0,4.0,5.0,3.0,1.0,1.0,2.0,44.0,56.0,0.4999998750000312,2.2499994375001404,0.1538461420118352,20.0,2026-02-13,0
2026-02-13 18:23:11.588,14.0,16.0,2.0,9.0,8.0,5.0,0.0,1.0,43.0,48.0,1.230769136094682,0.8461537810650938,0.5833333090277788,55.0,2026-02-13,0
2026-02-13 18:23:12.595,1.0,5.0,4.0,11.0,5.0,2.0,0.0,1.0,44.0,53.0,0.7142856122449125,2.1428568367347376,0.0454545433884298,29.0,2026-02-13,0
2026-02-13 18:23:13.600,9.0,3.0,3.0,12.0,3.0,3.0,0.0,1.0,37.0,60.0,0.4999999166666805,2.4999995833334028,0.4285714081632663,34.0,2026-02-13,0
2026-02-13 18:23:14.606,1.0,6.0,2.0,16.0,4.0,1.0,0.0,1.0,30.0,56.0,1.199999760000048,3.599999280000144,0.0434782589792061,31.0,2026-02-13,0
2026-02-13 18:23:15.621,2.0,7.0,6.0,21.0,7.0,13.0,0.0,0.0,41.0,67.0,0.3499999825000008,1.3499999325000034,0.0425531905839746,56.0,2026-02-13,0
2026-02-13 18:23:16.626,2.0,2.0,2.0,4.0,5.0,0.0,0.0,0.0,40.0,66.0,0.399999920000016,1.199999760000048,0.1818181652892577,15.0,2026-02-13,0
2026-02-13 18:23:17.635,3.0,7.0,5.0,8.0,11.0,0.0,1.0,1.0,23.0,57.0,0.636363578512402,1.1818180743801752,0.1249999947916668,36.0,2026-02-13,0
2026-02-13 18:23:18.651,23.0,5.0,1.0,2.0,12.0,1.0,0.0,0.0,29.0,43.0,0.3846153550295881,0.2307692130177528,1.4374999101562556,44.0,2026-02-13,1
2026-02-13 18:23:19.655,1.0,4.0,4.0,1.0,2.0,0.0,0.0,1.0,13.0,41.0,1.9999990000005,2.499998750000625,0.1428571224489825,13.0,2026-02-13,1
2026-02-13 18:23:20.662,7.0,1.0,3.0,1.0,0.0,0.0,0.0,0.0,11.0,50.0,1000000.0,3000000.0,1.7499995625001092,12.0,2026-02-13,1
2026-02-13 18:23:21.665,0.0,1.0,3.0,4.0,2.0,1.0,0.0,1.0,29.0,60.0,0.3333332222222592,2.333332555555814,0.0,12.0,2026-02-13,0
2026-02-13 18:23:22.670,0.0,1.0,1.0,2.0,0.0,1.0,0.0,1.0,34.0,70.0,0.999999000001,2.9999970000030003,0.0,6.0,2026-02-13,1
2026-02-13 18:23:23.675,2.0,3.0,1.0,1.0,1.0,0.0,1.0,0.0,38.0,63.0,2.9999970000030003,1.999998000002,0.6666664444445185,9.0,2026-02-13,1
2026-02-13 18:23:24.682,1.0,2.0,1.0,3.0,9.0,0.0,0.0,0.0,41.0,50.0,0.2222221975308669,0.4444443950617339,0.0769230710059176,16.0,2026-02-13,0
2026-02-13 18:23:25.684,1.0,5.0,0.0,2.0,1.0,2.0,0.0,0.0,41.0,29.0,1.666666111111296,0.6666664444445185,0.199999960000008,11.0,2026-02-13,0
2026-02-13 18:23:26.691,1.0,1.0,3.0,3.0,6.0,3.0,1.0,1.0,48.0,30.0,0.1111110987654334,0.6666665925926009,0.0666666622222225,19.0,2026-02-13,0
2026-02-13 18:23:27.694,1.0,1.0,4.0,8.0,6.0,2.0,0.0,0.0,54.0,47.0,0.1249999843750019,1.4999998125000236,0.0499999975000001,22.0,2026-02-13,0
2026-02-13 18:23:28.699,0.0,4.0,3.0,2.0,0.0,0.0,0.0,1.0,48.0,50.0,3000000.0,3000000.0,0.0,10.0,2026-02-13,1
2026-02-13 18:23:29.707,4.0,1.0,5.0,2.0,0.0,1.0,1.0,0.0,43.0,69.0,0.999999000001,6.9999930000070005,0.4999999375000079,14.0,2026-02-13,0
2026-02-13 18:23:30.711,1.0,8.0,4.0,3.0,4.0,1.0,0.0,1.0,27.0,61.0,1.599999680000064,1.399999720000056,0.0833333263888894,22.0,2026-02-13,0
2026-02-13 18:23:31.717,1.0,2.0,0.0,6.0,2.0,1.0,0.0,0.0,26.0,54.0,0.6666664444445185,1.9999993333335555,0.1111110987654334,12.0,2026-02-13,0
2026-02-13 18:23:32.728,0.0,5.0,0.0,2.0,2.0,1.0,1.0,0.0,34.0,44.0,1.666666111111296,0.6666664444445185,0.0,11.0,2026-02-13,1
2026-02-13 18:23:33.733,0.0,3.0,2.0,29.0,11.0,0.0,0.0,0.0,21.0,47.0,0.2727272479338866,2.8181815619834945,0.0,45.0,2026-02-13,0
2026-02-13 18:23:34.736,9.0,5.0,2.0,3.0,6.0,2.0,0.0,1.0,29.0,47.0,0.6249999218750099,0.6249999218750099,0.6923076390532585,28.0,2026-02-13,1
2026-02-13 18:23:35.741,8.0,2.0,3.0,9.0,3.0,1.0,0.0,1.0,21.0,51.0,0.4999998750000312,2.9999992500001875,0.4999999687500019,27.0,2026-02-13,1
2026-02-13 18:23:36.743,7.0,4.0,8.0,8.0,3.0,3.0,0.0,1.0,24.0,69.0,0.6666665555555741,2.6666662222222963,0.3181818037190089,34.0,2026-02-13,1
2026-02-13 18:23:37.744,2.0,1.0,0.0,4.0,0.0,1.0,0.0,0.0,43.0,66.0,0.999999000001,3.999996000004,0.399999920000016,8.0,2026-02-13,0
2026-02-13 18:23:38.746,5.0,2.0,1.0,7.0,5.0,1.0,0.0,0.0,40.0,75.0,0.333333277777787,1.3333331111111482,0.3571428316326549,21.0,2026-02-13,0
2026-02-13 18:23:39.752,2.0,8.0,0.0,8.0,3.0,2.0,0.0,1.0,41.0,61.0,1.599999680000064,1.599999680000064,0.1538461420118352,24.0,2026-02-13,0
2026-02-13 18:23:40.758,1.0,5.0,1.0,8.0,5.0,1.0,0.0,0.0,37.0,53.0,0.8333331944444675,1.4999997500000417,0.0666666622222225,21.0,2026-02-13,0
2026-02-13 18:23:41.765,0.0,2.0,4.0,1.0,3.0,4.0,1.0,1.0,43.0,48.0,0.285714244897965,0.7142856122449125,0.0,16.0,2026-02-13,0
2026-02-13 18:23:42.775,0.0,1.0,0.0,2.0,2.0,1.0,0.0,0.0,50.0,47.0,0.3333332222222592,0.6666664444445185,0.0,6.0,2026-02-13,0
2026-02-13 18:23:43.777,1.0,1.0,3.0,4.0,1.0,1.0,0.0,0.0,54.0,60.0,0.499999750000125,3.499998250000875,0.1111110987654334,11.0,2026-02-13,0
2026-02-13 18:23:44.783,1.0,6.0,4.0,1.0,2.0,4.0,0.0,1.0,61.0,56.0,0.9999998333333612,0.8333331944444675,0.0909090826446288,19.0,2026-02-13,0
2026-02-13 18:23:45.784,2.0,1.0,12.0,4.0,2.0,3.0,1.0,1.0,53.0,69.0,0.199999960000008,3.199999360000128,0.095238090702948,26.0,2026-02-13,0
2026-02-13 18:23:46.787,0.0,2.0,1.0,13.0,3.0,1.0,0.0,0.0,48.0,77.0,0.4999998750000312,3.4999991250002185,0.0,20.0,2026-02-13,0
2026-02-13 18:23:47.796,3.0,3.0,4.0,4.0,3.0,1.0,0.0,0.0,40.0,70.0,0.7499998125000469,1.999999500000125,0.2499999791666684,18.0,2026-02-13,1
2026-02-13 18:23:48.799,0.0,2.0,0.0,4.0,1.0,2.0,0.0,1.0,41.0,77.0,0.6666664444445185,1.333332888889037,0.0,10.0,2026-02-13,0
2026-02-13 18:23:49.801,2.0,3.0,3.0,6.0,8.0,5.0,1.0,1.0,48.0,63.0,0.2307692130177528,0.6923076390532585,0.0909090867768596,29.0,2026-02-13,0
2026-02-13 18:23:50.807,1.0,2.0,3.0,6.0,21.0,1.0,0.0,1.0,51.0,53.0,0.0909090867768596,0.4090908904958686,0.0322580634755463,35.0,2026-02-13,0
2026-02-13 18:23:51.814,0.0,2.0,4.0,1.0,1.0,0.0,1.0,1.0,53.0,54.0,1.999998000002,4.999995000005001,0.0,10.0,2026-02-13,0
2026-02-13 18:23:52.819,0.0,1.0,7.0,2.0,3.0,2.0,0.0,0.0,48.0,64.0,0.199999960000008,1.799999640000072,0.0,15.0,2026-02-13,0
2026-02-13 18:23:53.823,0.0,6.0,0.0,4.0,4.0,2.0,0.0,1.0,40.0,54.0,0.9999998333333612,0.6666665555555741,0.0,17.0,2026-02-13,0
2026-02-13 18:23:54.826,2.0,6.0,3.0,7.0,2.0,1.0,0.0,0.0,34.0,54.0,1.9999993333335555,3.3333322222225923,0.1538461420118352,21.0,2026-02-13,1
2026-02-13 18:23:55.832,1.0,4.0,1.0,8.0,6.0,2.0,0.0,1.0,40.0,51.0,0.4999999375000079,1.1249998593750177,0.0588235259515572,23.0,2026-02-13,0
2026-02-13 18:23:56.839,0.0,4.0,0.0,17.0,2.0,2.0,0.0,1.0,38.0,44.0,0.9999997500000624,4.249998937500266,0.0,26.0,2026-02-13,0
2026-02-13 18:23:57.843,1.0,2.0,9.0,5.0,6.0,2.0,1.0,1.0,37.0,63.0,0.2499999687500039,1.7499997812500274,0.0454545433884298,27.0,2026-02-13,0
2026-02-13 18:23:58.854,0.0,1.0,0.0,2.0,3.0,1.0,0.0,1.0,50.0,57.0,0.2499999375000156,0.4999998750000312,0.0,8.0,2026-02-13,0
2026-02-13 18:23:59.863,2.0,1.0,1.0,2.0,5.0,2.0,2.0,0.0,56.0,54.0,0.1428571224489825,0.4285713673469475,0.199999980000002,15.0,2026-02-13,0
2026-02-13 18:24:00.867,2.0,2.0,2.0,1.0,5.0,1.0,0.0,0.0,60.0,50.0,0.333333277777787,0.4999999166666805,0.2222221975308669,13.0,2026-02-13,0
2026-02-13 18:24:01.876,3.0,5.0,1.0,6.0,3.0,2.0,0.0,0.0,61.0,38.0,0.99999980000004,1.399999720000056,0.2499999791666684,20.0,2026-02-13,0
2026-02-13 18:24:02.883,2.0,1.0,6.0,1.0,1.0,1.0,1.0,0.0,56.0,54.0,0.499999750000125,3.499998250000875,0.2222221975308669,13.0,2026-02-13,0
2026-02-13 18:24:03.889,0.0,2.0,6.0,4.0,11.0,2.0,0.0,2.0,47.0,61.0,0.1538461420118352,0.7692307100591762,0.0,27.0,2026-02-13,0
2026-02-13 18:24:04.898,1.0,6.0,4.0,2.0,4.0,0.0,0.0,0.0,35.0,57.0,1.4999996250000938,1.4999996250000938,0.099999990000001,17.0,2026-02-13,1
2026-02-13 18:24:05.902,18.0,6.0,8.0,0.0,1.0,3.0,0.0,0.0,34.0,61.0,1.4999996250000938,1.999999500000125,1.4999998750000103,36.0,2026-02-13,1
2026-02-13 18:24:06.905,7.0,9.0,6.0,4.0,3.0,0.0,0.0,0.0,17.0,48.0,2.9999990000003334,3.3333322222225923,0.5384614970414233,29.0,2026-02-13,1
2026-02-13 18:24:07.909,5.0,3.0,0.0,0.0,2.0,1.0,0.0,0.0,20.0,29.0,0.9999996666667778,0.0,1.666666111111296,11.0,2026-02-13,1
2026-02-13 18:24:08.916,2.0,7.0,1.0,10.0,4.0,3.0,0.0,1.0,29.0,34.0,0.9999998571428776,1.5714283469388075,0.1111111049382719,28.0,2026-02-13,0
2026-02-13 18:24:09.917,6.0,5.0,1.0,20.0,9.0,1.0,0.0,0.0,23.0,38.0,0.499999950000005,2.0999997900000213,0.193548380853278,42.0,2026-02-13,1
2026-02-13 18:24:10.925,6.0,1.0,0.0,1.0,2.0,0.0,0.0,0.0,41.0,34.0,0.499999750000125,0.499999750000125,1.9999993333335555,10.0,2026-02-13,0
2026-02-13 18:24:11.937,1.0,6.0,5.0,5.0,2.0,3.0,0.0,0.0,43.0,48.0,1.199999760000048,1.99999960000008,0.0666666622222225,22.0,2026-02-13,0
2026-02-13 18:24:12.940,0.0,3.0,1.0,3.0,1.0,1.0,0.0,0.0,41.0,50.0,1.499999250000375,1.9999990000005,0.0,9.0,2026-02-13,0
2026-02-13 18:24:13.946,2.0,2.0,0.0,3.0,9.0,1.0,1.0,0.0,47.0,38.0,0.199999980000002,0.299999970000003,0.1538461420118352,18.0,2026-02-13,0
2026-02-13 18:24:14.952,1.0,1.0,2.0,0.0,2.0,1.0,1.0,0.0,47.0,47.0,0.3333332222222592,0.6666664444445185,0.199999960000008,8.0,2026-02-13,0
2026-02-13 18:24:15.958,4.0,1.0,2.0,3.0,3.0,0.0,0.0,0.0,43.0,50.0,0.3333332222222592,1.666666111111296,0.4999999375000079,13.0,2026-02-13,0
2026-02-13 18:24:16.963,1.0,3.0,0.0,5.0,3.0,1.0,0.0,1.0,44.0,50.0,0.7499998125000469,1.249999687500078,0.1111110987654334,14.0,2026-02-13,0
2026-02-13 18:24:17.964,1.0,1.0,1.0,1.0,4.0,0.0,0.0,0.0,47.0,53.0,0.2499999375000156,0.4999998750000312,0.1666666388888935,8.0,2026-02-13,0
2026-02-13 18:24:18.971,1.0,7.0,3.0,10.0,1.0,1.0,0.0,1.0,37.0,51.0,3.499998250000875,6.499996750001625,0.0666666622222225,24.0,2026-02-13,1
2026-02-13 18:24:19.975,0.0,1.0,0.0,4.0,3.0,0.0,0.0,1.0,43.0,50.0,0.3333332222222592,1.333332888889037,0.0,9.0,2026-02-13,0
2026-02-13 18:24:20.988,0.0,2.0,7.0,2.0,0.0,1.0,1.0,0.0,37.0,57.0,1.999998000002,8.999991000009,0.0,13.0,2026-02-13,0
2026-02-13 18:24:21.993,4.0,4.0,1.0,3.0,3.0,2.0,0.0,1.0,37.0,53.0,0.799999840000032,0.799999840000032,0.4444443950617339,18.0,2026-02-13,0
2026-02-13 18:24:22.996,18.0,4.0,1.0,3.0,7.0,1.0,0.0,0.0,41.0,48.0,0.4999999375000079,0.4999999375000079,1.4999998750000103,34.0,2026-02-13,0
2026-02-13 18:24:24.000,0.0,2.0,0.0,1.0,5.0,1.0,0.0,0.0,41.0,38.0,0.333333277777787,0.1666666388888935,0.0,9.0,2026-02-13,0
2026-02-13 18:24:25.002,2.0,1.0,3.0,6.0,2.0,1.0,0.0,0.0,44.0,38.0,0.3333332222222592,2.9999990000003334,0.1666666527777789,15.0,2026-02-13,0
2026-02-13 18:24:26.007,0.0,1.0,0.0,3.0,3.0,1.0,0.0,0.0,44.0,44.0,0.2499999375000156,0.7499998125000469,0.0,8.0,2026-02-13,0
2026-02-13 18:24:27.011,0.0,3.0,4.0,5.0,8.0,2.0,1.0,0.0,44.0,53.0,0.299999970000003,0.8999999100000091,0.0,23.0,2026-02-13,0
2026-02-13 18:24:28.023,2.0,3.0,3.0,12.0,3.0,1.0,2.0,1.0,37.0,69.0,0.7499998125000469,3.749999062500234,0.1052631523545709,27.0,2026-02-13,0
2026-02-13 18:24:29.030,0.0,4.0,2.0,3.0,2.0,1.0,0.0,1.0,51.0,60.0,1.333332888889037,1.666666111111296,0.0,13.0,2026-02-13,0
2026-02-13 18:24:30.037,2.0,2.0,1.0,0.0,3.0,1.0,0.0,0.0,56.0,48.0,0.4999998750000312,0.2499999375000156,0.399999920000016,9.0,2026-02-13,0
2026-02-13 18:24:31.041,0.0,1.0,4.0,4.0,2.0,1.0,0.0,0.0,64.0,50.0,0.3333332222222592,2.666665777778074,0.0,12.0,2026-02-13,0
2026-02-13 18:24:32.047,6.0,3.0,6.0,1.0,2.0,1.0,1.0,0.0,44.0,53.0,0.9999996666667778,2.333332555555814,0.599999940000006,20.0,2026-02-13,1
2026-02-13 18:24:33.054,0.0,2.0,3.0,2.0,1.0,2.0,0.0,0.0,51.0,56.0,0.6666664444445185,1.666666111111296,0.0,10.0,2026-02-13,0
2026-02-13 18:24:34.056,4.0,5.0,3.0,11.0,3.0,1.0,0.0,1.0,40.0,67.0,1.249999687500078,3.4999991250002185,0.2222222098765439,28.0,2026-02-13,1
2026-02-13 18:24:35.063,3.0,4.0,3.0,8.0,2.0,2.0,0.0,0.0,41.0,63.0,0.9999997500000624,2.749999312500172,0.1999999866666675,22.0,2026-02-13,0
2026-02-13 18:24:36.075,4.0,0.0,2.0,2.0,1.0,0.0,0.0,0.0,37.0,67.0,0.0,3.999996000004,0.799999840000032,9.0,2026-02-13,0
2026-02-13 18:24:37.077,1.0,1.0,1.0,3.0,1.0,0.0,0.0,1.0,26.0,70.0,0.999999000001,3.999996000004,0.199999960000008,8.0,2026-02-13,1
2026-02-13 18:24:38.092,1.0,2.0,1.0,9.0,1.0,1.0,0.0,1.0,26.0,77.0,0.99999950000025,4.99999750000125,0.0833333263888894,16.0,2026-02-13,1
2026-02-13 18:24:39.095,2.0,2.0,1.0,0.0,2.0,1.0,0.0,0.0,29.0,67.0,0.6666664444445185,0.3333332222222592,0.4999998750000312,8.0,2026-02-13,0
2026-02-13 18:24:40.100,0.0,0.0,0.0,0.0,0.0,0.0,0.0,1.0,44.0,54.0,0.0,0.0,0.0,1.0,2026-02-13,0
2026-02-13 18:24:41.105,1.0,1.0,4.0,4.0,3.0,2.0,0.0,1.0,54.0,57.0,0.199999960000008,1.599999680000064,0.0769230710059176,16.0,2026-02-13,0
2026-02-13 18:24:42.111,2.0,6.0,2.0,2.0,7.0,5.0,1.0,1.0,67.0,41.0,0.4999999583333368,0.3333333055555579,0.1249999921875004,26.0,2026-02-13,0
2026-02-13 18:24:43.114,1.0,3.0,2.0,1.0,2.0,2.0,0.0,1.0,69.0,41.0,0.7499998125000469,0.7499998125000469,0.1428571224489825,12.0,2026-02-13,0
2026-02-13 18:24:44.120,8.0,7.0,4.0,3.0,1.0,3.0,0.0,1.0,61.0,43.0,1.7499995625001092,1.7499995625001092,0.7272726611570308,27.0,2026-02-13,1
2026-02-13 18:24:45.127,1.0,2.0,2.0,1.0,3.0,2.0,0.0,0.0,64.0,35.0,0.399999920000016,0.599999880000024,0.1249999843750019,11.0,2026-02-13,0
2026-02-13 18:24:46.137,0.0,1.0,2.0,1.0,2.0,3.0,0.0,0.0,67.0,47.0,0.199999960000008,0.599999880000024,0.0,9.0,2026-02-13,0
2026-02-13 18:24:47.146,1.0,6.0,4.0,6.0,3.0,2.0,0.0,1.0,61.0,48.0,1.199999760000048,1.99999960000008,0.0666666622222225,23.0,2026-02-13,0
2026-02-13 18:24:48.154,2.0,5.0,1.0,7.0,10.0,2.0,0.0,0.0,61.0,48.0,0.4166666319444473,0.6666666111111158,0.0999999950000002,27.0,2026-02-13,0
2026-02-13 18:24:49.166,2.0,3.0,7.0,8.0,7.0,2.0,0.0,0.0,51.0,56.0,0.3333332962963004,1.6666664814815022,0.0833333298611112,29.0,2026-02-13,0
2026-02-13 18:24:50.171,3.0,3.0,5.0,9.0,1.0,0.0,0.0,0.0,29.0,61.0,2.9999970000030003,13.999986000014,0.1999999866666675,21.0,2026-02-13,1
2026-02-13 18:24:51.184,0.0,2.0,3.0,6.0,4.0,0.0,0.0,1.0,14.0,69.0,0.4999998750000312,2.2499994375001404,0.0,16.0,2026-02-13,0
2026-02-13 18:24:52.185,3.0,1.0,0.0,1.0,1.0,0.0,0.0,0.0,13.0,67.0,0.999999000001,0.999999000001,1.499999250000375,6.0,2026-02-13,0
2026-02-13 18:24:53.191,21.0,3.0,5.0,5.0,8.0,1.0,0.0,0.0,10.0,64.0,0.3333332962963004,1.1111109876543348,1.1052630997229946,43.0,2026-02-13,1
2026-02-13 18:24:54.207,9.0,1.0,6.0,7.0,5.0,0.0,0.0,1.0,13.0,67.0,0.199999960000008,2.599999480000104,0.4999999722222237,29.0,2026-02-13,0
2026-02-13 18:24:55.208,5.0,2.0,7.0,10.0,9.0,1.0,0.0,1.0,20.0,70.0,0.199999980000002,1.6999998300000172,0.1851851783264748,35.0,2026-02-13,1
2026-02-13 18:24:56.214,16.0,1.0,4.0,5.0,3.0,1.0,0.0,0.0,20.0,84.0,0.2499999375000156,2.2499994375001404,1.230769136094682,30.0,2026-02-13,1
2026-02-13 18:24:57.221,8.0,3.0,2.0,1.0,2.0,1.0,0.0,0.0,26.0,77.0,0.9999996666667778,0.9999996666667778,1.3333331111111482,17.0,2026-02-13,1
2026-02-13 18:24:58.225,4.0,4.0,4.0,4.0,1.0,1.0,0.0,1.0,29.0,66.0,1.9999990000005,3.999998000001,0.399999960000004,19.0,2026-02-13,1
2026-02-13 18:24:59.232,11.0,3.0,5.0,13.0,4.0,4.0,1.0,1.0,41.0,64.0,0.3749999531250059,2.249999718750036,0.4230769068047343,42.0,2026-02-13,0
2026-02-13 18:25:00.234,63.0,4.0,4.0,14.0,3.0,2.0,1.0,1.0,41.0,61.0,0.799999840000032,3.599999280000144,2.739130315689986,92.0,2026-02-13,0
2026-02-13 18:25:01.247,3.0,3.0,3.0,7.0,3.0,3.0,0.0,0.0,44.0,70.0,0.4999999166666805,1.666666388888935,0.1874999882812507,22.0,2026-02-13,0
2026-02-13 18:25:02.253,4.0,9.0,2.0,5.0,1.0,1.0,0.0,1.0,38.0,63.0,4.499997750001125,3.499998250000875,0.4444443950617339,23.0,2026-02-13,1
2026-02-13 18:25:03.255,2.0,3.0,4.0,2.0,0.0,0.0,0.0,1.0,23.0,57.0,3000000.0,3000000.0,0.333333277777787,12.0,2026-02-13,1
2026-02-13 18:25:04.259,2.0,2.0,0.0,1.0,6.0,0.0,0.0,0.0,23.0,41.0,0.333333277777787,0.1666666388888935,0.285714244897965,11.0,2026-02-13,0
2026-02-13 18:25:05.264,1.0,1.0,0.0,1.0,1.0,2.0,0.0,0.0,29.0,30.0,0.3333332222222592,0.3333332222222592,0.2499999375000156,6.0,2026-02-13,0
2026-02-13 18:25:06.271,1.0,3.0,1.0,2.0,1.0,0.0,0.0,0.0,34.0,35.0,2.9999970000030003,2.9999970000030003,0.2499999375000156,8.0,2026-02-13,1
2026-02-13 18:25:07.280,0.0,3.0,0.0,3.0,2.0,0.0,0.0,1.0,41.0,24.0,1.499999250000375,1.499999250000375,0.0,9.0,2026-02-13,0
2026-02-13 18:25:08.284,3.0,3.0,8.0,3.0,6.0,0.0,0.0,1.0,35.0,41.0,0.4999999166666805,1.8333330277778288,0.1764705778546718,24.0,2026-02-13,0
2026-02-13 18:25:09.293,3.0,3.0,3.0,3.0,1.0,1.0,0.0,1.0,21.0,50.0,1.499999250000375,2.99999850000075,0.3749999531250059,15.0,2026-02-13,1
2026-02-13 18:25:10.296,2.0,6.0,6.0,11.0,11.0,2.0,0.0,1.0,20.0,53.0,0.4615384260355057,1.3076922071005996,0.0666666644444445,39.0,2026-02-13,0
2026-02-13 18:25:11.306,3.0,4.0,1.0,4.0,4.0,1.0,1.0,1.0,17.0,53.0,0.799999840000032,0.99999980000004,0.299999970000003,19.0,2026-02-13,0
2026-02-13 18:25:12.312,2.0,3.0,5.0,2.0,8.0,3.0,1.0,0.0,29.0,48.0,0.2727272479338866,0.636363578512402,0.1111111049382719,24.0,2026-02-13,0
2026-02-13 18:25:13.322,4.0,1.0,0.0,4.0,3.0,2.0,1.0,1.0,41.0,47.0,0.199999960000008,0.799999840000032,0.4444443950617339,16.0,2026-02-13,0
2026-02-13 18:25:14.329,2.0,1.0,1.0,2.0,1.0,2.0,1.0,1.0,53.0,47.0,0.3333332222222592,0.9999996666667778,0.333333277777787,11.0,2026-02-13,0
2026-02-13 18:25:15.333,0.0,2.0,3.0,2.0,1.0,0.0,1.0,0.0,51.0,56.0,1.999998000002,4.999995000005001,0.0,9.0,2026-02-13,0
2026-02-13 18:25:16.337,1.0,2.0,3.0,2.0,1.0,1.0,0.0,0.0,44.0,60.0,0.99999950000025,2.499998750000625,0.1428571224489825,10.0,2026-02-13,0
2026-02-13 18:25:17.340,1.0,1.0,1.0,1.0,9.0,4.0,0.0,0.0,53.0,51.0,0.0769230710059176,0.1538461420118352,0.0666666622222225,17.0,2026-02-13,0
2026-02-13 18:25:18.343,1.0,2.0,2.0,4.0,9.0,0.0,0.0,1.0,44.0,50.0,0.2222221975308669,0.6666665925926009,0.0666666622222225,19.0,2026-02-13,0
2026-02-13 18:25:19.351,5.0,0.0,0.0,2.0,2.0,1.0,0.0,0.0,60.0,50.0,0.0,0.6666664444445185,0.99999980000004,10.0,2026-02-13,0
2026-02-13 18:25:20.354,3.0,1.0,5.0,1.0,1.0,2.0,0.0,1.0,66.0,56.0,0.3333332222222592,1.9999993333335555,0.3333332962963004,14.0,2026-02-13,0
2026-02-13 18:25:21.367,2.0,1.0,2.0,4.0,1.0,3.0,2.0,1.0,63.0,70.0,0.2499999375000156,1.4999996250000938,0.199999980000002,16.0,2026-02-13,0
2026-02-13 18:25:22.368,1.0,1.0,2.0,1.0,1.0,3.0,0.0,1.0,80.0,74.0,0.2499999375000156,0.7499998125000469,0.1428571224489825,10.0,2026-02-13,0
2026-02-13 18:25:23.376,0.0,0.0,7.0,0.0,2.0,0.0,0.0,0.0,67.0,84.0,0.0,3.499998250000875,0.0,9.0,2026-02-13,0
2026-02-13 18:25:24.381,1.0,2.0,0.0,1.0,3.0,4.0,1.0,0.0,75.0,66.0,0.285714244897965,0.1428571224489825,0.1249999843750019,12.0,2026-02-13,0
2026-02-13 18:25:25.382,0.0,1.0,0.0,10.0,13.0,1.0,0.0,1.0,64.0,60.0,0.0714285663265309,0.7142856632653098,0.0,26.0,2026-02-13,0
2026-02-13 18:25:26.389,1.0,1.0,2.0,2.0,1.0,2.0,0.0,1.0,56.0,61.0,0.3333332222222592,1.333332888889037,0.1428571224489825,10.0,2026-02-13,0
2026-02-13 18:25:27.394,5.0,4.0,1.0,5.0,16.0,3.0,0.0,0.0,63.0,40.0,0.2105263047091418,0.3157894570637127,0.1999999920000003,34.0,2026-02-13,0
2026-02-13 18:25:28.401,0.0,2.0,5.0,3.0,2.0,2.0,0.0,0.0,54.0,54.0,0.4999998750000312,1.999999500000125,0.0,14.0,2026-02-13,0
2026-02-13 18:25:29.406,10.0,0.0,0.0,6.0,1.0,1.0,0.0,0.0,56.0,64.0,0.0,2.99999850000075,1.2499998437500195,18.0,2026-02-13,0
2026-02-13 18:25:30.413,2.0,4.0,2.0,2.0,2.0,1.0,1.0,0.0,51.0,57.0,1.333332888889037,1.333332888889037,0.285714244897965,14.0,2026-02-13,0
2026-02-13 18:25:31.421,1.0,6.0,3.0,22.0,3.0,1.0,1.0,0.0,40.0,70.0,1.4999996250000938,6.24999843750039,0.034482757431629,37.0,2026-02-13,1
2026-02-13 18:25:32.421,1.0,0.0,1.0,2.0,0.0,0.0,0.0,0.0,30.0,75.0,0.0,3000000.0,0.3333332222222592,4.0,2026-02-13,1
2026-02-13 18:25:33.424,0.0,1.0,0.0,5.0,1.0,1.0,1.0,1.0,29.0,67.0,0.499999750000125,2.499998750000625,0.0,10.0,2026-02-13,0
2026-02-13 18:25:34.430,0.0,1.0,6.0,2.0,5.0,1.0,0.0,0.0,26.0,78.0,0.1666666388888935,1.3333331111111482,0.0,15.0,2026-02-13,0
2026-02-13 18:25:35.434,0.0,3.0,1.0,5.0,1.0,0.0,1.0,1.0,29.0,70.0,2.9999970000030003,5.999994000006001,0.0,12.0,2026-02-13,1
2026-02-13 18:25:36.443,3.0,2.0,0.0,5.0,6.0,1.0,0.0,0.0,35.0,60.0,0.285714244897965,0.7142856122449125,0.2499999791666684,17.0,2026-02-13,0
2026-02-13 18:25:37.447,1.0,9.0,6.0,9.0,6.0,2.0,0.0,0.0,30.0,56.0,1.1249998593750177,1.8749997656250292,0.0434782589792061,33.0,2026-02-13,0
2026-02-13 18:25:38.451,0.0,5.0,0.0,3.0,2.0,0.0,0.0,0.0,21.0,41.0,2.499998750000625,1.499999250000375,0.0,10.0,2026-02-13,1
2026-02-13 18:25:39.455,2.0,2.0,4.0,9.0,4.0,1.0,0.0,1.0,24.0,50.0,0.399999920000016,2.599999480000104,0.1111111049382719,23.0,2026-02-13,0
2026-02-13 18:25:40.461,2.0,1.0,2.0,4.0,1.0,1.0,0.0,1.0,23.0,60.0,0.499999750000125,2.99999850000075,0.2499999687500039,12.0,2026-02-13,0
2026-02-13 18:25:41.467,0.0,4.0,6.0,8.0,1.0,1.0,0.0,1.0,21.0,66.0,1.9999990000005,6.99999650000175,0.0,21.0,2026-02-13,1
2026-02-13 18:25:42.474,0.0,0.0,7.0,1.0,5.0,2.0,0.0,0.0,40.0,84.0,0.0,1.14285697959186,0.0,15.0,2026-02-13,0
2026-02-13 18:25:43.480,0.0,11.0,6.0,2.0,3.0,1.0,0.0,1.0,35.0,70.0,2.749999312500172,1.999999500000125,0.0,24.0,2026-02-13,1
2026-02-13 18:25:44.485,2.0,4.0,4.0,2.0,4.0,2.0,0.0,0.0,37.0,61.0,0.6666665555555741,0.9999998333333612,0.1666666527777789,18.0,2026-02-13,0
2026-02-13 18:25:45.490,0.0,2.0,4.0,1.0,3.0,0.0,0.0,1.0,37.0,57.0,0.6666664444445185,1.666666111111296,0.0,11.0,2026-02-13,0
2026-02-13 18:25:46.498,3.0,4.0,1.0,5.0,5.0,1.0,0.0,0.0,29.0,41.0,0.6666665555555741,0.9999998333333612,0.2499999791666684,19.0,2026-02-13,0
2026-02-13 18:25:47.505,3.0,3.0,1.0,3.0,1.0,2.0,0.0,0.0,40.0,44.0,0.9999996666667778,1.333332888889037,0.4285713673469475,13.0,2026-02-13,0
2026-02-13 18:25:48.514,6.0,6.0,2.0,8.0,16.0,3.0,0.0,1.0,41.0,40.0,0.3157894570637127,0.5263157617728547,0.2068965445897743,42.0,2026-02-13,0
2026-02-13 18:25:49.521,2.0,1.0,0.0,3.0,2.0,2.0,0.0,1.0,54.0,35.0,0.2499999375000156,0.7499998125000469,0.285714244897965,11.0,2026-02-13,0
2026-02-13 18:25:50.530,0.0,1.0,5.0,1.0,2.0,0.0,0.0,0.0,51.0,48.0,0.499999750000125,2.99999850000075,0.0,9.0,2026-02-13,0
2026-02-13 18:25:51.533,15.0,2.0,2.0,1.0,4.0,3.0,1.0,3.0,56.0,47.0,0.285714244897965,0.4285713673469475,1.4999998500000151,31.0,2026-02-13,0
2026-02-13 18:25:52.542,1.0,3.0,2.0,5.0,8.0,1.0,0.0,0.0,53.0,53.0,0.3333332962963004,0.7777776913580343,0.0624999960937502,20.0,2026-02-13,0
2026-02-13 18:25:53.543,1.0,3.0,3.0,6.0,4.0,0.0,0.0,0.0,38.0,57.0,0.7499998125000469,2.2499994375001404,0.0769230710059176,17.0,2026-02-13,0
2026-02-13 18:25:54.545,1.0,2.0,2.0,4.0,2.0,5.0,0.0,1.0,54.0,50.0,0.285714244897965,0.857142734693895,0.0769230710059176,17.0,2026-02-13,0
2026-02-13 18:25:55.554,1.0,2.0,1.0,2.0,3.0,1.0,0.0,0.0,51.0,47.0,0.4999998750000312,0.7499998125000469,0.1428571224489825,10.0,2026-02-13,0
2026-02-13 18:25:56.556,4.0,2.0,4.0,6.0,2.0,0.0,0.0,0.0,41.0,56.0,0.99999950000025,4.99999750000125,0.3333333055555579,18.0,2026-02-13,0
2026-02-13 18:25:57.565,2.0,7.0,2.0,7.0,9.0,1.0,1.0,1.0,41.0,48.0,0.699999930000007,0.8999999100000091,0.1052631523545709,30.0,2026-02-13,0
2026-02-13 18:25:58.572,2.0,4.0,1.0,9.0,1.0,1.0,1.0,1.0,23.0,48.0,1.9999990000005,4.99999750000125,0.1666666527777789,20.0,2026-02-13,1
2026-02-13 18:25:59.577,3.0,4.0,5.0,5.0,4.0,1.0,0.0,0.0,13.0,56.0,0.799999840000032,1.99999960000008,0.1999999866666675,22.0,2026-02-13,0
2026-02-13 18:26:00.580,4.0,1.0,0.0,0.0,0.0,0.0,0.0,0.0,20.0,47.0,1000000.0,0.0,4000000.0,5.0,2026-02-13,1
2026-02-13 18:26:01.586,0.0,3.0,4.0,2.0,2.0,0.0,0.0,0.0,17.0,54.0,1.499999250000375,2.99999850000075,0.0,11.0,2026-02-13,1
2026-02-13 18:26:02.594,25.0,5.0,9.0,1.0,12.0,3.0,0.0,0.0,23.0,57.0,0.3333333111111126,0.6666666222222252,0.9999999600000016,55.0,2026-02-13,1
2026-02-13 18:26:03.600,25.0,5.0,9.0,1.0,12.0,3.0,0.0,0.0,23.0,57.0,0.3333333111111126,0.6666666222222252,0.9999999600000016,55.0,2026-02-13,1
2026-02-13 18:26:04.605,0.0,2.0,1.0,1.0,1.0,1.0,0.0,0.0,40.0,60.0,0.99999950000025,0.99999950000025,0.0,6.0,2026-02-13,0
2026-02-13 18:26:05.608,0.0,2.0,3.0,4.0,0.0,1.0,0.0,0.0,47.0,61.0,1.999998000002,6.9999930000070005,0.0,10.0,2026-02-13,0
2026-02-13 18:26:06.610,0.0,0.0,5.0,6.0,2.0,0.0,0.0,0.0,41.0,80.0,0.0,5.499997250001375,0.0,13.0,2026-02-13,0
2026-02-13 18:26:07.617,0.0,3.0,4.0,6.0,1.0,1.0,0.0,0.0,35.0,77.0,1.499999250000375,4.99999750000125,0.0,15.0,2026-02-13,1
2026-02-13 18:26:08.632,1.0,8.0,5.0,4.0,11.0,2.0,0.0,1.0,26.0,75.0,0.615384568047341,0.6923076390532585,0.0454545433884298,32.0,2026-02-13,1
2026-02-13 18:26:09.637,12.0,4.0,2.0,8.0,4.0,4.0,1.0,1.0,29.0,66.0,0.4999999375000079,1.2499998437500195,0.6666666296296316,36.0,2026-02-13,1
2026-02-13 18:26:10.640,2.0,6.0,1.0,1.0,6.0,1.0,0.0,0.0,29.0,34.0,0.857142734693895,0.285714244897965,0.2222221975308669,17.0,2026-02-13,0
2026-02-13 18:26:11.642,2.0,4.0,0.0,2.0,0.0,1.0,0.0,0.0,38.0,17.0,3.999996000004,1.999998000002,0.6666664444445185,9.0,2026-02-13,1
2026-02-13 18:26:12.648,2.0,4.0,2.0,1.0,1.0,1.0,0.0,0.0,43.0,17.0,1.9999990000005,1.499999250000375,0.399999920000016,11.0,2026-02-13,0
2026-02-13 18:26:13.658,3.0,4.0,7.0,14.0,3.0,2.0,0.0,1.0,34.0,26.0,0.799999840000032,4.199999160000168,0.1153846109467457,34.0,2026-02-13,0
2026-02-13 18:26:14.663,3.0,1.0,1.0,11.0,24.0,2.0,0.0,0.0,41.0,40.0,0.0384615369822485,0.4615384437869829,0.0789473663434903,42.0,2026-02-13,0
2026-02-13 18:26:15.675,1.0,0.0,0.0,1.0,2.0,0.0,1.0,1.0,44.0,44.0,0.0,0.499999750000125,0.3333332222222592,6.0,2026-02-13,0
2026-02-13 18:26:16.682,0.0,0.0,3.0,1.0,4.0,0.0,0.0,0.0,47.0,56.0,0.0,0.9999997500000624,0.0,8.0,2026-02-13,0
2026-02-13 18:26:17.689,0.0,3.0,8.0,11.0,4.0,2.0,0.0,2.0,48.0,60.0,0.4999999166666805,3.166666138888977,0.0,30.0,2026-02-13,0
2026-02-13 18:26:18.696,1.0,1.0,3.0,13.0,18.0,2.0,1.0,1.0,47.0,63.0,0.0499999975000001,0.799999960000002,0.0277777770061728,40.0,2026-02-13,0
2026-02-13 18:26:19.698,1.0,2.0,4.0,12.0,1.0,2.0,0.0,1.0,40.0,78.0,0.6666664444445185,5.333331555556148,0.0526315761772854,23.0,2026-02-13,0
2026-02-13 18:26:20.711,2.0,3.0,6.0,11.0,10.0,2.0,0.0,0.0,37.0,78.0,0.2499999791666684,1.416666548611121,0.0689655148632581,34.0,2026-02-13,0
2026-02-13 18:26:21.718,0.0,9.0,5.0,3.0,3.0,1.0,0.0,0.0,29.0,64.0,2.2499994375001404,1.999999500000125,0.0,21.0,2026-02-13,1
2026-02-13 18:26:22.733,1.0,2.0,4.0,0.0,0.0,1.0,0.0,1.0,30.0,63.0,1.999998000002,3.999996000004,0.199999960000008,9.0,2026-02-13,0
2026-02-13 18:26:23.742,2.0,2.0,9.0,2.0,4.0,0.0,1.0,0.0,24.0,60.0,0.4999998750000312,2.749999312500172,0.133333324444445,20.0,2026-02-13,0
2026-02-13 18:26:24.746,1.0,3.0,6.0,8.0,3.0,3.0,0.0,0.0,30.0,63.0,0.4999999166666805,2.333332944444509,0.0499999975000001,24.0,2026-02-13,0
2026-02-13 18:26:25.749,1.0,11.0,1.0,5.0,2.0,2.0,0.0,0.0,34.0,54.0,2.749999312500172,1.4999996250000938,0.099999990000001,22.0,2026-02-13,1
2026-02-13 18:26:26.752,1.0,5.0,5.0,0.0,1.0,2.0,0.0,0.0,30.0,51.0,1.666666111111296,1.666666111111296,0.1249999843750019,14.0,2026-02-13,1
2026-02-13 18:26:27.758,0.0,0.0,6.0,1.0,2.0,1.0,0.0,1.0,41.0,56.0,0.0,2.333332555555814,0.0,11.0,2026-02-13,0
2026-02-13 18:26:28.762,0.0,0.0,5.0,2.0,2.0,1.0,0.0,0.0,40.0,60.0,0.0,2.333332555555814,0.0,10.0,2026-02-13,0
2026-02-13 18:26:29.769,0.0,1.0,1.0,2.0,4.0,1.0,1.0,1.0,53.0,69.0,0.199999960000008,0.599999880000024,0.0,11.0,2026-02-13,0
2026-02-13 18:26:30.774,1.0,4.0,5.0,3.0,2.0,2.0,0.0,1.0,53.0,74.0,0.9999997500000624,1.999999500000125,0.0833333263888894,18.0,2026-02-13,1
2026-02-13 18:26:31.780,2.0,1.0,1.0,2.0,2.0,2.0,0.0,0.0,60.0,61.0,0.2499999375000156,0.7499998125000469,0.285714244897965,10.0,2026-02-13,0
2026-02-13 18:26:32.782,1.0,1.0,4.0,2.0,2.0,3.0,0.0,0.0,64.0,56.0,0.199999960000008,1.199999760000048,0.0909090826446288,13.0,2026-02-13,0
2026-02-13 18:26:33.786,0.0,1.0,3.0,2.0,1.0,1.0,1.0,0.0,60.0,63.0,0.499999750000125,2.499998750000625,0.0,9.0,2026-02-13,0
2026-02-13 18:26:34.791,1.0,1.0,2.0,4.0,1.0,1.0,1.0,0.0,64.0,67.0,0.499999750000125,2.99999850000075,0.1249999843750019,11.0,2026-02-13,0
2026-02-13 18:26:35.798,3.0,1.0,2.0,6.0,19.0,1.0,0.0,1.0,57.0,61.0,0.0499999975000001,0.399999980000001,0.1071428533163266,33.0,2026-02-13,0
2026-02-13 18:26:36.808,2.0,2.0,0.0,1.0,1.0,1.0,0.0,1.0,56.0,50.0,0.99999950000025,0.499999750000125,0.6666664444445185,8.0,2026-02-13,0
2026-02-13 18:26:37.816,1.0,4.0,2.0,4.0,2.0,0.0,1.0,0.0,48.0,43.0,1.9999990000005,2.99999850000075,0.1249999843750019,14.0,2026-02-13,0
2026-02-13 18:26:38.820,6.0,1.0,0.0,1.0,0.0,0.0,0.0,0.0,43.0,40.0,1000000.0,1000000.0,5.999994000006001,8.0,2026-02-13,1
2026-02-13 18:26:39.823,1.0,2.0,4.0,3.0,5.0,1.0,0.0,0.0,40.0,47.0,0.333333277777787,1.1666664722222546,0.0769230710059176,16.0,2026-02-13,0
2026-02-13 18:26:40.837,0.0,1.0,1.0,10.0,2.0,3.0,1.0,0.0,41.0,63.0,0.199999960000008,2.199999560000088,0.0,18.0,2026-02-13,0
2026-02-13 18:26:41.840,0.0,1.0,0.0,1.0,3.0,3.0,0.0,0.0,64.0,56.0,0.1666666388888935,0.1666666388888935,0.0,8.0,2026-02-13,0
2026-02-13 18:26:42.849,1.0,2.0,3.0,2.0,1.0,1.0,0.0,1.0,64.0,57.0,0.99999950000025,2.499998750000625,0.1428571224489825,11.0,2026-02-13,0
2026-02-13 18:26:43.854,4.0,0.0,1.0,2.0,0.0,0.0,0.0,0.0,63.0,60.0,0.0,3000000.0,1.333332888889037,7.0,2026-02-13,0
2026-02-13 18:26:44.857,3.0,2.0,7.0,5.0,5.0,1.0,0.0,0.0,48.0,57.0,0.333333277777787,1.999999666666722,0.1666666574074079,23.0,2026-02-13,0
2026-02-13 18:26:45.865,17.0,3.0,1.0,2.0,1.0,5.0,0.0,0.0,43.0,61.0,0.4999999166666805,0.4999999166666805,1.888888679012369,29.0,2026-02-13,0
2026-02-13 18:26:46.874,7.0,3.0,3.0,10.0,4.0,1.0,0.0,1.0,41.0,63.0,0.599999880000024,2.599999480000104,0.3888888672839518,29.0,2026-02-13,0
2026-02-13 18:26:47.879,5.0,23.0,4.0,5.0,2.0,3.0,0.0,2.0,40.0,43.0,4.599999080000184,1.799999640000072,0.3571428316326549,44.0,2026-02-13,1
2026-02-13 18:26:48.885,2.0,0.0,2.0,1.0,1.0,0.0,0.0,0.0,47.0,43.0,0.0,2.9999970000030003,0.4999998750000312,6.0,2026-02-13,0
2026-02-13 18:26:49.899,5.0,1.0,0.0,0.0,0.0,0.0,0.0,0.0,38.0,41.0,1000000.0,0.0,4279999.999999746,6.0,2026-02-13,1
2026-02-13 18:26:50.904,3.0,4.0,0.0,6.0,0.0,1.0,0.0,0.0,38.0,35.0,3.999996000004,5.999994000006001,0.4285713673469475,14.0,2026-02-13,1
2026-02-13 18:26:51.909,2.0,2.0,5.0,19.0,5.0,1.0,0.0,0.0,38.0,60.0,0.333333277777787,3.999999333333444,0.0666666644444445,34.0,2026-02-13,0
2026-02-13 18:26:52.913,3.0,4.0,6.0,2.0,7.0,1.0,1.0,0.0,37.0,53.0,0.4999999375000079,0.9999998750000156,0.1874999882812507,24.0,2026-02-13,0
2026-02-13 18:26:53.918,6.0,14.0,1.0,6.0,1.0,1.0,0.0,0.0,20.0,50.0,6.99999650000175,3.499998250000875,0.6666665925926009,29.0,2026-02-13,1
2026-02-13 18:26:54.921,2.0,1.0,2.0,0.0,3.0,1.0,0.0,0.0,29.0,51.0,0.2499999375000156,0.4999998750000312,0.333333277777787,9.0,2026-02-13,0
2026-02-13 18:26:55.928,1.0,1.0,3.0,4.0,4.0,0.0,0.0,0.0,34.0,47.0,0.2499999375000156,1.7499995625001092,0.0909090826446288,13.0,2026-02-13,0
2026-02-13 18:26:56.930,2.0,7.0,0.0,1.0,5.0,0.0,0.0,1.0,26.0,27.0,1.399999720000056,0.199999960000008,0.333333277777787,16.0,2026-02-13,0
2026-02-13 18:26:57.938,1.0,2.0,2.0,1.0,2.0,5.0,0.0,1.0,54.0,37.0,0.285714244897965,0.4285713673469475,0.099999990000001,14.0,2026-02-13,0
2026-02-13 18:26:58.943,1.0,4.0,2.0,4.0,2.0,1.0,0.0,0.0,41.0,37.0,1.333332888889037,1.9999993333335555,0.1111110987654334,14.0,2026-02-13,0
2026-02-13 18:26:59.952,0.0,2.0,3.0,5.0,1.0,1.0,0.0,1.0,44.0,35.0,0.99999950000025,3.999998000001,0.0,13.0,2026-02-13,0
2026-02-13 18:27:00.961,2.0,5.0,5.0,3.0,1.0,1.0,0.0,0.0,47.0,53.0,2.499998750000625,3.999998000001,0.199999980000002,17.0,2026-02-13,0
2026-02-13 18:27:01.972,1.0,2.0,1.0,7.0,3.0,1.0,1.0,1.0,34.0,60.0,0.4999998750000312,1.999999500000125,0.0833333263888894,17.0,2026-02-13,0
2026-02-13 18:27:02.976,1.0,3.0,3.0,16.0,2.0,1.0,2.0,0.0,30.0,69.0,0.9999996666667778,6.333331222222926,0.0454545433884298,28.0,2026-02-13,1
2026-02-13 18:27:03.979,0.0,3.0,2.0,2.0,1.0,1.0,1.0,2.0,34.0,61.0,1.499999250000375,1.9999990000005,0.0,12.0,2026-02-13,1
2026-02-13 18:27:04.986,1.0,1.0,1.0,3.0,1.0,1.0,0.0,0.0,43.0,63.0,0.499999750000125,1.9999990000005,0.1666666388888935,8.0,2026-02-13,0
2026-02-13 18:27:05.988,1.0,2.0,1.0,9.0,18.0,2.0,0.0,0.0,43.0,57.0,0.0999999950000002,0.4999999750000012,0.0333333322222222,33.0,2026-02-13,0
2026-02-13 18:27:06.995,2.0,0.0,2.0,3.0,8.0,1.0,0.0,1.0,50.0,51.0,0.0,0.5555554938271674,0.1428571326530619,17.0,2026-02-13,0
2026-02-13 18:27:08.004,1.0,2.0,4.0,2.0,1.0,0.0,0.0,0.0,35.0,56.0,1.999998000002,5.999994000006001,0.1428571224489825,10.0,2026-02-13,0
2026-02-13 18:27:09.010,3.0,3.0,1.0,15.0,5.0,1.0,1.0,0.0,29.0,61.0,0.4999999166666805,2.6666662222222963,0.1363636301652895,29.0,2026-02-13,0
2026-02-13 18:27:10.014,2.0,2.0,3.0,1.0,1.0,1.0,0.0,0.0,29.0,63.0,0.99999950000025,1.9999990000005,0.333333277777787,10.0,2026-02-13,0
2026-02-13 18:27:11.022,5.0,1.0,2.0,7.0,8.0,5.0,1.0,1.0,43.0,64.0,0.0769230710059176,0.6923076390532585,0.2272727169421492,30.0,2026-02-13,0
2026-02-13 18:27:12.027,3.0,10.0,0.0,23.0,1.0,8.0,0.0,0.0,60.0,60.0,1.1111109876543348,2.55555527160497,0.0937499970703126,45.0,2026-02-13,0
2026-02-13 18:27:13.031,6.0,2.0,5.0,4.0,8.0,2.0,0.0,1.0,63.0,54.0,0.199999980000002,0.8999999100000091,0.3157894570637127,28.0,2026-02-13,0
2026-02-13 18:27:14.037,6.0,2.0,0.0,8.0,3.0,0.0,1.0,0.0,50.0,57.0,0.6666664444445185,2.666665777778074,0.5454544958677732,20.0,2026-02-13,0
2026-02-13 18:27:15.047,5.0,17.0,0.0,3.0,4.0,3.0,0.0,0.0,34.0,35.0,2.428571081632702,0.4285713673469475,0.499999950000005,32.0,2026-02-13,1
2026-02-13 18:27:16.051,12.0,9.0,1.0,2.0,14.0,3.0,7.0,2.0,29.0,17.0,0.5294117335640156,0.1764705778546718,0.5999999700000015,50.0,2026-02-13,1
2026-02-13 18:27:17.059,15.0,16.0,5.0,6.0,6.0,6.0,9.0,7.0,30.0,7.0,1.3333332222222316,0.9166665902777842,0.6521738846880919,70.0,2026-02-13,1
2026-02-13 18:27:18.065,20.0,2.0,0.0,2.0,0.0,1.0,2.0,2.0,50.0,3.0,1.999998000002,1.999998000002,6.666664444445185,29.0,2026-02-13,0
2026-02-13 18:27:19.075,23.0,2.0,0.0,0.0,1.0,1.0,1.0,2.0,54.0,8.0,0.99999950000025,0.0,11.499994250002874,30.0,2026-02-13,0
2026-02-13 18:27:20.079,31.0,23.0,7.0,6.0,6.0,4.0,5.0,10.0,48.0,14.0,2.299999770000023,1.299999870000013,1.34782602835539,92.0,2026-02-13,0
2026-02-13 18:27:21.081,3.0,2.0,0.0,1.0,0.0,1.0,1.0,1.0,53.0,16.0,1.999998000002,0.999999000001,1.499999250000375,9.0,2026-02-13,0
2026-02-13 18:27:22.087,16.0,7.0,1.0,1.0,3.0,5.0,3.0,2.0,54.0,3.0,0.8749998906250137,0.2499999687500039,1.5999998400000162,38.0,2026-02-13,0
2026-02-13 18:27:23.093,9.0,13.0,2.0,2.0,5.0,2.0,2.0,4.0,48.0,4.0,1.8571425918367723,0.57142848979593,0.8181817438016598,39.0,2026-02-13,0
2026-02-13 18:27:24.101,23.0,9.0,4.0,3.0,6.0,6.0,5.0,2.0,60.0,8.0,0.7499999375000053,0.5833332847222263,1.2105262520775657,58.0,2026-02-13,0
2026-02-13 18:27:25.106,21.0,7.0,3.0,1.0,2.0,1.0,2.0,3.0,51.0,4.0,2.333332555555814,1.333332888889037,2.9999995714286327,40.0,2026-02-13,1
2026-02-13 18:27:26.117,4.0,4.0,1.0,3.0,9.0,5.0,5.0,5.0,54.0,10.0,0.2857142653061239,0.2857142653061239,0.2222222098765439,36.0,2026-02-13,0
2026-02-13 18:27:27.134,9.0,9.0,0.0,3.0,2.0,2.0,2.0,8.0,57.0,11.0,2.2499994375001404,0.7499998125000469,1.2857141020408425,35.0,2026-02-13,1
2026-02-13 18:27:28.148,19.0,0.0,5.0,3.0,3.0,5.0,7.0,13.0,63.0,27.0,0.0,0.9999998750000156,1.1874999257812546,55.0,2026-02-13,0
2026-02-13 18:27:29.163,91.0,78.0,16.0,16.0,9.0,11.0,11.0,25.0,57.0,24.0,3.8999998050000095,1.599999920000004,1.7499999663461543,257.0,2026-02-13,1
2026-02-13 18:27:30.171,10.0,1.0,0.0,0.0,1.0,1.0,0.0,4.0,54.0,26.0,0.499999750000125,0.0,4.99999750000125,17.0,2026-02-13,0
2026-02-13 18:27:32.198,54.0,95.0,20.0,100.0,33.0,100.0,80.0,79.0,63.0,35.0,0.7142857089151451,0.9022556323138674,0.2134387343342342,561.0,2026-02-13,0
2026-02-13 18:27:33.223,72.0,100.0,100.0,82.0,100.0,77.0,100.0,100.0,56.0,24.0,0.5649717482204986,1.0282485817613074,0.2005571025054119,731.0,2026-02-13,0
2026-02-13 18:27:34.225,33.0,7.0,3.0,5.0,3.0,6.0,19.0,21.0,69.0,30.0,0.7777776913580343,0.8888887901234679,1.9411763564013904,97.0,2026-02-13,0
2026-02-13 18:27:35.231,2.0,0.0,0.0,0.0,0.0,0.0,0.0,0.0,60.0,34.0,0.0,0.0,2000000.0,2.0,2026-02-13,0
2026-02-13 18:27:36.242,0.0,4.0,6.0,4.0,1.0,1.0,3.0,2.0,38.0,27.0,1.9999990000005,4.99999750000125,0.0,21.0,2026-02-13,0
2026-02-13 18:27:37.256,5.0,3.0,1.0,2.0,0.0,1.0,1.0,1.0,29.0,29.0,2.9999970000030003,2.9999970000030003,1.249999687500078,14.0,2026-02-13,1
2026-02-13 18:27:38.266,3.0,4.0,5.0,3.0,2.0,1.0,1.0,2.0,27.0,38.0,1.333332888889037,2.666665777778074,0.2727272479338866,21.0,2026-02-13,1
2026-02-13 18:27:39.270,3.0,1.0,7.0,0.0,1.0,3.0,2.0,1.0,37.0,63.0,0.2499999375000156,1.7499995625001092,0.2727272479338866,18.0,2026-02-13,0
2026-02-13 18:27:40.270,3.0,0.0,0.0,0.0,0.0,0.0,0.0,0.0,50.0,51.0,0.0,0.0,3000000.0,3.0,2026-02-13,0
2026-02-13 18:27:41.283,0.0,3.0,0.0,3.0,2.0,2.0,1.0,1.0,57.0,50.0,0.7499998125000469,0.7499998125000469,0.0,12.0,2026-02-13,0
